time_sec,frame,pred_0,pred_1,pred_2,pred_3,pred_4,pred_5,pred_6,pred_7,pred_8,pred_9,pred_10,pred_11,pred_12,pred_13,pred_14,pred_15,pred_16,pred_17,pred_18,pred_19,pred_20,pred_21,pred_22,pred_23,pred_24,pred_25,pred_26,pred_27
2.033333,122,6.444136619567871,12.093415260314941,9.14609146118164,6.292649745941162,6.722936153411865,16.555908203125,18.683425903320312,8.747106552124023,4.048989295959473,29.476924896240234,32.31905746459961,12.127910614013672,-2.0692262649536133,16.785579681396484,24.58481788635254,21.232707977294922,2.005732297897339,-2.926058053970337,7.091741561889648,22.78120231628418,1.165616750717163,-0.9074822068214417,6.96034049987793,4.552586078643799,1.9652531147003174,-0.5725618004798889,3.036975860595703,2.020212411880493
2.050000,123,6.081051826477051,12.42456340789795,9.719503402709961,6.925741672515869,6.617486476898193,15.360837936401367,18.929887771606445,9.874999046325684,4.401529312133789,27.60152816772461,31.802825927734375,14.005599975585938,-1.9796698093414307,16.574359893798828,26.277822494506836,24.74974250793457,2.333855390548706,-2.9516732692718506,9.098265647888184,25.77949333190918,1.524261713027954,-0.37214696407318115,7.509607791900635,4.134013652801514,1.9934473037719727,-0.7937993407249451,3.1741576194763184,1.4464402198791504
2.066667,124,8.641427040100098,11.045479774475098,8.97098159790039,5.334013938903809,7.9784650802612305,20.275285720825195,16.8312931060791,4.624684810638428,3.754793882369995,38.200286865234375,36.47457504272461,9.43508243560791,0.4745052456855774,22.43087387084961,25.84906005859375,19.691831588745117,3.8245091438293457,2.2442610263824463,5.573634147644043,19.407318115234375,0.6564966440200806,-0.9196739792823792,8.04853630065918,5.940298557281494,2.5684728622436523,0.4822550415992737,2.5448288917541504,1.0890241861343384
2.083333,125,9.645003318786621,12.327685356140137,9.73689079284668,6.986110687255859,9.851058006286621,21.348926544189453,16.838027954101562,5.7990217208862305,4.433993339538574,41.08431625366211,38.641849517822266,11.776992797851562,2.585327386856079,27.041213989257812,30.234161376953125,27.519893646240234,6.416579723358154,8.355237007141113,10.091229438781738,25.406402587890625,0.614843487739563,0.8943204283714294,10.881943702697754,6.295169830322266,2.8380398750305176,1.1001176834106445,3.6710057258605957,-1.059556245803833
2.100000,126,9.633295059204102,12.304703712463379,9.723280906677246,6.9696784019470215,9.830028533935547,21.32655906677246,16.81446075439453,5.783751964569092,4.407205581665039,41.035850524902344,38.6029167175293,11.734916687011719,2.5436525344848633,26.982378005981445,30.17644691467285,27.431591033935547,6.390321254730225,8.30341625213623,10.046592712402344,25.342695236206055,0.6167011857032776,0.8953929543495178,10.869610786437988,6.297603607177734,2.8405444622039795,1.0904581546783447,3.649930477142334,-1.045760154724121
2.116667,127,9.704801559448242,12.412840843200684,9.775891304016113,7.0300421714782715,9.957301139831543,21.44257164001465,16.859237670898438,5.846405029296875,4.468276023864746,41.216732025146484,38.72020721435547,11.833712577819824,2.70517635345459,27.256027221679688,30.40090560913086,27.699525833129883,6.5837225914001465,8.615378379821777,10.211075782775879,25.598764419555664,0.6673778295516968,0.9924641847610474,11.006891250610352,6.331711769104004,2.8313558101654053,1.075884222984314,3.712510108947754,-1.0910930633544922
2.133333,128,9.694869041442871,12.401307106018066,9.765661239624023,7.017654895782471,9.947623252868652,21.435352325439453,16.85264015197754,5.829998016357422,4.48406982421875,41.22665786743164,38.72271728515625,11.841432571411133,2.722496271133423,27.273969650268555,30.412050247192383,27.688095092773438,6.580329895019531,8.598268508911133,10.200127601623535,25.573564529418945,0.6582626104354858,0.9755964279174805,10.98813247680664,6.3181071281433105,2.8318238258361816,1.090225100517273,3.706451892852783,-1.0947279930114746
2.150000,129,9.717900276184082,12.435807228088379,9.783385276794434,7.034585952758789,9.979398727416992,21.46094512939453,16.851154327392578,5.83717155456543,4.48463249206543,41.23405838012695,38.70829772949219,11.85076904296875,2.7640581130981445,27.30429458618164,30.42844009399414,27.752328872680664,6.621519565582275,8.691763877868652,10.240641593933105,25.62401580810547,0.6836496591567993,1.0077505111694336,11.017306327819824,6.326608657836914,2.8298451900482178,1.079276442527771,3.716078281402588,-1.115072250366211
2.166667,130,9.700742721557617,12.418183326721191,9.771843910217285,7.023749828338623,9.96288776397705,21.441486358642578,16.84771728515625,5.830016613006592,4.498286247253418,41.249961853027344,38.734779357910156,11.86272144317627,2.750741720199585,27.299047470092773,30.430877685546875,27.734956741333008,6.593062877655029,8.628807067871094,10.221190452575684,25.599964141845703,0.6669005155563354,0.9923427700996399,11.002233505249023,6.314237117767334,2.8331446647644043,1.09748113155365,3.7124853134155273,-1.1145529747009277
2.183333,131,9.717209815979004,12.45238971710205,9.795084953308105,7.060102939605713,9.992447853088379,21.464336395263672,16.87464141845703,5.886119842529297,4.494131088256836,41.25905990600586,38.7529296875,11.901436805725098,2.7633233070373535,27.352304458618164,30.502275466918945,27.879308700561523,6.639367580413818,8.727492332458496,10.30235481262207,25.730281829833984,0.6849339008331299,0.9968754053115845,11.02440071105957,6.336367607116699,2.82818341255188,1.0799119472503662,3.733170509338379,-1.111722707748413
2.200000,132,9.733560562133789,12.472450256347656,9.795941352844238,7.066956520080566,10.026941299438477,21.478986740112305,16.863704681396484,5.887524604797363,4.5097761154174805,41.291046142578125,38.758975982666016,11.921144485473633,2.7992982864379883,27.41581916809082,30.556787490844727,27.92943572998047,6.692937850952148,8.792698860168457,10.3314208984375,25.786264419555664,0.713641881942749,1.0266696214675903,11.057853698730469,6.342231750488281,2.816133975982666,1.0667189359664917,3.742875099182129,-1.1287424564361572
2.216667,133,9.723787307739258,12.455453872680664,9.796579360961914,7.063587188720703,9.99695110321045,21.475557327270508,16.878890991210938,5.8778228759765625,4.497518539428711,41.26998519897461,38.754119873046875,11.89950180053711,2.771113157272339,27.352588653564453,30.50009536743164,27.8674259185791,6.647244930267334,8.729513168334961,10.296287536621094,25.72520637512207,0.6864502429962158,1.0096039772033691,11.04143238067627,6.338816165924072,2.825174331665039,1.074501633644104,3.7282419204711914,-1.1164753437042236
2.233333,134,9.757200241088867,12.504478454589844,9.812620162963867,7.073462009429932,10.048845291137695,21.54092788696289,16.893470764160156,5.890606880187988,4.538322448730469,41.37614822387695,38.81313705444336,11.945899963378906,2.879058599472046,27.494651794433594,30.600332260131836,27.989606857299805,6.74774169921875,8.89997673034668,10.366925239562988,25.81801414489746,0.7111179828643799,1.0466212034225464,11.092934608459473,6.348664283752441,2.8140628337860107,1.0657440423965454,3.7640228271484375,-1.1387479305267334
2.250000,135,9.76504135131836,12.528958320617676,9.82811450958252,7.096261501312256,10.079086303710938,21.532581329345703,16.890045166015625,5.929652214050293,4.528189659118652,41.360755920410156,38.8086051940918,11.96413516998291,2.8650014400482178,27.5284423828125,30.648008346557617,28.06140899658203,6.7767534255981445,8.937251091003418,10.40539264678955,25.90537452697754,0.7390196323394775,1.0582560300827026,11.100672721862793,6.36226224899292,2.8129773139953613,1.0604983568191528,3.7718443870544434,-1.1382391452789307
2.266667,136,9.770611763000488,12.537467956542969,9.838973045349121,7.1084303855896,10.069445610046387,21.556459426879883,16.925891876220703,5.927312850952148,4.546133041381836,41.39590072631836,38.840938568115234,11.98699951171875,2.884509801864624,27.52509117126465,30.649768829345703,28.093618392944336,6.762487888336182,8.938292503356934,10.422440528869629,25.911376953125,0.7115256786346436,1.056745171546936,11.119487762451172,6.355200290679932,2.8119800090789795,1.066947102546692,3.784027576446533,-1.1490697860717773
2.283333,137,9.752840042114258,12.509052276611328,9.826127052307129,7.090651512145996,10.04957103729248,21.525249481201172,16.90262794494629,5.916344165802002,4.533286094665527,41.3474006652832,38.80824279785156,11.960966110229492,2.86606502532959,27.480785369873047,30.608665466308594,28.02681541442871,6.744114398956299,8.882680892944336,10.379579544067383,25.856063842773438,0.7100601196289062,1.0241330862045288,11.069273948669434,6.351443767547607,2.8174586296081543,1.069410800933838,3.76113224029541,-1.129023551940918
2.300000,138,9.771796226501465,12.531166076660156,9.838346481323242,7.102745532989502,10.070887565612793,21.56100845336914,16.93310546875,5.922903060913086,4.549798011779785,41.40275192260742,38.850852966308594,11.983845710754395,2.886314630508423,27.529701232910156,30.65092658996582,28.07209014892578,6.765969753265381,8.929510116577148,10.406890869140625,25.900074005126953,0.7100050449371338,1.0410830974578857,11.097920417785645,6.354458332061768,2.809009313583374,1.0697239637374878,3.7826757431030273,-1.141763687133789
2.316667,139,9.79018783569336,12.577411651611328,9.848209381103516,7.124664783477783,10.120168685913086,21.57659912109375,16.913410186767578,5.953065395355225,4.566750526428223,41.431907653808594,38.85148620605469,12.02536392211914,2.935615062713623,27.611040115356445,30.717485427856445,28.202463150024414,6.835845470428467,9.062527656555176,10.486857414245605,26.01226234436035,0.756110429763794,1.113324522972107,11.173016548156738,6.368035793304443,2.798431634902954,1.0556331872940063,3.806406021118164,-1.1795849800109863
2.333333,140,9.792024612426758,12.582071304321289,9.85694694519043,7.132009983062744,10.11208724975586,21.58823013305664,16.92991065979004,5.959691047668457,4.563506126403809,41.43115234375,38.85739517211914,12.02676773071289,2.94657564163208,27.614545822143555,30.72494125366211,28.219768524169922,6.837967395782471,9.067972183227539,10.495339393615723,26.020036697387695,0.7432756423950195,1.0859097242355347,11.158233642578125,6.369020462036133,2.80523943901062,1.0546351671218872,3.8084020614624023,-1.1662604808807373
2.350000,141,9.818913459777832,12.606188774108887,9.866257667541504,7.125319957733154,10.147211074829102,21.638856887817383,16.93484878540039,5.944762706756592,4.582322120666504,41.50247573852539,38.88494110107422,12.028532981872559,3.0181946754455566,27.69856834411621,30.766094207763672,28.228261947631836,6.908297061920166,9.164767265319824,10.499458312988281,26.03241729736328,0.7664779424667358,1.1165342330932617,11.185379028320312,6.377764701843262,2.7912325859069824,1.0429949760437012,3.81282901763916,-1.1752045154571533
2.366667,142,9.78485107421875,12.551947593688965,9.845650672912598,7.108766078948975,10.082460403442383,21.58692169189453,16.94290542602539,5.921172618865967,4.55369758605957,41.441993713378906,38.870487213134766,11.995439529418945,2.910068988800049,27.568626403808594,30.686182022094727,28.11200714111328,6.784159183502197,8.970467567443848,10.429656982421875,25.92865562438965,0.7159713506698608,1.0503103733062744,11.119636535644531,6.3573737144470215,2.8096823692321777,1.0646799802780151,3.7936668395996094,-1.1513373851776123
2.383333,143,9.797538757324219,12.58559513092041,9.859848022460938,7.130037307739258,10.116602897644043,21.60915184020996,16.950197219848633,5.948894023895264,4.5915374755859375,41.48256301879883,38.89751434326172,12.044679641723633,2.983048439025879,27.638689041137695,30.74150276184082,28.217613220214844,6.847271919250488,9.068421363830566,10.491612434387207,26.014347076416016,0.7331225872039795,1.0855168104171753,11.16445255279541,6.363437652587891,2.8038458824157715,1.0618140697479248,3.813180923461914,-1.1730129718780518
2.400000,144,9.792853355407715,12.576541900634766,9.859758377075195,7.120500087738037,10.10779094696045,21.604578018188477,16.945829391479492,5.9481201171875,4.570586204528809,41.46711349487305,38.89150619506836,12.018682479858398,2.95796799659729,27.62623405456543,30.72420310974121,28.16961669921875,6.833616256713867,9.047453880310059,10.467496871948242,25.984895706176758,0.7297426462173462,1.0704896450042725,11.142611503601074,6.367697238922119,2.810680389404297,1.0660419464111328,3.808419704437256,-1.157160758972168
2.416667,145,9.797511100769043,12.588802337646484,9.872414588928223,7.158078193664551,10.110208511352539,21.58838653564453,16.951618194580078,5.989412307739258,4.544443130493164,41.40256118774414,38.854007720947266,12.03294849395752,2.906893014907837,27.571575164794922,30.71983528137207,28.254344940185547,6.827794551849365,9.045571327209473,10.508369445800781,26.066165924072266,0.7428295612335205,1.0699512958526611,11.153521537780762,6.384557723999023,2.803217887878418,1.037139654159546,3.805314540863037,-1.1520230770111084
2.433333,146,9.7875394821167,12.57950496673584,9.861494064331055,7.139533996582031,10.104696273803711,21.579378128051758,16.935396194458008,5.964190483093262,4.556675910949707,41.41056442260742,38.85081100463867,12.03388786315918,2.9297404289245605,27.58868408203125,30.722959518432617,28.234498977661133,6.820151329040527,9.03805160522461,10.495019912719727,26.028573989868164,0.7429789304733276,1.0622150897979736,11.13076400756836,6.368264198303223,2.8100578784942627,1.0556057691574097,3.796332836151123,-1.1628615856170654
2.450000,147,9.840625762939453,12.663777351379395,9.902044296264648,7.17059850692749,10.194180488586426,21.675012588500977,16.971782684326172,6.001461029052734,4.613790512084961,41.56412124633789,38.946266174316406,12.11044692993164,3.0736844539642334,27.80632781982422,30.883481979370117,28.4258975982666,6.968654155731201,9.27804183959961,10.602380752563477,26.19755744934082,0.7808167934417725,1.1333963871002197,11.22574520111084,6.389005184173584,2.789077043533325,1.0464662313461304,3.849666118621826,-1.1974787712097168
2.466667,148,9.849212646484375,12.677929878234863,9.899147987365723,7.173776626586914,10.203837394714355,21.690507888793945,16.97179412841797,6.0023932456970215,4.622498512268066,41.59260559082031,38.956565856933594,12.121747016906738,3.092238664627075,27.828054428100586,30.900663375854492,28.459951400756836,6.988857269287109,9.318463325500488,10.625068664550781,26.222230911254883,0.7926293611526489,1.1578173637390137,11.258007049560547,6.391140460968018,2.7808265686035156,1.0370519161224365,3.863138198852539,-1.2103312015533447
2.483333,149,9.838095664978027,12.663339614868164,9.9014310836792,7.179453372955322,10.182726860046387,21.672447204589844,16.99485969543457,6.022069454193115,4.617198944091797,41.56763458251953,38.966529846191406,12.127036094665527,3.049781084060669,27.79145050048828,30.89621925354004,28.459827423095703,6.951404571533203,9.257671356201172,10.620621681213379,26.22752571105957,0.7705910205841064,1.112068772315979,11.215664863586426,6.389693737030029,2.787383556365967,1.0419707298278809,3.8619136810302734,-1.1874244213104248
2.500000,150,9.822988510131836,12.652372360229492,9.896628379821777,7.176917552947998,10.173504829406738,21.649751663208008,16.981298446655273,6.016813278198242,4.613218307495117,41.541542053222656,38.94855499267578,12.129881858825684,3.034040689468384,27.780399322509766,30.88924217224121,28.446563720703125,6.930689334869385,9.227993965148926,10.612643241882324,26.210695266723633,0.7648539543151855,1.115822434425354,11.214788436889648,6.383334159851074,2.79254150390625,1.054999828338623,3.85231351852417,-1.1977450847625732
2.516667,151,9.843889236450195,12.676243782043457,9.9111967086792,7.191619873046875,10.18934440612793,21.681774139404297,17.00115203857422,6.018956184387207,4.622358322143555,41.57421875,38.96647262573242,12.142084121704102,3.0672810077667236,27.78847312927246,30.89573097229004,28.491384506225586,6.9534101486206055,9.271733283996582,10.6343412399292,26.2430419921875,0.771416425704956,1.123092770576477,11.231274604797363,6.388401031494141,2.7868659496307373,1.0443707704544067,3.862987995147705,-1.2042553424835205
2.533333,152,9.845379829406738,12.675004005432129,9.903828620910645,7.17626428604126,10.208962440490723,21.676259994506836,16.96408462524414,6.013896942138672,4.6104631423950195,41.56195831298828,38.938541412353516,12.111303329467773,3.0726590156555176,27.827896118164062,30.897083282470703,28.43805503845215,6.994995594024658,9.31332778930664,10.615151405334473,26.226116180419922,0.7967671155929565,1.1641807556152344,11.254947662353516,6.397955417633057,2.7813146114349365,1.0358803272247314,3.8550209999084473,-1.2025249004364014
2.550000,153,9.842195510864258,12.646976470947266,9.901937484741211,7.177496433258057,10.164201736450195,21.68335723876953,17.00237464904785,5.992718696594238,4.597149848937988,41.53287887573242,38.92721176147461,12.094587326049805,3.0357251167297363,27.73985481262207,30.847023010253906,28.39932632446289,6.933337688446045,9.227116584777832,10.585749626159668,26.173484802246094,0.7577883005142212,1.0981223583221436,11.206550598144531,6.3900651931762695,2.7811532020568848,1.0247254371643066,3.8366456031799316,-1.1798863410949707
2.566667,154,9.844583511352539,12.673907279968262,9.912410736083984,7.190962314605713,10.197805404663086,21.684085845947266,17.006027221679688,6.028270244598389,4.6240129470825195,41.577091217041016,38.973262786865234,12.144551277160645,3.0716211795806885,27.798646926879883,30.90116310119629,28.4970645904541,6.966639995574951,9.284032821655273,10.63044261932373,26.25229835510254,0.7781440019607544,1.1201179027557373,11.216980934143066,6.391937255859375,2.781759023666382,1.0465307235717773,3.8590946197509766,-1.1965057849884033
2.583333,155,9.850607872009277,12.685797691345215,9.916608810424805,7.191476345062256,10.205377578735352,21.700551986694336,17.004112243652344,6.025307655334473,4.631521224975586,41.60082244873047,38.98213195800781,12.149386405944824,3.098555564880371,27.858957290649414,30.944622039794922,28.510086059570312,6.992475986480713,9.326735496520996,10.64820384979248,26.266286849975586,0.7758300304412842,1.1284828186035156,11.242856979370117,6.3956732749938965,2.7873692512512207,1.0441920757293701,3.867250442504883,-1.200615406036377
2.600000,156,9.864676475524902,12.703737258911133,9.919681549072266,7.187305450439453,10.229046821594238,21.72118377685547,17.000625610351562,6.012319087982178,4.645025253295898,41.647491455078125,39.001949310302734,12.160183906555176,3.132518768310547,27.902921676635742,30.96758460998535,28.53252410888672,7.021307468414307,9.371932983398438,10.657115936279297,26.281301498413086,0.7916538715362549,1.1599644422531128,11.267600059509277,6.390988349914551,2.775768518447876,1.0444306135177612,3.8787832260131836,-1.221160650253296
2.616667,157,9.836474418640137,12.662786483764648,9.903897285461426,7.183775901794434,10.177992820739746,21.66570281982422,16.98275375366211,6.009888172149658,4.611414909362793,41.52677917480469,38.92208480834961,12.125240325927734,3.0610225200653076,27.75989532470703,30.87562370300293,28.461727142333984,6.951320171356201,9.250438690185547,10.616477012634277,26.220914840698242,0.7812540531158447,1.106034517288208,11.204071044921875,6.387298583984375,2.7857139110565186,1.02973473072052,3.8402156829833984,-1.1966452598571777
2.633333,158,9.860803604125977,12.708324432373047,9.927350997924805,7.214594841003418,10.222667694091797,21.708017349243164,17.01213264465332,6.043254852294922,4.633028030395508,41.601585388183594,38.97713088989258,12.179865837097168,3.1051723957061768,27.867511749267578,30.96919059753418,28.610166549682617,7.003465175628662,9.36989688873291,10.695621490478516,26.33823013305664,0.7903927564620972,1.1387203931808472,11.256670951843262,6.396637439727783,2.7772624492645264,1.0395199060440063,3.8775620460510254,-1.22149658203125
2.650000,159,9.87072467803955,12.714176177978516,9.928125381469727,7.206872463226318,10.227527618408203,21.73346710205078,17.021900177001953,6.025674819946289,4.645408630371094,41.649932861328125,39.00431823730469,12.182283401489258,3.1349337100982666,27.901426315307617,30.988174438476562,28.604339599609375,7.020573616027832,9.387117385864258,10.689308166503906,26.32796859741211,0.787442684173584,1.1421875953674316,11.266810417175293,6.393321990966797,2.7708733081817627,1.0373265743255615,3.8829727172851562,-1.2236452102661133
2.666667,160,9.845584869384766,12.689573287963867,9.925369262695312,7.219668388366699,10.195652961730957,21.67852783203125,17.019439697265625,6.0548858642578125,4.6133880615234375,41.551998138427734,38.9620361328125,12.170024871826172,3.046884298324585,27.776308059692383,30.911434173583984,28.576988220214844,6.95229959487915,9.289495468139648,10.67727279663086,26.31780242919922,0.773388147354126,1.1237246990203857,11.2434663772583,6.398191452026367,2.778862237930298,1.0380445718765259,3.875725269317627,-1.211219072341919
2.683333,161,9.859952926635742,12.707609176635742,9.932293891906738,7.21570348739624,10.216499328613281,21.716108322143555,17.023632049560547,6.05171537399292,4.624755859375,41.61186218261719,38.997337341308594,12.176192283630371,3.0908877849578857,27.869853973388672,30.975194931030273,28.597049713134766,7.002749443054199,9.358345985412598,10.689811706542969,26.339588165283203,0.7824746370315552,1.1325589418411255,11.259034156799316,6.404577255249023,2.779350519180298,1.0364575386047363,3.8782429695129395,-1.208805799484253
2.700000,162,9.84430980682373,12.686851501464844,9.921733856201172,7.211080551147461,10.19213581085205,21.687665939331055,17.023029327392578,6.041278839111328,4.632721900939941,41.58990478515625,38.9933967590332,12.181429862976074,3.0670714378356934,27.821060180664062,30.954912185668945,28.573884963989258,6.956638813018799,9.2775239944458,10.674906730651855,26.309471130371094,0.7636082172393799,1.1072359085083008,11.23802661895752,6.390270709991455,2.7877578735351562,1.0428365468978882,3.8714609146118164,-1.2062668800354004
2.716667,163,9.870481491088867,12.722233772277832,9.934700012207031,7.226418495178223,10.228151321411133,21.73550796508789,17.03384017944336,6.050681114196777,4.64627742767334,41.63892364501953,39.00567626953125,12.203534126281738,3.124305009841919,27.897811889648438,31.005023956298828,28.6511287689209,7.025476932525635,9.39666748046875,10.71684455871582,26.37584686279297,0.7907668352127075,1.1471718549728394,11.28393268585205,6.404181957244873,2.769587516784668,1.0271611213684082,3.884866714477539,-1.2277007102966309
2.733333,164,9.859776496887207,12.708757400512695,9.934610366821289,7.224499225616455,10.210089683532715,21.722457885742188,17.044330596923828,6.057626724243164,4.635237693786621,41.61919403076172,39.00857162475586,12.199148178100586,3.0979950428009033,27.878507614135742,31.00373077392578,28.639196395874023,6.998438835144043,9.354029655456543,10.709407806396484,26.367868423461914,0.772950291633606,1.099187970161438,11.239595413208008,6.400572299957275,2.780362367630005,1.0369728803634644,3.8839211463928223,-1.2081327438354492
2.750000,165,9.85513687133789,12.716182708740234,9.94526195526123,7.242995738983154,10.209442138671875,21.70256233215332,17.05668830871582,6.086546897888184,4.631302833557129,41.594730377197266,39.0115852355957,12.217066764831543,3.0672621726989746,27.841182708740234,30.990304946899414,28.680137634277344,6.973019123077393,9.329838752746582,10.72860050201416,26.40352439880371,0.7666319608688354,1.1071480512619019,11.245455741882324,6.400670528411865,2.7817087173461914,1.0428074598312378,3.895582675933838,-1.2100341320037842
2.766667,166,9.833555221557617,12.666502952575684,9.919681549072266,7.217548847198486,10.172263145446777,21.655942916870117,17.01932144165039,6.044833183288574,4.600527763366699,41.510738372802734,38.937522888183594,12.160999298095703,3.009775161743164,27.740320205688477,30.901708602905273,28.5507755279541,6.915046215057373,9.22310733795166,10.654095649719238,26.29073143005371,0.7584270238876343,1.0818997621536255,11.198315620422363,6.390161037445068,2.7851788997650146,1.0394006967544556,3.8505587577819824,-1.1961860656738281
2.783333,167,9.863967895507812,12.70897102355957,9.937209129333496,7.223115921020508,10.2147798538208,21.71808433532715,17.040056228637695,6.056558132171631,4.629094123840332,41.603538513183594,38.993412017822266,12.18515396118164,3.0944669246673584,27.851139068603516,30.973955154418945,28.61121940612793,6.999848365783691,9.341878890991211,10.689988136291504,26.354331970214844,0.7800343036651611,1.1009244918823242,11.230164527893066,6.403308391571045,2.7753891944885254,1.0320415496826172,3.8803420066833496,-1.2032980918884277
2.800000,168,9.837390899658203,12.67104721069336,9.925326347351074,7.211543560028076,10.167792320251465,21.671113967895508,17.022851943969727,6.0442328453063965,4.593413352966309,41.51718521118164,38.94477844238281,12.145975112915039,3.017439365386963,27.739253997802734,30.893877029418945,28.528486251831055,6.9211649894714355,9.22456169128418,10.64586353302002,26.278623580932617,0.7592546939849854,1.0727479457855225,11.194883346557617,6.396328449249268,2.7901039123535156,1.0294630527496338,3.850843906402588,-1.1828992366790771
2.816667,169,9.86627197265625,12.720641136169434,9.950125694274902,7.249665260314941,10.212221145629883,21.72100067138672,17.06511116027832,6.086832523345947,4.6316680908203125,41.594207763671875,39.002140045166016,12.216447830200195,3.084714651107788,27.83177375793457,30.9862117767334,28.695470809936523,6.9915385246276855,9.352519989013672,10.734423637390137,26.416614532470703,0.7742437124252319,1.0969337224960327,11.243865966796875,6.410000324249268,2.7728044986724854,1.0221534967422485,3.8908047676086426,-1.2066400051116943
2.833333,170,9.83263111114502,12.654542922973633,9.925104141235352,7.222494125366211,10.163171768188477,21.666976928710938,17.053340911865234,6.051498889923096,4.60489559173584,41.5224494934082,38.96792984008789,12.168792724609375,3.0013797283172607,27.73035430908203,30.912782669067383,28.5423641204834,6.905259609222412,9.179259300231934,10.640608787536621,26.293947219848633,0.7403278350830078,1.0368975400924683,11.164710998535156,6.392831802368164,2.7865304946899414,1.037436604499817,3.8442788124084473,-1.1726653575897217
2.850000,171,9.846677780151367,12.688691139221191,9.942964553833008,7.230629920959473,10.177026748657227,21.696943283081055,17.06281852722168,6.066553115844727,4.611870765686035,41.56123733520508,38.994529724121094,12.185037612915039,3.0387065410614014,27.775676727294922,30.936832427978516,28.603351593017578,6.933810710906982,9.256552696228027,10.681830406188965,26.336584091186523,0.7437793016433716,1.0587350130081177,11.198360443115234,6.398496627807617,2.7858095169067383,1.0379010438919067,3.875600814819336,-1.1859383583068848
2.866667,172,9.81787109375,12.626426696777344,9.907638549804688,7.206557750701904,10.135068893432617,21.62827491760254,17.022825241088867,6.030073642730713,4.571680068969727,41.4527587890625,38.906185150146484,12.128230094909668,2.942098617553711,27.644166946411133,30.83982276916504,28.473236083984375,6.852901935577393,9.10979175567627,10.599186897277832,26.226680755615234,0.7382916212081909,1.0213899612426758,11.132436752319336,6.3851776123046875,2.785454034805298,1.0364034175872803,3.826910972595215,-1.168027639389038
2.883333,173,9.819894790649414,12.65530014038086,9.921601295471191,7.227827548980713,10.14954948425293,21.651840209960938,17.05301284790039,6.06157922744751,4.606385231018066,41.52302932739258,38.97829818725586,12.19504165649414,2.98950457572937,27.728029251098633,30.931739807128906,28.602834701538086,6.878689289093018,9.16690444946289,10.670238494873047,26.320270538330078,0.7318205833435059,1.0211886167526245,11.158716201782227,6.384811878204346,2.7941904067993164,1.0517442226409912,3.8564858436584473,-1.1844515800476074
2.900000,174,9.839529037475586,12.668753623962402,9.927892684936523,7.230781555175781,10.16469669342041,21.682424545288086,17.058340072631836,6.0538811683654785,4.609169960021973,41.53251647949219,38.963829040527344,12.185713768005371,3.023437023162842,27.75340461730957,30.93990707397461,28.602689743041992,6.920020580291748,9.223553657531738,10.67524528503418,26.329092025756836,0.7441291809082031,1.0296058654785156,11.171636581420898,6.3921003341674805,2.7826225757598877,1.0317821502685547,3.855700969696045,-1.18519926071167
2.916667,175,9.821186065673828,12.653909683227539,9.926138877868652,7.2272443771362305,10.142837524414062,21.651836395263672,17.058855056762695,6.066420078277588,4.597281455993652,41.512794494628906,38.979331970214844,12.182511329650879,2.96767258644104,27.707035064697266,30.91166877746582,28.58510971069336,6.867298126220703,9.15368366241455,10.660572052001953,26.30645179748535,0.7258005142211914,1.0258868932724,11.159826278686523,6.38699197769165,2.7931482791900635,1.0455271005630493,3.852968215942383,-1.170518398284912
2.933333,176,9.790078163146973,12.59528636932373,9.89848518371582,7.20847225189209,10.091196060180664,21.586091995239258,17.02198028564453,6.028131008148193,4.556373596191406,41.39006805419922,38.88081741333008,12.127863883972168,2.883694648742676,27.557682037353516,30.795490264892578,28.456567764282227,6.7778401374816895,9.003124237060547,10.583639144897461,26.191776275634766,0.7062700986862183,0.9796584844589233,11.097542762756348,6.372553825378418,2.7984745502471924,1.0473084449768066,3.810784339904785,-1.1604602336883545
2.950000,177,9.814595222473145,12.638394355773926,9.923592567443848,7.220497131347656,10.118371963500977,21.643569946289062,17.04888916015625,6.041897773742676,4.580543518066406,41.46409606933594,38.935726165771484,12.145956993103027,2.953542709350586,27.63015365600586,30.839099884033203,28.497005462646484,6.832647323608398,9.094836235046387,10.622830390930176,26.238073348999023,0.7152833938598633,1.012647271156311,11.147991180419922,6.384838581085205,2.8044228553771973,1.0412020683288574,3.833500862121582,-1.1708056926727295
2.966667,178,9.813307762145996,12.625492095947266,9.914348602294922,7.218096733093262,10.11468505859375,21.637237548828125,17.050474166870117,6.033421993255615,4.575796127319336,41.45281219482422,38.91790008544922,12.144207954406738,2.9465200901031494,27.621925354003906,30.836620330810547,28.505435943603516,6.8277740478515625,9.091243743896484,10.616267204284668,26.231760025024414,0.7120811939239502,0.9976381063461304,11.131415367126465,6.380778789520264,2.792562484741211,1.0389859676361084,3.8289027214050293,-1.167149305343628
2.983333,179,9.796469688415527,12.61459732055664,9.909141540527344,7.226864814758301,10.105846405029297,21.5985164642334,17.03024673461914,6.049105644226074,4.569974899291992,41.40422058105469,38.89236068725586,12.157800674438477,2.9215331077575684,27.588642120361328,30.833419799804688,28.534473419189453,6.811305522918701,9.055298805236816,10.626349449157715,26.253934860229492,0.7175501585006714,0.9864276647567749,11.11617660522461,6.380640506744385,2.7983779907226562,1.036717176437378,3.81508207321167,-1.1661286354064941
3.000000,180,9.79767894744873,12.622035026550293,9.918931007385254,7.2298994064331055,10.106193542480469,21.6068115234375,17.04936408996582,6.06757116317749,4.562071800231934,41.418312072753906,38.920326232910156,12.155781745910645,2.8996973037719727,27.596223831176758,30.838510513305664,28.530811309814453,6.803617000579834,9.05220890045166,10.628257751464844,26.265090942382812,0.7094978094100952,0.9904605746269226,11.122970581054688,6.386565685272217,2.800328254699707,1.0431212186813354,3.829451084136963,-1.1569058895111084
3.016667,181,9.79149055480957,12.601637840270996,9.908358573913574,7.224526405334473,10.082140922546387,21.6055908203125,17.065139770507812,6.0493292808532715,4.566892623901367,41.4161262512207,38.91965103149414,12.156465530395508,2.8900187015533447,27.549524307250977,30.809797286987305,28.510196685791016,6.768115997314453,9.002705574035645,10.610899925231934,26.23029327392578,0.6885862350463867,0.9591824412345886,11.100154876708984,6.3771467208862305,2.7971837520599365,1.0454655885696411,3.8271284103393555,-1.157580852508545
3.033333,182,9.785402297973633,12.585968017578125,9.895739555358887,7.2072224617004395,10.073811531066895,21.581554412841797,17.027421951293945,6.028199672698975,4.541351318359375,41.37562561035156,38.87565231323242,12.118973731994629,2.8567252159118652,27.52174186706543,30.77627182006836,28.44821548461914,6.7523579597473145,8.972200393676758,10.576353073120117,26.179771423339844,0.6979793310165405,0.9571017622947693,11.080791473388672,6.374204635620117,2.799111843109131,1.0436227321624756,3.808773994445801,-1.1510882377624512
3.050000,183,9.756678581237793,12.539393424987793,9.880958557128906,7.195931911468506,10.024853706359863,21.53774642944336,17.0316162109375,6.020125389099121,4.524535179138184,41.30315399169922,38.84602355957031,12.093754768371582,2.7953574657440186,27.406166076660156,30.702377319335938,28.352428436279297,6.6816725730896,8.831506729125977,10.517144203186035,26.10529899597168,0.6723271608352661,0.897291362285614,11.01439380645752,6.366732120513916,2.805716037750244,1.041161298751831,3.781383514404297,-1.1192257404327393
3.066667,184,9.770845413208008,12.580771446228027,9.90216064453125,7.23166036605835,10.063084602355957,21.559843063354492,17.047760009765625,6.0591278076171875,4.542502403259277,41.341339111328125,38.87726974487305,12.15565013885498,2.829803228378296,27.49069595336914,30.79526138305664,28.5135555267334,6.727358341217041,8.925271034240723,10.60192584991455,26.235273361206055,0.692039966583252,0.9273605346679688,11.059736251831055,6.374441146850586,2.8028275966644287,1.0430012941360474,3.8000540733337402,-1.147390365600586
3.083333,185,9.751274108886719,12.531558990478516,9.880885124206543,7.194374084472656,10.015782356262207,21.521007537841797,17.02686309814453,6.012591361999512,4.510782241821289,41.286781311035156,38.83769989013672,12.085238456726074,2.7599804401397705,27.381967544555664,30.687530517578125,28.334196090698242,6.6511383056640625,8.78797721862793,10.502013206481934,26.08625602722168,0.662274956703186,0.8950281143188477,11.011475563049316,6.361225128173828,2.806739330291748,1.0474528074264526,3.777449607849121,-1.1174602508544922
3.100000,186,9.745559692382812,12.517745018005371,9.874436378479004,7.177174091339111,9.995874404907227,21.54171371459961,17.039331436157227,5.997129917144775,4.519374847412109,41.31155776977539,38.86305618286133,12.071105003356934,2.7739500999450684,27.38078498840332,30.67047882080078,28.275014877319336,6.642634391784668,8.773260116577148,10.475788116455078,26.030073165893555,0.6458519697189331,0.8817386031150818,11.000143051147461,6.359329700469971,2.8153254985809326,1.0525928735733032,3.76944637298584,-1.1069755554199219
3.116667,187,9.731932640075684,12.51874828338623,9.880149841308594,7.207256317138672,9.986526489257812,21.493255615234375,17.031490325927734,6.033237934112549,4.491565704345703,41.22671890258789,38.81184768676758,12.08807373046875,2.7155356407165527,27.30638313293457,30.654094696044922,28.348285675048828,6.604392051696777,8.724350929260254,10.506625175476074,26.093191146850586,0.6546871662139893,0.8643292784690857,10.983026504516602,6.362208366394043,2.817793607711792,1.0461395978927612,3.764138698577881,-1.109663486480713
3.133333,188,9.728276252746582,12.506370544433594,9.871994018554688,7.18487024307251,9.973860740661621,21.5002384185791,17.037960052490234,6.0099968910217285,4.500990867614746,41.25300598144531,38.83169174194336,12.0742826461792,2.7229042053222656,27.30951499938965,30.634689331054688,28.291473388671875,6.588947296142578,8.710043907165527,10.476103782653809,26.03252601623535,0.6373836994171143,0.8524788022041321,10.96191692352295,6.350186347961426,2.8172976970672607,1.0634156465530396,3.7703065872192383,-1.1064989566802979
3.150000,189,9.706976890563965,12.47498893737793,9.852631568908691,7.169721603393555,9.944855690002441,21.448869705200195,16.996545791625977,5.983909606933594,4.472844123840332,41.166988372802734,38.75825119018555,12.039551734924316,2.6640238761901855,27.214040756225586,30.55634880065918,28.217350006103516,6.532654285430908,8.621058464050293,10.429656982421875,25.959400177001953,0.6402087211608887,0.8515270948410034,10.939769744873047,6.339335918426514,2.817620038986206,1.0601320266723633,3.7387208938598633,-1.1077334880828857
3.166667,190,9.692373275756836,12.441282272338867,9.849308013916016,7.152846336364746,9.899209976196289,21.45383071899414,17.03398895263672,5.967741012573242,4.471351623535156,41.165489196777344,38.78177261352539,12.012763023376465,2.6357853412628174,27.16828155517578,30.518325805664062,28.098743438720703,6.48261833190918,8.51269245147705,10.362443923950195,25.868961334228516,0.592029869556427,0.7866103053092957,10.884910583496094,6.3326544761657715,2.827209711074829,1.070410132408142,3.7256293296813965,-1.067643404006958
3.183333,191,9.68171215057373,12.427430152893066,9.836008071899414,7.140845775604248,9.899828910827637,21.421306610107422,16.99601173400879,5.959906578063965,4.463449478149414,41.12974548339844,38.74883270263672,11.994422912597656,2.619873285293579,27.155576705932617,30.50067138671875,28.060474395751953,6.480213165283203,8.491744041442871,10.343122482299805,25.844745635986328,0.6075239181518555,0.7973126173019409,10.876601219177246,6.3297600746154785,2.829733371734619,1.070044755935669,3.710533618927002,-1.0670020580291748
3.200000,192,9.703230857849121,12.453874588012695,9.856048583984375,7.171770095825195,9.92271614074707,21.444076538085938,17.023685455322266,5.987758636474609,4.459477424621582,41.13463592529297,38.751949310302734,12.019441604614258,2.630070686340332,27.16166114807129,30.528074264526367,28.160869598388672,6.506232261657715,8.549283027648926,10.393661499023438,25.93276596069336,0.6204570531845093,0.7952699065208435,10.887799263000488,6.342435359954834,2.8179736137390137,1.0519168376922607,3.7258119583129883,-1.0707859992980957
3.216667,193,9.68758773803711,12.449935913085938,9.850849151611328,7.177414417266846,9.90714168548584,21.432397842407227,17.035005569458008,6.000560760498047,4.473650932312012,41.145755767822266,38.77777099609375,12.056756019592285,2.6212620735168457,27.1606502532959,30.552064895629883,28.214086532592773,6.479977607727051,8.521644592285156,10.415160179138184,25.956472396850586,0.6067685484886169,0.7794671654701233,10.884108543395996,6.336125373840332,2.820634126663208,1.0648114681243896,3.734325408935547,-1.079805612564087
3.233334,194,9.668336868286133,12.404276847839355,9.830984115600586,7.145604610443115,9.86413860321045,21.39373779296875,17.015405654907227,5.9632792472839355,4.439126968383789,41.07078552246094,38.719173431396484,11.989446640014648,2.5460710525512695,27.051973342895508,30.44514274597168,28.05506706237793,6.4070658683776855,8.402176856994629,10.325023651123047,25.825916290283203,0.5901848673820496,0.7527042627334595,10.829861640930176,6.324173927307129,2.81896710395813,1.066318154335022,3.705443859100342,-1.0558083057403564
3.250000,195,9.637027740478516,12.359928131103516,9.811697006225586,7.122699737548828,9.811928749084473,21.355060577392578,17.003475189208984,5.945151329040527,4.427443504333496,41.006099700927734,38.6868896484375,11.95920467376709,2.5009665489196777,26.97325325012207,30.387439727783203,27.93850326538086,6.3546977043151855,8.272692680358887,10.255120277404785,25.731813430786133,0.5689896941184998,0.697420060634613,10.767077445983887,6.314442157745361,2.826747179031372,1.0639172792434692,3.6730804443359375,-1.0216822624206543
3.266667,196,9.655928611755371,12.399067878723145,9.835049629211426,7.156130313873291,9.846857070922852,21.38674545288086,17.037046432495117,5.98178243637085,4.449348449707031,41.06767272949219,38.74345779418945,12.011331558227539,2.539088010787964,27.019853591918945,30.436752319335938,28.067153930664062,6.385403633117676,8.356072425842285,10.326772689819336,25.83355712890625,0.5724235773086548,0.7325778603553772,10.820390701293945,6.3248186111450195,2.824333906173706,1.0717004537582397,3.7066502571105957,-1.0479164123535156
3.283334,197,9.644146919250488,12.361170768737793,9.812320709228516,7.119943618774414,9.817718505859375,21.359325408935547,16.99835968017578,5.935169219970703,4.420116424560547,41.00126647949219,38.672847747802734,11.944448471069336,2.4992194175720215,26.954914093017578,30.36195945739746,27.920137405395508,6.352663993835449,8.282283782958984,10.246849060058594,25.71512222290039,0.5759512186050415,0.7129957675933838,10.773850440979004,6.31612491607666,2.8235652446746826,1.0603820085525513,3.6691503524780273,-1.0281281471252441
3.300000,198,9.628681182861328,12.34478759765625,9.805798530578613,7.110217094421387,9.801169395446777,21.339712142944336,16.989381790161133,5.934224605560303,4.414756774902344,40.9814338684082,38.66797637939453,11.935111999511719,2.4809048175811768,26.9316349029541,30.341590881347656,27.883281707763672,6.332285404205322,8.234440803527832,10.221646308898926,25.683164596557617,0.5695490837097168,0.7042443752288818,10.761124610900879,6.31427001953125,2.826827049255371,1.0640578269958496,3.658100128173828,-1.015418291091919
3.316667,199,9.602982521057129,12.307027816772461,9.791032791137695,7.091294765472412,9.741251945495605,21.29578399658203,16.991256713867188,5.912267684936523,4.390373229980469,40.9041862487793,38.622432708740234,11.896831512451172,2.404538631439209,26.797195434570312,30.241100311279297,27.771934509277344,6.239498615264893,8.080411911010742,10.145870208740234,25.57831573486328,0.548261284828186,0.6449695825576782,10.682415008544922,6.297383785247803,2.825103282928467,1.0646746158599854,3.6353697776794434,-0.9854759573936462
3.333334,200,9.605140686035156,12.308813095092773,9.791193008422852,7.089193344116211,9.751376152038574,21.30364990234375,16.991369247436523,5.920557498931885,4.397271156311035,40.92206954956055,38.64004135131836,11.900411605834961,2.422725200653076,26.830915451049805,30.264982223510742,27.77389144897461,6.268247127532959,8.110993385314941,10.15463638305664,25.59308624267578,0.5501276254653931,0.6509239077568054,10.693794250488281,6.303989410400391,2.8256726264953613,1.0604549646377563,3.64223051071167,-0.9803386330604553
3.350000,201,9.58495807647705,12.283528327941895,9.78613567352295,7.078763008117676,9.70276165008545,21.274890899658203,17.003704071044922,5.904081344604492,4.3790693283081055,40.85509490966797,38.60070037841797,11.876890182495117,2.36397647857666,26.721446990966797,30.181793212890625,27.69727325439453,6.185441970825195,7.991148471832275,10.100180625915527,25.513017654418945,0.5266371369361877,0.6078318357467651,10.637299537658691,6.287574768066406,2.8221144676208496,1.064119577407837,3.628474235534668,-0.9649208188056946
3.366667,202,9.572104454040527,12.254815101623535,9.762911796569824,7.044394493103027,9.681046485900879,21.254745483398438,16.96636962890625,5.857761383056641,4.366482734680176,40.834693908691406,38.564781188964844,11.830782890319824,2.34582781791687,26.69122314453125,30.128934860229492,27.577835083007812,6.160455226898193,7.93484354019165,10.031660079956055,25.405364990234375,0.5279123783111572,0.6107587218284607,10.617053031921387,6.275976657867432,2.822969436645508,1.0695459842681885,3.600890636444092,-0.9594003558158875
3.383334,203,9.567173957824707,12.239652633666992,9.756300926208496,7.0327372550964355,9.661197662353516,21.246326446533203,16.957408905029297,5.842199325561523,4.350227355957031,40.7938346862793,38.52676010131836,11.798284530639648,2.327951192855835,26.634674072265625,30.070194244384766,27.511701583862305,6.137123107910156,7.89730167388916,9.99592113494873,25.34667205810547,0.5240204334259033,0.5999171733856201,10.597806930541992,6.274321556091309,2.8229658603668213,1.062612533569336,3.5879292488098145,-0.9493198990821838
3.400000,204,9.560622215270996,12.252068519592285,9.77231216430664,7.059298038482666,9.648725509643555,21.236825942993164,16.98372459411621,5.894274711608887,4.334169387817383,40.762237548828125,38.53689193725586,11.822649955749512,2.277667760848999,26.590560913085938,30.069740295410156,27.583919525146484,6.1120734214782715,7.88043212890625,10.033114433288574,25.413101196289062,0.5205516219139099,0.5918636918067932,10.600935935974121,6.288179397583008,2.8239731788635254,1.0513206720352173,3.6006712913513184,-0.9396303296089172
3.416667,205,9.542365074157715,12.217525482177734,9.74779224395752,7.027805805206299,9.628494262695312,21.21552276611328,16.97080421447754,5.865291118621826,4.349967002868652,40.76667404174805,38.5423583984375,11.808815956115723,2.269524335861206,26.58157730102539,30.05620574951172,27.485000610351562,6.095578670501709,7.796540260314941,9.967111587524414,25.336240768432617,0.5173923969268799,0.5579676032066345,10.550765037536621,6.2754807472229,2.817136526107788,1.0590306520462036,3.5806002616882324,-0.9191185832023621
3.433334,206,9.55025577545166,12.231386184692383,9.757867813110352,7.033461093902588,9.628358840942383,21.233455657958984,16.989728927612305,5.854153633117676,4.356867790222168,40.77983093261719,38.54594802856445,11.814703941345215,2.2804043292999268,26.581186294555664,30.05258560180664,27.488630294799805,6.081238746643066,7.79674768447876,9.970516204833984,25.3286190032959,0.50734543800354,0.5652356743812561,10.561395645141602,6.266260147094727,2.8188672065734863,1.0669052600860596,3.586238384246826,-0.9353500008583069
3.450000,207,9.519303321838379,12.16495132446289,9.718286514282227,6.9708170890808105,9.562435150146484,21.189363479614258,16.943016052246094,5.7840800285339355,4.32780647277832,40.68284606933594,38.45157241821289,11.722108840942383,2.231139898300171,26.467199325561523,29.92222023010254,27.245445251464844,6.020706653594971,7.653329849243164,9.828686714172363,25.11869239807129,0.5004942417144775,0.515133798122406,10.4690523147583,6.247622966766357,2.813128709793091,1.0562241077423096,3.530095100402832,-0.8905699849128723
3.466667,208,9.516902923583984,12.183874130249023,9.731344223022461,6.998182773590088,9.562483787536621,21.172332763671875,16.950210571289062,5.8251776695251465,4.313573837280273,40.650718688964844,38.44468307495117,11.748035430908203,2.196195602416992,26.441726684570312,29.93402671813965,27.338180541992188,6.005882740020752,7.658892631530762,9.880122184753418,25.199501037597656,0.5101549625396729,0.5194048881530762,10.485111236572266,6.2563557624816895,2.8130855560302734,1.0473246574401855,3.5488734245300293,-0.8979918360710144
3.483334,209,9.503026962280273,12.159856796264648,9.727346420288086,6.983561038970947,9.525031089782715,21.157745361328125,16.959470748901367,5.816630840301514,4.295872688293457,40.600711822509766,38.41817092895508,11.714274406433105,2.1578290462493896,26.355146408081055,29.855621337890625,27.238664627075195,5.9624786376953125,7.571627616882324,9.816091537475586,25.116111755371094,0.49453356862068176,0.49007153511047363,10.440366744995117,6.254523754119873,2.8086249828338623,1.0374877452850342,3.5305166244506836,-0.8657367825508118
3.500000,210,9.500265121459961,12.152364730834961,9.724264144897461,6.971738338470459,9.513847351074219,21.162527084350586,16.959941864013672,5.80454158782959,4.293429374694824,40.59752655029297,38.414825439453125,11.696165084838867,2.158583402633667,26.349306106567383,29.84311294555664,27.18973159790039,5.958710670471191,7.552800178527832,9.791335105895996,25.077472686767578,0.49133047461509705,0.4779411554336548,10.42628288269043,6.252416133880615,2.812389612197876,1.036250114440918,3.521611213684082,-0.8519138693809509
3.516667,211,9.478581428527832,12.126651763916016,9.708752632141113,6.935750484466553,9.470427513122559,21.1418514251709,16.959766387939453,5.773021697998047,4.291250228881836,40.57775115966797,38.40534591674805,11.666716575622559,2.11102032661438,26.290363311767578,29.781213760375977,27.048778533935547,5.8986921310424805,7.423023700714111,9.696914672851562,24.957487106323242,0.47771355509757996,0.4445374608039856,10.36917781829834,6.235061168670654,2.8021504878997803,1.0445160865783691,3.507993221282959,-0.8290179371833801
3.533334,212,9.475661277770996,12.14260196685791,9.720943450927734,6.9683990478515625,9.483987808227539,21.127159118652344,16.96866798400879,5.819771766662598,4.298389434814453,40.56897735595703,38.41599655151367,11.711433410644531,2.119730234146118,26.269481658935547,29.784894943237305,27.173372268676758,5.901844501495361,7.459866523742676,9.761319160461426,25.0483341217041,0.4845607876777649,0.4638594388961792,10.394366264343262,6.244035720825195,2.797889471054077,1.0455654859542847,3.5260891914367676,-0.847490131855011
3.550000,213,9.467060089111328,12.107645988464355,9.694008827209473,6.908896446228027,9.446383476257324,21.117849349975586,16.927875518798828,5.740151882171631,4.2802276611328125,40.522212982177734,38.34507751464844,11.625328063964844,2.1030073165893555,26.23552894592285,29.710514068603516,26.957313537597656,5.871450424194336,7.385898590087891,9.64957332611084,24.86737632751465,0.48271480202674866,0.4469127655029297,10.345269203186035,6.222838878631592,2.8020520210266113,1.0397136211395264,3.489182472229004,-0.8258230090141296
3.566667,214,9.458080291748047,12.0905122756958,9.688138008117676,6.894625186920166,9.413494110107422,21.109851837158203,16.935068130493164,5.725656509399414,4.261533737182617,40.48357391357422,38.31706237792969,11.591924667358398,2.0616962909698486,26.15443229675293,29.639062881469727,26.86540985107422,5.828598976135254,7.3107123374938965,9.59356689453125,24.792686462402344,0.4781741797924042,0.4289777874946594,10.314316749572754,6.221386432647705,2.7950501441955566,1.0309760570526123,3.4733147621154785,-0.805225670337677
3.583334,215,9.449216842651367,12.076519966125488,9.684016227722168,6.884277820587158,9.388628959655762,21.106243133544922,16.945100784301758,5.7237653732299805,4.2530012130737305,40.460052490234375,38.30831527709961,11.575363159179688,2.043704032897949,26.11109733581543,29.603288650512695,26.818212509155273,5.807496547698975,7.26234769821167,9.561505317687988,24.751413345336914,0.4704355001449585,0.3949551582336426,10.279035568237305,6.220817565917969,2.7928528785705566,1.0238010883331299,3.469038963317871,-0.7784786820411682
3.600000,216,9.43216323852539,12.073286056518555,9.682906150817871,6.880676746368408,9.374995231628418,21.07367706298828,16.937297821044922,5.7324090003967285,4.251870155334473,40.41830062866211,38.28738021850586,11.582279205322266,2.008519411087036,26.090980529785156,29.600631713867188,26.79145622253418,5.784829616546631,7.1934027671813965,9.53274917602539,24.740089416503906,0.4795714318752289,0.3809089660644531,10.24515438079834,6.213996410369873,2.7849278450012207,1.0222582817077637,3.458352565765381,-0.7675749659538269
3.616667,217,9.430002212524414,12.05154800415039,9.668536186218262,6.862982273101807,9.36319351196289,21.060808181762695,16.91372299194336,5.701557636260986,4.234624862670898,40.38093185424805,38.23717498779297,11.540229797363281,2.0044190883636475,26.035419464111328,29.529619216918945,26.723844528198242,5.768697261810303,7.182736396789551,9.499160766601562,24.671260833740234,0.4820275604724884,0.3866463005542755,10.233792304992676,6.209205150604248,2.7820911407470703,1.0185178518295288,3.442626476287842,-0.7675216794013977
3.633334,218,9.415271759033203,12.042525291442871,9.669673919677734,6.855090618133545,9.323366165161133,21.054983139038086,16.947484970092773,5.71937894821167,4.233238220214844,40.35466003417969,38.24736404418945,11.538321495056152,1.961869716644287,25.969907760620117,29.498214721679688,26.664995193481445,5.731621742248535,7.0830864906311035,9.455371856689453,24.634960174560547,0.4750225245952606,0.33111751079559326,10.179424285888672,6.211756706237793,2.772014617919922,0.9997915625572205,3.4433393478393555,-0.7234944701194763
3.650000,219,9.414851188659668,12.042460441589355,9.670119285583496,6.851053237915039,9.31494426727295,21.070409774780273,16.964984893798828,5.710379600524902,4.245980262756348,40.37065887451172,38.25647735595703,11.543986320495605,1.9712920188903809,25.9774112701416,29.503093719482422,26.643888473510742,5.726452350616455,7.065901279449463,9.437762260437012,24.612537384033203,0.467410683631897,0.31276023387908936,10.157817840576172,6.204334259033203,2.7703611850738525,1.0072498321533203,3.4378256797790527,-0.719918429851532
3.666667,220,9.408101081848145,12.025370597839355,9.660253524780273,6.830510139465332,9.291861534118652,21.047475814819336,16.934703826904297,5.683954238891602,4.216636657714844,40.30148696899414,38.18953323364258,11.490467071533203,1.9418137073516846,25.891780853271484,29.407136917114258,26.543689727783203,5.694492816925049,7.022007942199707,9.388765335083008,24.52497100830078,0.4737459421157837,0.33076658844947815,10.156463623046875,6.202677249908447,2.7692906856536865,0.992638885974884,3.4209413528442383,-0.713256299495697
3.683334,221,9.382792472839355,11.997971534729004,9.644292831420898,6.7868242263793945,9.250723838806152,21.02069091796875,16.93263053894043,5.66115665435791,4.215825080871582,40.269840240478516,38.17274856567383,11.452713012695312,1.900465965270996,25.83464241027832,29.344219207763672,26.383394241333008,5.647980690002441,6.892524242401123,9.282636642456055,24.40090560913086,0.47611016035079956,0.28448742628097534,10.075844764709473,6.18947172164917,2.7565670013427734,0.9932278394699097,3.402690887451172,-0.6688044667243958
3.700000,222,9.395102500915527,12.001470565795898,9.646764755249023,6.80729341506958,9.267398834228516,21.02268409729004,16.91878318786621,5.66707706451416,4.200085639953613,40.247867584228516,38.14531326293945,11.45527172088623,1.8985474109649658,25.83892250061035,29.359949111938477,26.448152542114258,5.666214942932129,6.950644016265869,9.329713821411133,24.45553207397461,0.4840993583202362,0.3108982443809509,10.115097999572754,6.200554847717285,2.762632131576538,0.979852020740509,3.396207809448242,-0.6874510645866394
3.716667,223,9.368870735168457,11.961966514587402,9.626591682434082,6.7586565017700195,9.197746276855469,21.001419067382812,16.926856994628906,5.63210916519165,4.178187847137451,40.156959533691406,38.07653045654297,11.383115768432617,1.8377907276153564,25.685543060302734,29.208480834960938,26.214092254638672,5.590401649475098,6.782782554626465,9.190120697021484,24.267074584960938,0.48073887825012207,0.2548205554485321,10.022003173828125,6.188973426818848,2.7443912029266357,0.95851731300354,3.3712868690490723,-0.6313993334770203
3.733334,224,9.361028671264648,11.962223052978516,9.627399444580078,6.745758533477783,9.18441390991211,21.00530433654785,16.944101333618164,5.630921363830566,4.191680908203125,40.16777038574219,38.09445571899414,11.381467819213867,1.8396246433258057,25.67486000061035,29.192251205444336,26.156999588012695,5.577220916748047,6.736631870269775,9.154816627502441,24.224958419799805,0.47287774085998535,0.2422609180212021,10.003149032592773,6.181751728057861,2.739501714706421,0.9620243906974792,3.3739662170410156,-0.616442859172821
3.750000,225,9.367352485656738,11.969483375549316,9.629257202148438,6.747878551483154,9.20511245727539,21.010204315185547,16.93379020690918,5.621131896972656,4.201127052307129,40.198936462402344,38.10881423950195,11.392027854919434,1.8617289066314697,25.730052947998047,29.234155654907227,26.18937110900879,5.595487594604492,6.7738142013549805,9.171969413757324,24.247451782226562,0.4774310886859894,0.25570937991142273,10.012191772460938,6.176926136016846,2.7459607124328613,0.977507472038269,3.37026309967041,-0.6338043808937073
3.766667,226,9.35338020324707,11.953497886657715,9.62135124206543,6.724071979522705,9.163263320922852,20.999147415161133,16.941219329833984,5.609921932220459,4.190821170806885,40.158992767333984,38.086326599121094,11.362497329711914,1.8212153911590576,25.652118682861328,29.166980743408203,26.083589553833008,5.55605936050415,6.681326389312744,9.105520248413086,24.16254997253418,0.4759807586669922,0.22458644211292267,9.971041679382324,6.1748433113098145,2.7358522415161133,0.9577821493148804,3.3618621826171875,-0.5982179641723633
3.783334,227,9.343742370605469,11.931822776794434,9.61495304107666,6.709247589111328,9.132126808166504,20.976707458496094,16.93071174621582,5.601604461669922,4.160453796386719,40.078250885009766,38.02296829223633,11.316457748413086,1.7765731811523438,25.56686019897461,29.095481872558594,25.98642921447754,5.52933406829834,6.612869739532471,9.050264358520508,24.092670440673828,0.48688003420829773,0.20046204328536987,9.930034637451172,6.179059028625488,2.732102155685425,0.9310295581817627,3.3361029624938965,-0.5610126256942749
3.800000,228,9.333943367004395,11.919906616210938,9.610642433166504,6.6872992515563965,9.107284545898438,20.981948852539062,16.95423698425293,5.588066577911377,4.161738395690918,40.07437515258789,38.02654266357422,11.299233436584473,1.7460534572601318,25.533315658569336,29.06597328186035,25.875856399536133,5.501481533050537,6.518339157104492,8.974459648132324,24.017038345336914,0.4833572208881378,0.16196098923683167,9.879495620727539,6.1748456954956055,2.7192680835723877,0.9252141118049622,3.3246679306030273,-0.526867151260376
3.816667,229,9.314440727233887,11.899023056030273,9.593326568603516,6.6569294929504395,9.086414337158203,20.94788932800293,16.92588233947754,5.563353538513184,4.161060333251953,40.022010803222656,37.97665023803711,11.267393112182617,1.7401471138000488,25.484479904174805,29.001544952392578,25.775829315185547,5.475456237792969,6.459062576293945,8.914999961853027,23.92494773864746,0.49210527539253235,0.15476003289222717,9.837896347045898,6.160370349884033,2.7155611515045166,0.9270249605178833,3.3042101860046387,-0.5135642886161804
3.833334,230,9.313175201416016,11.884215354919434,9.584916114807129,6.625950813293457,9.05823040008545,20.95731544494629,16.928874969482422,5.521345615386963,4.150877475738525,40.00461959838867,37.948143005371094,11.217744827270508,1.7316560745239258,25.431550979614258,28.935562133789062,25.63677406311035,5.447181224822998,6.392270088195801,8.83864688873291,23.807519912719727,0.4919651746749878,0.12983594834804535,9.796119689941406,6.149760723114014,2.7117910385131836,0.9163833856582642,3.2862019538879395,-0.48721134662628174
3.850000,231,9.294526100158691,11.863285064697266,9.573503494262695,6.604323387145996,9.021862030029297,20.934627532958984,16.93536949157715,5.523067474365234,4.135788917541504,39.94208908081055,37.91167449951172,11.187369346618652,1.6689670085906982,25.330184936523438,28.856069564819336,25.516759872436523,5.403470993041992,6.283575534820557,8.768202781677246,23.730226516723633,0.5028849840164185,0.10131696611642838,9.752580642700195,6.155836582183838,2.698516845703125,0.8939845561981201,3.2737627029418945,-0.44960469007492065
3.866667,232,9.287274360656738,11.853507041931152,9.568553924560547,6.578556537628174,8.999281883239746,20.93415641784668,16.9385929107666,5.493189334869385,4.136745929718018,39.91993713378906,37.88644790649414,11.154664993286133,1.668548822402954,25.277551651000977,28.785280227661133,25.404329299926758,5.372399806976318,6.22505521774292,8.703579902648926,23.627880096435547,0.49847960472106934,0.09749735891819,9.727811813354492,6.144278526306152,2.6932272911071777,0.8913594484329224,3.260343074798584,-0.43548643589019775
3.883334,233,9.282849311828613,11.842660903930664,9.557934761047363,6.561523914337158,8.993916511535645,20.92128562927246,16.91742515563965,5.475692272186279,4.138791084289551,39.910316467285156,37.8714599609375,11.134963035583496,1.6615276336669922,25.250736236572266,28.748197555541992,25.33331871032715,5.365706920623779,6.192891597747803,8.669546127319336,23.573518753051758,0.5079959630966187,0.11725300550460815,9.735077857971191,6.1428399085998535,2.691061496734619,0.8892257809638977,3.2497034072875977,-0.43593716621398926
3.900000,234,9.267767906188965,11.816944122314453,9.543654441833496,6.515450477600098,8.962481498718262,20.929609298706055,16.93595314025879,5.4404072761535645,4.1326985359191895,39.8963623046875,37.85666275024414,11.0845308303833,1.638392448425293,25.20923614501953,28.689205169677734,25.149463653564453,5.328437805175781,6.083251953125,8.557160377502441,23.433399200439453,0.50067538022995,0.05873019993305206,9.656011581420898,6.133036136627197,2.681497573852539,0.8847743272781372,3.2305116653442383,-0.3847476840019226
3.916667,235,9.253113746643066,11.81322956085205,9.54262638092041,6.510431289672852,8.939197540283203,20.917423248291016,16.955917358398438,5.453110694885254,4.139235019683838,39.86051940917969,37.84395980834961,11.086697578430176,1.6172220706939697,25.14639663696289,28.644975662231445,25.104726791381836,5.297313213348389,6.014935493469238,8.526693344116211,23.400171279907227,0.5021402835845947,0.03438545763492584,9.623773574829102,6.131011009216309,2.6718382835388184,0.8760988712310791,3.229705333709717,-0.3623284697532654
3.933334,236,9.246569633483887,11.777634620666504,9.529977798461914,6.476537704467773,8.897469520568848,20.897464752197266,16.942434310913086,5.4144415855407715,4.085630416870117,39.75775146484375,37.75072479248047,10.988829612731934,1.548863172531128,25.016416549682617,28.515947341918945,24.893207550048828,5.247679233551025,5.897860050201416,8.410324096679688,23.24393653869629,0.513511061668396,-0.00286121666431427,9.555944442749023,6.135296821594238,2.6716134548187256,0.8430453538894653,3.185204029083252,-0.3014841079711914
3.950000,237,9.2400541305542,11.798216819763184,9.529074668884277,6.481631278991699,8.911958694458008,20.89606285095215,16.92662811279297,5.421700477600098,4.12978458404541,39.81208419799805,37.790504455566406,11.045821189880371,1.6030027866363525,25.082794189453125,28.565227508544922,24.986160278320312,5.270074844360352,5.9499030113220215,8.459561347961426,23.290925979614258,0.5145738124847412,0.04589340090751648,9.607585906982422,6.122713565826416,2.67301344871521,0.8688364028930664,3.2044472694396973,-0.3507324457168579
3.966667,238,9.233147621154785,11.772727966308594,9.52033805847168,6.45282506942749,8.898216247558594,20.873689651489258,16.922954559326172,5.400441646575928,4.107131004333496,39.75270080566406,37.74604797363281,10.989045143127441,1.549635410308838,25.007959365844727,28.49759292602539,24.826929092407227,5.237213134765625,5.848242282867432,8.374954223632812,23.197641372680664,0.5281271934509277,0.020473912358283997,9.561237335205078,6.125544548034668,2.663756847381592,0.8457246422767639,3.1799230575561523,-0.3065006136894226
3.983334,239,9.221051216125488,11.770102500915527,9.517757415771484,6.441606521606445,8.867220878601074,20.876386642456055,16.94562339782715,5.400756359100342,4.117382526397705,39.74339294433594,37.74650955200195,10.983565330505371,1.551201343536377,24.961267471313477,28.455928802490234,24.76231575012207,5.214230060577393,5.784506320953369,8.334375381469727,23.137483596801758,0.5185034275054932,-0.013571128249168396,9.526599884033203,6.118696689605713,2.6600637435913086,0.8410323858261108,3.1824965476989746,-0.27766817808151245
4.000000,240,9.20547103881836,11.745237350463867,9.508526802062988,6.408377170562744,8.828502655029297,20.855606079101562,16.946327209472656,5.381346225738525,4.0832648277282715,39.64463424682617,37.67054748535156,10.914648056030273,1.4894773960113525,24.840137481689453,28.34239387512207,24.58392906188965,5.157733917236328,5.668951511383057,8.240673065185547,23.0100040435791,0.5312454700469971,-0.044567689299583435,9.471713066101074,6.121191501617432,2.6570982933044434,0.8108487725257874,3.154540538787842,-0.2276231050491333
4.016667,241,9.185736656188965,11.718123435974121,9.48521900177002,6.366607666015625,8.804421424865723,20.842472076416016,16.94059944152832,5.34783935546875,4.09663724899292,39.6422004699707,37.663700103759766,10.885701179504395,1.4808831214904785,24.797704696655273,28.288745880126953,24.429597854614258,5.131218910217285,5.563232898712158,8.147563934326172,22.888715744018555,0.5374903678894043,-0.07306788861751556,9.421834945678711,6.111265659332275,2.6456997394561768,0.8078600764274597,3.1343536376953125,-0.19512566924095154
4.033334,242,9.194515228271484,11.709941864013672,9.49190616607666,6.369609355926514,8.788854598999023,20.8682804107666,16.98276710510254,5.355020523071289,4.0724287033081055,39.60485076904297,37.643096923828125,10.85256290435791,1.4431376457214355,24.738197326660156,28.24852180480957,24.3648681640625,5.110222339630127,5.519179821014404,8.114553451538086,22.854694366455078,0.5279331207275391,-0.11372832953929901,9.391947746276855,6.123778343200684,2.6455233097076416,0.7821611762046814,3.121673107147217,-0.14998996257781982
4.050000,243,9.177988052368164,11.711790084838867,9.490866661071777,6.3696818351745605,8.79012393951416,20.835693359375,16.986270904541016,5.3802571296691895,4.083683967590332,39.58404541015625,37.646915435791016,10.871912956237793,1.418651819229126,24.704526901245117,28.237600326538086,24.35479164123535,5.090817928314209,5.458858013153076,8.106400489807129,22.867708206176758,0.5421983003616333,-0.11841972172260284,9.380870819091797,6.124569892883301,2.6334874629974365,0.7808188199996948,3.132430076599121,-0.1445089876651764
4.066667,244,9.14934253692627,11.668612480163574,9.461543083190918,6.305985450744629,8.72956371307373,20.798660278320312,16.94967269897461,5.327836036682129,4.0518999099731445,39.47614288330078,37.54497146606445,10.770639419555664,1.3777515888214111,24.5644474029541,28.074010848999023,24.093706130981445,5.030065059661865,5.324859142303467,7.9698028564453125,22.64844512939453,0.5561373233795166,-0.13477180898189545,9.323877334594727,6.1164093017578125,2.636338710784912,0.7538242340087891,3.0882506370544434,-0.09002596139907837
4.083334,245,9.143366813659668,11.66148567199707,9.459281921386719,6.299269199371338,8.704728126525879,20.80140495300293,16.98181915283203,5.325643539428711,4.044310569763184,39.422760009765625,37.50856018066406,10.74907112121582,1.3458220958709717,24.48041343688965,28.011524200439453,24.008182525634766,4.98726749420166,5.2394795417785645,7.922629356384277,22.587112426757812,0.550449013710022,-0.18053434789180756,9.27542781829834,6.112666606903076,2.63148832321167,0.7376747131347656,3.0810890197753906,-0.05358928442001343
4.100000,246,9.141267776489258,11.639951705932617,9.441019058227539,6.253612995147705,8.698358535766602,20.794347763061523,16.93904685974121,5.2538299560546875,4.045133590698242,39.44080352783203,37.491275787353516,10.704476356506348,1.3609380722045898,24.4835205078125,27.97475242614746,23.88768196105957,4.976232528686523,5.211711406707764,7.854303359985352,22.46970558166504,0.5586880445480347,-0.16023223102092743,9.269923210144043,6.0988616943359375,2.629915475845337,0.7423110604286194,3.052999973297119,-0.05907779932022095
4.116667,247,9.117916107177734,11.610061645507812,9.422752380371094,6.215778827667236,8.666219711303711,20.7939510345459,16.970008850097656,5.251510143280029,4.041100025177002,39.398990631103516,37.470481872558594,10.657086372375488,1.3175702095031738,24.40895652770996,27.904052734375,23.689332962036133,4.935955047607422,5.0689697265625,7.744037628173828,22.344900131225586,0.5556936264038086,-0.23155589401721954,9.188599586486816,6.101252555847168,2.624725341796875,0.72696453332901,3.0334010124206543,0.0171985924243927
4.133334,248,9.10865306854248,11.600983619689941,9.422611236572266,6.20839262008667,8.645211219787598,20.79199981689453,17.005319595336914,5.261266231536865,4.030790328979492,39.35777282714844,37.45396041870117,10.635801315307617,1.2823903560638428,24.32636070251465,27.84444808959961,23.598915100097656,4.8990020751953125,4.981657028198242,7.698777675628662,22.294828414916992,0.5524577498435974,-0.27002424001693726,9.153903007507324,6.106100082397461,2.6158947944641113,0.7084197998046875,3.0332818031311035,0.056591302156448364
4.150000,249,9.105652809143066,11.585992813110352,9.417597770690918,6.210709571838379,8.641449928283691,20.770503997802734,16.996328353881836,5.263872146606445,4.014739990234375,39.30823516845703,37.416969299316406,10.618762969970703,1.25771164894104,24.28232192993164,27.814987182617188,23.579940795898438,4.889370441436768,4.952969074249268,7.684132099151611,22.284717559814453,0.5619033575057983,-0.27598053216934204,9.138625144958496,6.1110148429870605,2.6141819953918457,0.6943455934524536,3.015143394470215,0.07434998452663422
4.166667,250,9.094585418701172,11.575305938720703,9.402106285095215,6.168724060058594,8.627617835998535,20.78351593017578,16.99196434020996,5.21681547164917,4.027541637420654,39.32830810546875,37.412818908691406,10.584358215332031,1.274747610092163,24.28623390197754,27.780405044555664,23.42777442932129,4.870633125305176,4.883164405822754,7.597511291503906,22.153722763061523,0.557532787322998,-0.2906911373138428,9.103522300720215,6.092254638671875,2.6148509979248047,0.7067276835441589,2.9962854385375977,0.09417130053043365
4.183334,251,9.077775955200195,11.559056282043457,9.406564712524414,6.180547714233398,8.584149360656738,20.737201690673828,17.0137996673584,5.25372838973999,3.9787204265594482,39.19092559814453,37.33650588989258,10.545469284057617,1.192997932434082,24.107866287231445,27.661653518676758,23.36897087097168,4.807949542999268,4.771457195281982,7.567867279052734,22.125852584838867,0.5653836727142334,-0.3341916799545288,9.063849449157715,6.109142303466797,2.609854221343994,0.6614663600921631,2.991119384765625,0.15383855998516083
4.200000,252,9.047372817993164,11.525044441223145,9.38081169128418,6.126212120056152,8.559301376342773,20.711578369140625,17.01600456237793,5.227445602416992,3.976884365081787,39.133705139160156,37.293067932128906,10.491652488708496,1.14176607131958,24.023582458496094,27.57218360900879,23.130338668823242,4.74969482421875,4.595314025878906,7.433434963226318,21.962936401367188,0.5735886693000793,-0.3775904178619385,8.993715286254883,6.103731155395508,2.597914457321167,0.647061288356781,2.962017059326172,0.21658116579055786
4.216667,253,9.052966117858887,11.523225784301758,9.383109092712402,6.13086462020874,8.560212135314941,20.692026138305664,16.99658203125,5.230378150939941,3.9541637897491455,39.09939956665039,37.265377044677734,10.472947120666504,1.118956208229065,23.998279571533203,27.55735206604004,23.142107009887695,4.751072883605957,4.608682632446289,7.448668479919434,21.982994079589844,0.5862379670143127,-0.37403684854507446,8.997754096984863,6.108617305755615,2.5984151363372803,0.6362446546554565,2.96743106842041,0.21462810039520264
4.233334,254,9.033037185668945,11.49461841583252,9.371614456176758,6.090939044952393,8.50799560546875,20.68460464477539,17.027606964111328,5.206286907196045,3.9237148761749268,39.01622009277344,37.203556060791016,10.388609886169434,1.0642331838607788,23.84807586669922,27.412160873413086,22.892488479614258,4.676662445068359,4.432877063751221,7.312793254852295,21.800764083862305,0.5752488374710083,-0.44022053480148315,8.91749382019043,6.105868816375732,2.595928192138672,0.6092069745063782,2.941619873046875,0.30239468812942505
4.250000,255,9.027837753295898,11.478984832763672,9.355512619018555,6.066686153411865,8.506819725036621,20.6772403717041,17.006431579589844,5.173486232757568,3.929072618484497,39.015560150146484,37.18445587158203,10.370553970336914,1.0760936737060547,23.858118057250977,27.404998779296875,22.831695556640625,4.674602508544922,4.413941860198975,7.279129981994629,21.745214462280273,0.581849217414856,-0.44352012872695923,8.900670051574707,6.095099449157715,2.593130588531494,0.6125385165214539,2.927499771118164,0.303360253572464
4.266667,256,9.000676155090332,11.454395294189453,9.340516090393066,6.038563251495361,8.473112106323242,20.6582088470459,17.026004791259766,5.180670738220215,3.9085800647735596,38.9448127746582,37.14606857299805,10.318824768066406,1.0195338726043701,23.750064849853516,27.309335708618164,22.65328598022461,4.623045444488525,4.268922805786133,7.184226036071777,21.635189056396484,0.5822396874427795,-0.4927177429199219,8.843029022216797,6.099722385406494,2.590627908706665,0.5920307040214539,2.91304874420166,0.37407633662223816
4.283334,257,8.99206256866455,11.44392204284668,9.345398902893066,6.042903900146484,8.458939552307129,20.62407112121582,17.03368377685547,5.1999640464782715,3.876408338546753,38.85739517211914,37.09502029418945,10.284914016723633,0.9630793929100037,23.664588928222656,27.254350662231445,22.58271026611328,4.592098712921143,4.181243896484375,7.14627742767334,21.612449645996094,0.5926262736320496,-0.5195167660713196,8.811920166015625,6.1087965965271,2.5918076038360596,0.568881094455719,2.901655673980713,0.4219893217086792
4.300000,258,8.98597526550293,11.423727035522461,9.32770824432373,6.012294769287109,8.436738014221191,20.62952423095703,17.04442596435547,5.1610941886901855,3.8663973808288574,38.81940841674805,37.048095703125,10.239501953125,0.9486494064331055,23.590065002441406,27.17107582092285,22.450239181518555,4.5439772605896,4.105584144592285,7.075538635253906,21.491931915283203,0.5801788568496704,-0.5521652102470398,8.769925117492676,6.098073482513428,2.5807175636291504,0.5566096305847168,2.889404773712158,0.44880470633506775
4.316667,259,8.970221519470215,11.405444145202637,9.314343452453613,5.99022912979126,8.422843933105469,20.60759925842285,17.031768798828125,5.158288955688477,3.8546667098999023,38.78600311279297,37.02326583862305,10.20689582824707,0.921057939529419,23.547374725341797,27.12673568725586,22.36232566833496,4.524471282958984,4.041880130767822,7.026070594787598,21.432788848876953,0.5883111953735352,-0.5715238451957703,8.737333297729492,6.098801612854004,2.5800118446350098,0.5485149621963501,2.8775296211242676,0.48382359743118286
4.333334,260,8.945673942565918,11.393357276916504,9.309277534484863,5.976523399353027,8.383200645446777,20.578882217407227,17.06839370727539,5.182069301605225,3.8188023567199707,38.67808151245117,36.967716217041016,10.158121109008789,0.8213980197906494,23.38424301147461,27.00886344909668,22.195709228515625,4.443362712860107,3.8546011447906494,6.938847064971924,21.345115661621094,0.5953067541122437,-0.6295609474182129,8.679516792297363,6.1067280769348145,2.5742533206939697,0.5171360373497009,2.8719305992126465,0.5597413182258606
4.350000,261,8.933310508728027,11.367069244384766,9.286304473876953,5.927792549133301,8.355995178222656,20.58385467529297,17.064701080322266,5.12267541885376,3.830014705657959,38.676998138427734,36.943138122558594,10.109281539916992,0.8388516306877136,23.3587703704834,26.954975128173828,22.01476287841797,4.417662620544434,3.7577714920043945,6.833021640777588,21.187776565551758,0.5870329141616821,-0.6646571755409241,8.623956680297852,6.08619499206543,2.576641082763672,0.5168007016181946,2.8382716178894043,0.6048516035079956
4.366667,262,8.910835266113281,11.345087051391602,9.263980865478516,5.900498867034912,8.325284004211426,20.552833557128906,17.04507064819336,5.095755577087402,3.824659585952759,38.61623001098633,36.88926696777344,10.081415176391602,0.822799563407898,23.264636993408203,26.858095169067383,21.92035484313965,4.359042644500732,3.6879794597625732,6.786259174346924,21.085773468017578,0.5869536399841309,-0.6680096983909607,8.600547790527344,6.076955318450928,2.5726828575134277,0.5143222212791443,2.827704906463623,0.608491063117981
4.383334,263,8.903608322143555,11.340018272399902,9.275728225708008,5.923136234283447,8.303956031799316,20.539655685424805,17.11423683166504,5.1554646492004395,3.7799229621887207,38.5102424621582,36.84783172607422,10.05346393585205,0.7261207699775696,23.124399185180664,26.790098190307617,21.857637405395508,4.310560703277588,3.551673650741577,6.750808238983154,21.095951080322266,0.5860790014266968,-0.7428603172302246,8.54696273803711,6.096004009246826,2.5635883808135986,0.4683293402194977,2.8304052352905273,0.6966162919998169
4.400000,264,8.888404846191406,11.337356567382812,9.265579223632812,5.900374412536621,8.295416831970215,20.536611557006836,17.11012077331543,5.147179126739502,3.7930376529693604,38.51081085205078,36.8491325378418,10.040268898010254,0.7268438339233398,23.126436233520508,26.77330207824707,21.766639709472656,4.299628257751465,3.4968132972717285,6.703124046325684,21.03217315673828,0.5823855400085449,-0.7474955916404724,8.533868789672852,6.086469650268555,2.566164970397949,0.473379909992218,2.8267822265625,0.716461718082428
4.416667,265,8.871325492858887,11.29369831085205,9.235980033874512,5.846487998962402,8.272761344909668,20.50925636291504,17.092693328857422,5.091632843017578,3.7666513919830322,38.457393646240234,36.79288101196289,9.95787525177002,0.6740743517875671,23.021427154541016,26.658536911010742,21.524944305419922,4.242424964904785,3.3532633781433105,6.575374126434326,20.862430572509766,0.5944116711616516,-0.7726538181304932,8.478060722351074,6.082861423492432,2.557586431503296,0.4615567922592163,2.791257381439209,0.7629376649856567
4.433334,266,8.867298126220703,11.292997360229492,9.235803604125977,5.855432033538818,8.25294303894043,20.502460479736328,17.107223510742188,5.105132102966309,3.7594316005706787,38.414730072021484,36.76417541503906,9.963688850402832,0.6610071659088135,22.966243743896484,26.62801742553711,21.560657501220703,4.215012550354004,3.335794448852539,6.587432384490967,20.867307662963867,0.5873951315879822,-0.7980472445487976,8.458256721496582,6.082327365875244,2.555107831954956,0.448354035615921,2.793036460876465,0.7772569060325623
4.450000,267,8.850015640258789,11.291219711303711,9.233235359191895,5.85801362991333,8.224346160888672,20.492923736572266,17.158349990844727,5.143703460693359,3.7329158782958984,38.33271789550781,36.72705078125,9.93746566772461,0.5923316478729248,22.847070693969727,26.552335739135742,21.47612190246582,4.15334939956665,3.21146297454834,6.546698570251465,20.833255767822266,0.580378532409668,-0.8669958710670471,8.399078369140625,6.085777282714844,2.5507993698120117,0.4248528778553009,2.804074287414551,0.844829797744751
4.466667,268,8.81137466430664,11.283692359924316,9.231897354125977,5.880886077880859,8.183185577392578,20.448856353759766,17.21393394470215,5.228649616241455,3.6965153217315674,38.20842742919922,36.686798095703125,9.931066513061523,0.5027557611465454,22.682554244995117,26.462560653686523,21.42877960205078,4.085417747497559,3.0511605739593506,6.5177178382873535,20.84020233154297,0.5768159627914429,-0.931763231754303,8.350214958190918,6.10075044631958,2.5455148220062256,0.3948596119880676,2.8162479400634766,0.9278695583343506
4.483334,269,8.810848236083984,11.232983589172363,9.190690994262695,5.786977291107178,8.163276672363281,20.458349227905273,17.17601776123047,5.11016321182251,3.671092987060547,38.1683349609375,36.59500503540039,9.789383888244629,0.4779803454875946,22.624698638916016,26.33615493774414,21.073762893676758,4.047574996948242,2.941563367843628,6.339262008666992,20.568443298339844,0.5793725848197937,-0.950361430644989,8.28952407836914,6.080295562744141,2.545375347137451,0.38129234313964844,2.7627387046813965,0.9837316870689392
4.500000,270,8.786396980285645,11.241852760314941,9.19125747680664,5.785434246063232,8.144241333007812,20.42347526550293,17.172758102416992,5.144137859344482,3.6655287742614746,38.13789749145508,36.600013732910156,9.793856620788574,0.4357076585292816,22.579988479614258,26.31111717224121,21.04012107849121,4.022404193878174,2.859398603439331,6.319851398468018,20.56839370727539,0.5919703245162964,-0.9535861611366272,8.281327247619629,6.0821027755737305,2.5508854389190674,0.3812186121940613,2.771538734436035,1.004608392715454
4.516667,271,8.76546573638916,11.218402862548828,9.167400360107422,5.746699333190918,8.096165657043457,20.417835235595703,17.193904876708984,5.106508731842041,3.660872220993042,38.079593658447266,36.54717254638672,9.741857528686523,0.4178285598754883,22.46352195739746,26.1983585357666,20.86020278930664,3.95461368560791,2.7303452491760254,6.22786283493042,20.417116165161133,0.5802434682846069,-1.0105055570602417,8.21242618560791,6.063360214233398,2.5478475093841553,0.3697899580001831,2.757579803466797,1.0575343370437622
4.533334,272,8.739486694335938,11.198996543884277,9.15275764465332,5.732692718505859,8.079863548278809,20.370555877685547,17.179811477661133,5.120275020599365,3.645472526550293,38.014869689941406,36.51252746582031,9.725204467773438,0.36395350098609924,22.393795013427734,26.145736694335938,20.79039192199707,3.918200731277466,2.6303272247314453,6.179473400115967,20.377363204956055,0.586795449256897,-1.0243505239486694,8.183942794799805,6.065985202789307,2.541257619857788,0.3585595190525055,2.7433290481567383,1.0960841178894043
4.550000,273,8.752197265625,11.196199417114258,9.14990234375,5.71753454208374,8.065919876098633,20.393802642822266,17.20024871826172,5.0833659172058105,3.6201725006103516,37.978328704833984,36.4655876159668,9.668902397155762,0.3459988832473755,22.32102394104004,26.072208404541016,20.681974411010742,3.881101608276367,2.5983777046203613,6.141481399536133,20.294601440429688,0.5823400020599365,-1.046691656112671,8.159891128540039,6.057511806488037,2.5424439907073975,0.34786805510520935,2.7401328086853027,1.1081210374832153
4.566667,274,8.720564842224121,11.18813419342041,9.133635520935059,5.705817222595215,8.061821937561035,20.327136993408203,17.15382194519043,5.095686912536621,3.6173148155212402,37.921016693115234,36.426231384277344,9.670774459838867,0.32447922229766846,22.292388916015625,26.042957305908203,20.652957916259766,3.8641462326049805,2.5331432819366455,6.118042945861816,20.27605438232422,0.6012625694274902,-1.0327280759811401,8.149738311767578,6.04700231552124,2.5372157096862793,0.35720470547676086,2.7401599884033203,1.1092469692230225
4.583334,275,8.697907447814941,11.173650741577148,9.124771118164062,5.700011253356934,8.025668144226074,20.31045150756836,17.19607162475586,5.133806228637695,3.5743038654327393,37.83308410644531,36.38618469238281,9.626456260681152,0.22781598567962646,22.161680221557617,25.959571838378906,20.536951065063477,3.802070379257202,2.3857083320617676,6.051833629608154,20.23211669921875,0.6051912903785706,-1.1018937826156616,8.078317642211914,6.059421539306641,2.539527654647827,0.3309321105480194,2.730215549468994,1.1985900402069092
4.600000,276,8.686776161193848,11.169249534606934,9.12147045135498,5.708691120147705,8.005043983459473,20.299760818481445,17.215078353881836,5.157538414001465,3.5561766624450684,37.76517868041992,36.346458435058594,9.614997863769531,0.20517803728580475,22.090723037719727,25.90559196472168,20.523828506469727,3.780627727508545,2.3539037704467773,6.049412250518799,20.2248477935791,0.5906639099121094,-1.117453932762146,8.073572158813477,6.059094429016113,2.536160707473755,0.31339457631111145,2.740248203277588,1.223601222038269
4.616667,277,8.664588928222656,11.155688285827637,9.099431991577148,5.661637783050537,7.950186729431152,20.297142028808594,17.236648559570312,5.119275093078613,3.5480880737304688,37.704444885253906,36.29461669921875,9.55943775177002,0.17415578663349152,21.962432861328125,25.781522750854492,20.340167999267578,3.7017245292663574,2.209566116333008,5.955116271972656,20.066312789916992,0.5801440477371216,-1.176749348640442,8.005524635314941,6.036408424377441,2.5344412326812744,0.30201059579849243,2.7325611114501953,1.2799601554870605
4.633334,278,8.663925170898438,11.165448188781738,9.120776176452637,5.703014850616455,7.935168266296387,20.297998428344727,17.29668617248535,5.204434394836426,3.49863862991333,37.63963317871094,36.290557861328125,9.5494384765625,0.09319648146629333,21.883752822875977,25.75716781616211,20.36817169189453,3.694735288619995,2.172736406326294,5.975133419036865,20.15285873413086,0.5649142265319824,-1.2195106744766235,7.999110698699951,6.065329551696777,2.5333828926086426,0.2689409852027893,2.7610344886779785,1.341484785079956
4.650000,279,8.628582954406738,11.12910270690918,9.07388687133789,5.626676559448242,7.902631759643555,20.261001586914062,17.25536346435547,5.132663726806641,3.4882333278656006,37.560585021972656,36.19365692138672,9.465682029724121,0.07023876160383224,21.796401977539062,25.63051414489746,20.108779907226562,3.620743751525879,2.0253419876098633,5.8351521492004395,19.93247413635254,0.5734192132949829,-1.243924617767334,7.919681072235107,6.0323166847229,2.5354089736938477,0.2790765166282654,2.7204508781433105,1.3862464427947998
4.666667,280,8.607847213745117,11.14306926727295,9.077605247497559,5.647214412689209,7.850847244262695,20.250028610229492,17.317813873291016,5.185464859008789,3.4568088054656982,37.4659538269043,36.16162872314453,9.461441040039062,0.001239866018295288,21.620861053466797,25.516645431518555,20.091262817382812,3.54740047454834,1.9170793294906616,5.835115909576416,19.93071174621582,0.5553968548774719,-1.2953389883041382,7.891822814941406,6.0308051109313965,2.527898073196411,0.25763723254203796,2.756047248840332,1.4278991222381592
4.683334,281,8.591923713684082,11.121798515319824,9.05882740020752,5.613797187805176,7.86311149597168,20.227460861206055,17.2849063873291,5.170351028442383,3.470018148422241,37.48558807373047,36.17024612426758,9.442121505737305,-0.0028196871280670166,21.654415130615234,25.520050048828125,19.99032211303711,3.5543313026428223,1.8728456497192383,5.772406578063965,19.87355613708496,0.5712622404098511,-1.2890781164169312,7.8653059005737305,6.031670570373535,2.5289361476898193,0.27153831720352173,2.7311410903930664,1.446892499923706
4.700000,282,8.56525993347168,11.122939109802246,9.039477348327637,5.610814094543457,7.810556411743164,20.20343017578125,17.318218231201172,5.1960978507995605,3.424973487854004,37.32753372192383,36.05278778076172,9.398566246032715,-0.07950063049793243,21.47899627685547,25.382221221923828,19.899581909179688,3.4632112979888916,1.7462610006332397,5.733747959136963,19.80161476135254,0.5510677099227905,-1.351906418800354,7.806702136993408,6.01200532913208,2.5259575843811035,0.2539536654949188,2.7489686012268066,1.5043988227844238
4.716667,283,8.551602363586426,11.108857154846191,9.031440734863281,5.57708215713501,7.78897762298584,20.160722732543945,17.268165588378906,5.161360263824463,3.4127519130706787,37.28949737548828,36.02014923095703,9.357379913330078,-0.10563361644744873,21.4321231842041,25.321624755859375,19.79909896850586,3.4481637477874756,1.7023930549621582,5.68695592880249,19.731386184692383,0.5738556981086731,-1.327947735786438,7.801451683044434,6.005592346191406,2.5324857234954834,0.2556045353412628,2.7308506965637207,1.5021922588348389
4.733334,284,8.527575492858887,11.114543914794922,9.021871566772461,5.5835981369018555,7.7645769119262695,20.1848201751709,17.357114791870117,5.222557067871094,3.4058351516723633,37.25175094604492,36.02287292480469,9.365447044372559,-0.15848392248153687,21.34964942932129,25.277481079101562,19.756155014038086,3.3906891345977783,1.5860966444015503,5.65482759475708,19.721660614013672,0.5424052476882935,-1.414796233177185,7.733798027038574,6.005335807800293,2.522249937057495,0.24731408059597015,2.751270294189453,1.5832359790802002
4.750000,285,8.503253936767578,11.102543830871582,9.004914283752441,5.5534563064575195,7.710200786590576,20.147920608520508,17.352842330932617,5.214250087738037,3.3630149364471436,37.12251281738281,35.922569274902344,9.290084838867188,-0.22863611578941345,21.20229721069336,25.136823654174805,19.590194702148438,3.3275158405303955,1.4710341691970825,5.577311992645264,19.61079216003418,0.5382464528083801,-1.4526423215866089,7.675520896911621,5.992259979248047,2.5306148529052734,0.2361658364534378,2.746595859527588,1.643742322921753
4.766667,286,8.495344161987305,11.104235649108887,8.995532989501953,5.543980598449707,7.703527450561523,20.17332649230957,17.392364501953125,5.219980716705322,3.3758418560028076,37.15083312988281,35.956878662109375,9.298614501953125,-0.24592551589012146,21.16253089904785,25.105745315551758,19.549455642700195,3.298013210296631,1.4114930629730225,5.551932334899902,19.578216552734375,0.5282835960388184,-1.4727849960327148,7.664628982543945,5.9895548820495605,2.5153632164001465,0.23762215673923492,2.754117012023926,1.6552400588989258
4.783334,287,8.473700523376465,11.092550277709961,8.974444389343262,5.499251842498779,7.664135456085205,20.142053604125977,17.36592674255371,5.178380489349365,3.3582990169525146,37.06007766723633,35.87080383300781,9.232402801513672,-0.27657219767570496,21.06865882873535,24.990646362304688,19.370027542114258,3.246643543243408,1.3200700283050537,5.469815731048584,19.438573837280273,0.5306737422943115,-1.480292558670044,7.62363338470459,5.965803623199463,2.525663137435913,0.24014337360858917,2.739001750946045,1.6823716163635254
4.800000,288,8.4627103805542,11.106568336486816,8.981382369995117,5.515042304992676,7.651510238647461,20.146711349487305,17.412202835083008,5.223932266235352,3.3527657985687256,37.04458236694336,35.88701248168945,9.24780559539795,-0.30478188395500183,21.03311538696289,24.982763290405273,19.38457489013672,3.2227799892425537,1.270837426185608,5.475740909576416,19.472856521606445,0.514204740524292,-1.523288369178772,7.597355842590332,5.96495246887207,2.5227763652801514,0.24025152623653412,2.762467861175537,1.7171380519866943
4.816667,289,8.419602394104004,11.079740524291992,8.943020820617676,5.479160785675049,7.619208812713623,20.06934928894043,17.36134147644043,5.230356693267822,3.3078396320343018,36.88966369628906,35.762420654296875,9.184491157531738,-0.395294725894928,20.91448211669922,24.86555290222168,19.245195388793945,3.169917106628418,1.1538734436035156,5.400229454040527,19.386140823364258,0.5309141874313354,-1.5409553050994873,7.537448883056641,5.9532575607299805,2.5242691040039062,0.2388569414615631,2.7458958625793457,1.7687427997589111
4.833334,290,8.432807922363281,11.090744018554688,8.955218315124512,5.488832473754883,7.6259989738464355,20.08438491821289,17.37405776977539,5.226849555969238,3.3039536476135254,36.904212951660156,35.76946258544922,9.19057559967041,-0.3841032385826111,20.93053436279297,24.88842010498047,19.278202056884766,3.178551435470581,1.1825827360153198,5.421570777893066,19.41143035888672,0.5353076457977295,-1.5339629650115967,7.551906585693359,5.9551100730896,2.5247645378112793,0.23390646278858185,2.7481398582458496,1.7519352436065674
4.850000,291,5.768651008605957,19.490676879882812,15.953518867492676,3.5854711532592773,10.156476020812988,28.097267150878906,30.440919876098633,0.1060747355222702,20.13978385925293,54.22255325317383,49.1859016418457,4.333581447601318,43.66035079956055,65.82225036621094,60.89407730102539,-6.069196701049805,30.49371910095215,51.13978958129883,63.99036407470703,2.1450161933898926,8.726349830627441,36.379173278808594,101.90482330322266,3.632094621658325,3.0261054039001465,23.440502166748047,90.08015441894531,5.620619773864746
4.866667,292,5.618679523468018,11.169197082519531,10.932836532592773,7.672152519226074,1.8518290519714355,11.647390365600586,18.385435104370117,12.997907638549805,9.20009708404541,29.85385513305664,29.859603881835938,23.144271850585938,13.520787239074707,18.56492042541504,28.0131893157959,37.19050979614258,11.296921730041504,10.889130592346191,20.287538528442383,32.49534606933594,7.098865985870361,3.220898151397705,8.233325004577637,2.0221548080444336,-1.1301279067993164,-0.905807614326477,4.827730655670166,-4.58183479309082
4.883334,293,0.5671098232269287,6.229803085327148,3.1858699321746826,-0.7681944370269775,3.927847146987915,8.838264465332031,5.275948524475098,1.8893059492111206,2.984032392501831,13.444069862365723,10.476009368896484,2.5838119983673096,13.102149963378906,10.36251163482666,6.450531482696533,-1.1628530025482178,5.649302005767822,3.8874659538269043,1.5011228322982788,1.0200848579406738,1.5996990203857422,6.715488433837891,7.875442981719971,1.385961651802063,4.048633098602295,1.6441439390182495,-0.5207527279853821,-0.8991941809654236
4.900000,294,4.395785808563232,5.021002292633057,13.129925727844238,7.360629558563232,5.301136493682861,14.23936939239502,21.609569549560547,20.332149505615234,22.272144317626953,38.7083625793457,40.52009582519531,20.383785247802734,124.28880310058594,129.21426391601562,105.49969482421875,62.276187896728516,46.7972297668457,42.3654899597168,31.689739227294922,34.7502326965332,16.31490707397461,47.351646423339844,86.13892364501953,14.19009017944336,-5.909299850463867,-5.022078037261963,62.738502502441406,34.40977096557617
4.916667,295,6.657049655914307,-2.152015209197998,24.791318893432617,47.28206253051758,16.86574363708496,1.2708046436309814,41.85233688354492,64.89361572265625,34.491973876953125,33.70685577392578,64.77957153320312,82.88784790039062,202.1883544921875,183.65689086914062,233.90452575683594,271.1687927246094,64.04829406738281,34.59954071044922,89.87771606445312,161.11009216308594,35.87342071533203,114.90359497070312,203.38262939453125,86.8951416015625,8.96314525604248,51.875125885009766,162.06155395507812,126.6832504272461
4.933334,296,26.87468719482422,5.764847755432129,21.640092849731445,79.78549194335938,39.32683563232422,7.873258590698242,33.01404571533203,100.00198364257812,56.91956329345703,46.15328598022461,72.75003051757812,123.74281311035156,287.7636413574219,278.6341857910156,310.5885009765625,405.2488098144531,102.64472198486328,62.475433349609375,97.46033477783203,247.3420867919922,80.69850158691406,154.97935485839844,226.9506378173828,155.31182861328125,50.412967681884766,127.14068603515625,214.12957763671875,218.6220703125
4.950000,297,43.180809020996094,11.536699295043945,30.635744094848633,111.24638366699219,58.102657318115234,8.787688255310059,33.329044342041016,129.9255828857422,81.99197387695312,50.024864196777344,85.00066375732422,162.14466857910156,382.9361572265625,352.6680603027344,397.8099670410156,533.5624389648438,135.42898559570312,82.39515686035156,133.34051513671875,328.1927185058594,113.25102996826172,204.64772033691406,283.5003967285156,207.47750854492188,71.42488098144531,172.45729064941406,261.6790771484375,283.2839660644531
4.966667,298,61.16667556762695,31.551776885986328,46.334007263183594,136.45724487304688,88.65801239013672,38.79735565185547,51.721839904785156,156.96627807617188,116.33171081542969,77.89834594726562,113.41040802001953,211.43202209472656,447.2554016113281,370.1310729980469,417.5060119628906,616.5870971679688,186.6373291015625,120.63102722167969,197.76058959960938,420.0517272949219,134.88583374023438,192.4549102783203,292.3375244140625,260.8190612792969,88.10844421386719,179.5334930419922,264.4558410644531,316.35333251953125
4.983334,299,96.69160461425781,92.67268371582031,109.50297546386719,145.1515350341797,143.0128631591797,130.38075256347656,122.52831268310547,157.77761840820312,157.91944885253906,125.48390197753906,143.76409912109375,199.51776123046875,497.6532897949219,471.9165954589844,486.4799499511719,539.1199340820312,214.47531127929688,172.148681640625,251.47837829589844,381.27838134765625,140.32492065429688,157.51602172851562,222.25022888183594,227.29969787597656,98.29894256591797,219.49343872070312,231.62533569335938,245.38320922851562
5.000000,300,126.9036636352539,139.65147399902344,153.24635314941406,163.0625,191.62818908691406,186.5104522705078,172.534423828125,172.0409393310547,192.10556030273438,147.71316528320312,157.92506408691406,208.81304931640625,555.3760986328125,497.2214050292969,484.16729736328125,550.1679077148438,269.5499572753906,234.16615295410156,301.301513671875,406.1475524902344,166.51144409179688,185.65599060058594,243.97943115234375,237.62258911132812,101.32994842529297,240.34561157226562,230.2849884033203,226.58712768554688
5.016667,301,125.46833801269531,122.51750183105469,149.68585205078125,196.1585693359375,201.17324829101562,168.442138671875,193.0682373046875,240.38047790527344,203.2927703857422,158.32382202148438,194.135009765625,266.1087646484375,577.8253784179688,559.6241455078125,589.8475341796875,649.0692138671875,269.6665344238281,231.9469451904297,343.5622253417969,485.5751953125,159.68182373046875,171.61129760742188,276.6583557128906,313.6601257324219,95.64555358886719,202.96742248535156,264.80615234375,320.767578125
5.033334,302,111.48780059814453,156.98715209960938,191.926025390625,225.8023223876953,193.5647735595703,226.61239624023438,256.81689453125,275.4737243652344,186.73495483398438,167.2557830810547,197.8319091796875,283.6473693847656,571.5804443359375,605.0655517578125,600.1417236328125,682.03369140625,268.58203125,294.7532958984375,370.3666076660156,500.4843444824219,144.41217041015625,220.01339721679688,332.4338073730469,345.071044921875,74.23590087890625,264.8923034667969,332.95550537109375,369.5311584472656
5.050000,303,102.77427673339844,97.5015869140625,141.2481231689453,222.16163635253906,180.4552459716797,147.3723602294922,214.10360717773438,294.01708984375,188.67138671875,143.55711364746094,195.51902770996094,302.31927490234375,584.315185546875,599.6841430664062,648.5513916015625,753.9799194335938,258.102294921875,233.2411346435547,340.2470397949219,526.6978149414062,139.439453125,222.5415496826172,384.5674133300781,389.9755554199219,67.49250030517578,201.9713897705078,378.27642822265625,466.8350524902344
5.066667,304,74.549560546875,78.57746887207031,142.1610565185547,232.85696411132812,126.07481384277344,124.67516326904297,221.07562255859375,292.30902099609375,148.16070556640625,119.46874237060547,188.9034881591797,318.9485168457031,499.7898254394531,522.4951782226562,605.8072509765625,773.8622436523438,240.43124389648438,254.9629364013672,391.85675048828125,596.30615234375,154.37257385253906,242.96461486816406,443.12957763671875,449.4901428222656,56.79054641723633,191.69007873535156,415.5420227050781,522.517578125
5.083334,305,99.40743255615234,88.06900787353516,137.7189178466797,232.43927001953125,172.8928985595703,139.95521545410156,230.23695373535156,311.3506164550781,185.53619384765625,143.8373565673828,205.27993774414062,320.7664489746094,573.782958984375,614.9462280273438,685.85546875,779.8240966796875,246.274658203125,236.47813415527344,363.1254577636719,541.120849609375,113.97795104980469,217.30593872070312,384.8412780761719,379.08599853515625,36.288352966308594,156.58853149414062,344.773681640625,444.253173828125
5.100000,306,67.22867584228516,62.74077224731445,146.57852172851562,237.20765686035156,109.43622589111328,102.21186828613281,227.7964324951172,301.0644226074219,133.93882751464844,101.51637268066406,192.5911102294922,326.9596862792969,454.58624267578125,468.30816650390625,595.222412109375,778.887939453125,232.11471557617188,255.30699157714844,433.5734558105469,647.741943359375,170.14707946777344,288.32464599609375,543.4678344726562,499.6787414550781,67.30057525634766,213.3207244873047,514.385986328125,604.1051635742188
5.116667,307,74.7717056274414,69.03612518310547,126.07177734375,235.2521209716797,144.45950317382812,126.38661193847656,233.02732849121094,330.1013488769531,157.33364868164062,126.77291870117188,194.7961883544922,325.3860168457031,494.0763244628906,561.655517578125,648.144287109375,773.8335571289062,207.76837158203125,212.45428466796875,336.5052795410156,542.4375610351562,104.05583953857422,230.04580688476562,405.1041259765625,399.921875,31.478891372680664,167.02113342285156,381.9005432128906,492.7796936035156
5.133334,308,55.8958740234375,53.20327377319336,140.17918395996094,236.62890625,89.85649108886719,85.3282699584961,221.62013244628906,303.653564453125,122.25630187988281,90.0185775756836,185.21682739257812,327.5990295410156,421.4788513183594,461.71649169921875,605.0416870117188,770.0455322265625,198.07273864746094,233.968017578125,416.1785583496094,622.0498046875,142.21958923339844,271.45245361328125,523.5004272460938,486.3399353027344,48.115272521972656,179.70469665527344,486.71905517578125,595.2300415039062
5.150000,309,69.880615234375,60.16870880126953,115.72352600097656,227.38897705078125,134.2266387939453,107.1285629272461,210.8168487548828,319.2254943847656,154.0855712890625,120.43456268310547,186.9235382080078,320.36865234375,492.3378601074219,573.8237915039062,657.5426025390625,773.3037719726562,206.36465454101562,219.92478942871094,330.80859375,537.2769775390625,110.80490112304688,257.67987060546875,410.91607666015625,395.16973876953125,35.31990432739258,180.68907165527344,365.53826904296875,483.7800598144531
5.166667,310,59.12847900390625,48.72575378417969,137.9456329345703,239.78851318359375,98.60457611083984,81.08904266357422,221.71807861328125,312.3671569824219,125.97938537597656,84.07716369628906,184.14047241210938,333.7405700683594,438.81329345703125,452.7813415527344,605.6038208007812,794.5077514648438,203.39027404785156,210.31768798828125,401.7525329589844,635.7938232421875,145.49583435058594,258.4732360839844,507.69293212890625,485.2151794433594,55.8587532043457,173.18438720703125,474.34710693359375,596.1045532226562
5.183334,311,68.79611206054688,53.890953063964844,117.77214050292969,230.99591064453125,131.79092407226562,99.46112823486328,220.79432678222656,328.7191162109375,148.41806030273438,107.44580841064453,184.16314697265625,323.5901184082031,464.68438720703125,536.32568359375,642.2554931640625,767.61474609375,200.5109100341797,205.42593383789062,341.2064208984375,554.0069580078125,122.35955047607422,256.20684814453125,432.9034729003906,413.96490478515625,47.63182067871094,185.90521240234375,397.31646728515625,510.3022155761719
5.200000,312,64.71732330322266,64.0777816772461,125.33457946777344,219.89942932128906,107.61896514892578,96.05830383300781,185.1524658203125,275.02447509765625,133.11224365234375,95.93355560302734,163.75491333007812,297.5953369140625,469.1005554199219,497.4713439941406,582.8406982421875,742.3766479492188,208.90005493164062,231.1142120361328,355.9176025390625,557.6480102539062,139.3812713623047,266.4955749511719,480.6824035644531,443.591552734375,49.65074920654297,202.37351989746094,459.7986755371094,542.0425415039062
5.216667,313,74.20381927490234,66.29536437988281,118.0350341796875,227.87242126464844,142.26344299316406,118.59382629394531,210.5292510986328,314.83258056640625,156.14431762695312,120.82120513916016,180.72718811035156,315.38909912109375,510.84515380859375,578.828369140625,649.4662475585938,775.67236328125,208.93408203125,217.90188598632812,316.013671875,524.373046875,107.15476989746094,246.42691040039062,392.19378662109375,385.4084167480469,34.532615661621094,191.52337646484375,366.41650390625,478.01141357421875
5.233334,314,58.02769470214844,46.7402229309082,131.46627807617188,231.62217712402344,91.70474243164062,70.38790130615234,201.3609619140625,296.3197326660156,119.40576171875,74.88129425048828,167.0816192626953,314.1455993652344,429.9189147949219,472.39202880859375,611.9332885742188,760.3479614257812,190.9178009033203,213.57000732421875,386.0124206542969,593.0958251953125,141.21145629882812,264.6587219238281,513.3682861328125,473.95062255859375,53.306148529052734,177.86166381835938,482.5322570800781,587.0695190429688
5.250000,315,70.53129577636719,59.92791748046875,112.30746459960938,227.12815856933594,142.2457733154297,115.3707504272461,210.850830078125,320.210693359375,154.25680541992188,116.02884674072266,178.36996459960938,316.7525634765625,502.52178955078125,561.536376953125,637.804443359375,779.1494750976562,200.8833465576172,200.6130828857422,307.5478515625,529.4210205078125,100.12269592285156,230.31655883789062,387.81982421875,394.420654296875,32.73951721191406,181.49581909179688,366.606201171875,488.0667724609375
5.266667,316,61.619991302490234,55.99845504760742,131.46351623535156,223.98590087890625,96.74456787109375,81.57596588134766,196.5480499267578,282.2237854003906,125.4143295288086,85.47332000732422,167.46188354492188,302.19952392578125,441.052001953125,488.9450378417969,606.2653198242188,736.4446411132812,196.12315368652344,223.97683715820312,376.3633728027344,563.7086181640625,136.95269775390625,256.6366882324219,492.4946594238281,452.32708740234375,46.43224334716797,169.93637084960938,461.28118896484375,555.4297485351562
5.283334,317,75.96871948242188,69.68299102783203,116.57315826416016,224.5262908935547,146.49583435058594,125.12754821777344,210.16026306152344,311.2352600097656,160.6858673095703,128.4239959716797,183.58609008789062,311.97198486328125,519.8409423828125,589.0018920898438,647.8577880859375,768.64599609375,214.69692993164062,225.71112060546875,314.02471923828125,516.59521484375,108.53683471679688,250.3446502685547,391.6255798339844,382.22991943359375,36.867027282714844,194.75454711914062,363.7229919433594,472.826171875
5.300000,318,63.27445983886719,55.250877380371094,126.1871109008789,223.6460418701172,101.82528686523438,81.76007080078125,190.12403869628906,283.8114318847656,127.68846893310547,85.523193359375,163.13414001464844,301.6239929199219,446.3542785644531,490.30621337890625,595.446533203125,734.5558471679688,203.8311004638672,225.60574340820312,366.133056640625,563.998291015625,143.9737091064453,262.4565734863281,492.9442138671875,455.4230041503906,55.08053207397461,185.74510192871094,469.6222229003906,563.202880859375
5.316667,319,77.23876190185547,71.15921783447266,117.33189392089844,222.6561737060547,151.59814453125,130.84950256347656,216.63597106933594,311.77520751953125,161.05032348632812,127.5198974609375,183.57949829101562,307.2592468261719,511.6250305175781,578.5958862304688,640.0361938476562,757.8234252929688,212.6364288330078,221.23326110839844,317.5262756347656,514.3126831054688,113.07999420166016,240.71270751953125,390.3494873046875,384.3052062988281,44.819271087646484,199.05218505859375,372.4056701660156,473.0752258300781
5.333334,320,64.7793197631836,65.1429672241211,132.8063507080078,220.91676330566406,102.23268127441406,93.78749084472656,197.05126953125,275.9557189941406,130.45730590820312,96.34175109863281,170.82412719726562,297.4723815917969,445.232421875,490.5181579589844,588.4744262695312,715.966064453125,206.28916931152344,233.41128540039062,372.890869140625,551.4010009765625,140.350341796875,255.17425537109375,488.3053894042969,445.8284912109375,50.54200744628906,181.28736877441406,465.2342834472656,543.336181640625
5.350000,321,80.34574890136719,76.05369567871094,116.06587982177734,219.64306640625,150.3223419189453,131.541015625,201.87290954589844,298.7237243652344,165.2935333251953,135.23052978515625,182.61444091796875,303.59552001953125,529.8773193359375,604.5218505859375,647.2465209960938,753.9464721679688,221.64112854003906,232.9387969970703,308.1164855957031,503.6901550292969,113.06486511230469,239.16722106933594,372.2348327636719,375.56689453125,42.50518798828125,196.37979125976562,354.609619140625,462.8193664550781
5.366667,322,59.38961410522461,54.994510650634766,129.94590759277344,225.97122192382812,94.18061828613281,81.5014877319336,197.7095947265625,285.9376525878906,122.06105041503906,85.40157318115234,167.41598510742188,305.0794372558594,427.0186462402344,474.56298828125,590.6685791015625,730.9645385742188,195.7282257080078,223.94398498535156,376.1346435546875,569.592041015625,137.82235717773438,264.1663513183594,505.56829833984375,459.2789611816406,49.071807861328125,179.62939453125,476.27044677734375,566.4032592773438
5.383334,323,80.72724151611328,73.678466796875,112.69456481933594,219.22132873535156,152.89453125,129.6964874267578,196.805908203125,298.4811706542969,165.95864868164062,131.67140197753906,178.3093719482422,303.16290283203125,534.8325805664062,605.4119262695312,644.14111328125,759.6373901367188,224.83148193359375,234.0945587158203,303.6396789550781,506.3302307128906,115.29863739013672,237.01486206054688,362.60614013671875,376.0645751953125,43.60285568237305,195.5087432861328,344.7511291503906,463.3829345703125
5.400000,324,60.848854064941406,56.410911560058594,129.99322509765625,226.62132263183594,96.9540786743164,83.46490478515625,198.76675415039062,286.6617736816406,124.18569946289062,86.66133880615234,167.5583953857422,305.61810302734375,431.2864990234375,475.1798095703125,589.2949829101562,730.6243286132812,196.83676147460938,219.42843627929688,370.7297668457031,566.2011108398438,138.10403442382812,257.2379150390625,498.40350341796875,458.21466064453125,50.620967864990234,176.95785522460938,472.0970764160156,563.7372436523438
5.416667,325,84.79432678222656,83.68775939941406,118.33849334716797,214.74099731445312,152.26637268066406,136.0514678955078,193.83914184570312,283.98284912109375,166.22540283203125,138.59568786621094,180.60202026367188,294.6070861816406,533.7362670898438,599.7901000976562,634.9279174804688,739.9669799804688,225.9462890625,233.26380920410156,305.3550720214844,496.043701171875,115.5834732055664,231.956298828125,353.1976318359375,359.6614074707031,44.54947280883789,201.04676818847656,336.7184143066406,434.62445068359375
5.433334,326,67.86234283447266,72.67439270019531,128.44435119628906,207.3618927001953,110.21622467041016,104.90874481201172,193.2861785888672,257.01806640625,140.0953369140625,111.1982650756836,174.2599639892578,281.6119689941406,471.50958251953125,523.3795776367188,600.2459716796875,691.16845703125,211.70266723632812,218.35812377929688,341.05322265625,504.2912292480469,131.84808349609375,232.82568359375,445.98968505859375,411.67828369140625,49.4997673034668,169.7781219482422,426.4578552246094,495.5173645019531
5.450000,327,82.27572631835938,82.8219985961914,120.24380493164062,218.45755004882812,158.21180725097656,144.16017150878906,212.1197052001953,302.8193054199219,166.9585418701172,140.46966552734375,184.1371612548828,299.2645568847656,529.0562133789062,614.009765625,647.335693359375,743.9806518554688,224.00482177734375,246.6173095703125,311.7829895019531,492.7457580566406,115.64733123779297,250.77276611328125,376.4558410644531,368.71014404296875,43.781097412109375,213.9095458984375,362.00335693359375,455.2508544921875
5.466667,328,59.81299591064453,57.475860595703125,135.3454132080078,229.73532104492188,95.39250946044922,86.84672546386719,205.25991821289062,292.03314208984375,121.89347076416016,87.08811950683594,169.77674865722656,308.39288330078125,422.9528503417969,474.4322814941406,588.4796752929688,728.26416015625,198.52593994140625,231.65750122070312,382.728759765625,572.2763671875,132.8441925048828,257.10931396484375,500.57855224609375,458.2669677734375,38.27907943725586,162.15618896484375,470.9361877441406,566.8870849609375
5.483334,329,84.67352294921875,81.54761505126953,115.35040283203125,214.81678771972656,153.2989044189453,133.707763671875,187.0005645751953,284.10595703125,168.37646484375,138.269287109375,177.53717041015625,295.2433166503906,548.0125732421875,621.9917602539062,647.2958374023438,749.3973999023438,229.1273193359375,237.82176208496094,293.6650390625,489.2613830566406,115.03472137451172,232.54898071289062,344.49188232421875,360.2047424316406,44.411476135253906,199.71182250976562,331.69305419921875,443.32952880859375
5.500000,330,57.878177642822266,54.384769439697266,120.61389923095703,218.5664520263672,91.20316314697266,78.96488189697266,180.93740844726562,273.29132080078125,122.91690063476562,85.59575653076172,160.0462188720703,297.58050537109375,444.39556884765625,501.73541259765625,604.4773559570312,733.8280639648438,193.85235595703125,213.82498168945312,351.0496826171875,548.7345581054688,123.98297882080078,239.7122344970703,463.8919982910156,440.614501953125,36.35049819946289,153.8126678466797,435.0719299316406,540.8677368164062
5.516667,331,92.78900909423828,105.55895233154297,128.849365234375,211.1858367919922,159.90060424804688,155.81747436523438,188.7537078857422,270.10943603515625,172.43960571289062,156.6232452392578,182.93634033203125,284.8576354980469,547.3945922851562,630.8843994140625,632.7362670898438,714.5357666015625,237.46681213378906,258.0302429199219,294.4042663574219,464.1131896972656,106.79796600341797,215.42105102539062,296.5300598144531,317.7233581542969,26.197851181030273,179.60658264160156,282.570556640625,380.09039306640625
5.533334,332,56.01006317138672,54.68320846557617,123.58100128173828,215.61521911621094,87.30906677246094,79.04654693603516,185.7423858642578,269.0339050292969,124.26081848144531,91.00627899169922,168.95175170898438,298.35186767578125,456.8760986328125,513.912841796875,627.3889770507812,746.5679321289062,189.2236328125,205.1255645751953,355.4485778808594,544.4619140625,110.92981719970703,230.10409545898438,458.1615905761719,428.56414794921875,27.01034927368164,143.0400390625,423.6796569824219,522.4340209960938
5.550000,333,83.2564468383789,81.03753662109375,114.99134063720703,214.81407165527344,148.38067626953125,129.124755859375,178.68727111816406,281.3453369140625,165.40802001953125,134.78895568847656,174.37545776367188,297.5893859863281,534.80224609375,601.2222900390625,628.4304809570312,753.8807983398438,234.10911560058594,250.3708953857422,303.1247253417969,506.3386535644531,136.47659301757812,277.2850646972656,381.09112548828125,373.0618896484375,58.56423568725586,242.56259155273438,358.0120849609375,455.90203857421875
5.566667,334,55.469478607177734,54.64389419555664,122.32779693603516,218.2100067138672,85.54790496826172,78.74678039550781,183.84658813476562,270.39892578125,119.5853271484375,85.68973541259766,162.92506408691406,298.0450744628906,441.71234130859375,495.7977600097656,609.3203735351562,741.6471557617188,187.12171936035156,204.76902770996094,354.77398681640625,551.1693725585938,119.86107635498047,238.6592254638672,472.383544921875,441.2575988769531,36.525299072265625,159.36288452148438,444.209716796875,538.7626953125
5.583334,335,83.59613800048828,81.83351135253906,116.33012390136719,219.0015869140625,157.08494567871094,141.15469360351562,201.82423400878906,298.80975341796875,166.4824981689453,138.79151916503906,180.26339721679688,300.08306884765625,520.845458984375,602.0153198242188,630.498046875,739.2599487304688,227.95579528808594,248.28663635253906,308.489990234375,501.2142028808594,119.49320220947266,251.43856811523438,365.0169677734375,366.883544921875,43.43266677856445,213.22869873046875,346.06304931640625,447.1723937988281
5.600000,336,59.17219924926758,57.843994140625,124.79496002197266,213.9886932373047,92.15319061279297,82.69416046142578,189.5391387939453,266.42889404296875,125.38169860839844,92.04087829589844,169.3131561279297,293.1076965332031,454.36260986328125,512.1428833007812,624.8899536132812,732.9039306640625,189.02459716796875,196.4459991455078,348.733154296875,532.0716552734375,113.76753234863281,225.16732788085938,462.9466247558594,427.3973388671875,33.57196044921875,145.35699462890625,434.27252197265625,517.8048095703125
5.616667,337,73.4820327758789,61.3845329284668,108.6677017211914,225.3419952392578,143.75643920898438,111.78848266601562,190.87997436523438,310.3493957519531,157.07911682128906,114.86836242675781,170.11276245117188,313.0892639160156,522.4991455078125,585.3344116210938,640.4684448242188,784.3074340820312,217.28712463378906,226.93125915527344,306.0646057128906,531.5907592773438,116.79928588867188,259.8743896484375,391.68634033203125,393.7381591796875,40.638214111328125,201.8013153076172,361.6982727050781,490.53411865234375
5.633334,338,55.90361785888672,48.23054504394531,119.91810607910156,223.45166015625,89.55953979492188,70.57074737548828,185.92813110351562,284.9794006347656,119.44339752197266,78.67327117919922,160.1797637939453,302.8994140625,442.5862121582031,507.8177490234375,627.4022827148438,752.6416015625,182.0343475341797,201.19482421875,350.3984069824219,551.631103515625,120.0347671508789,246.95458984375,479.3558349609375,445.2412414550781,40.289493560791016,164.26708984375,450.3351745605469,552.1587524414062
5.650000,339,73.82164001464844,63.008689880371094,110.11949920654297,227.96067810058594,144.50399780273438,115.69981384277344,196.88841247558594,316.6813659667969,161.40403747558594,122.35470581054688,176.09104919433594,318.5315856933594,524.6824951171875,595.6743774414062,646.8809814453125,783.5228271484375,219.8848876953125,234.59841918945312,309.1689147949219,529.6146240234375,116.38726043701172,258.374267578125,390.8655700683594,395.67822265625,38.38883590698242,202.59609985351562,366.92083740234375,495.4106750488281
5.666667,340,57.49475860595703,46.43479537963867,120.05508422851562,226.5467987060547,93.8939437866211,70.59805297851562,188.77587890625,291.64093017578125,121.2748794555664,77.45646667480469,160.2288055419922,307.7760009765625,446.3624267578125,501.7868957519531,621.5686645507812,759.3225708007812,189.98106384277344,203.40989685058594,352.43499755859375,563.491455078125,127.1233901977539,251.2985076904297,480.8967590332031,450.6094970703125,44.88182067871094,168.85935974121094,453.00189208984375,560.6027221679688
5.683334,341,71.78739166259766,57.11915969848633,109.55659484863281,230.39654541015625,138.47903442382812,103.1063461303711,192.37705993652344,318.2774658203125,157.44332885742188,112.90450286865234,173.1560821533203,322.1407775878906,516.76416015625,576.50927734375,643.7600708007812,790.7127685546875,212.07179260253906,218.53016662597656,308.720703125,538.7393188476562,114.3372802734375,250.70631408691406,394.50469970703125,400.43035888671875,37.94679641723633,193.59011840820312,371.46380615234375,502.5960388183594
5.700000,342,57.0406608581543,50.224456787109375,118.36903381347656,223.0264892578125,91.71709442138672,74.13827514648438,183.178955078125,284.2710876464844,121.42652130126953,82.12177276611328,159.55831909179688,303.3923034667969,447.4054870605469,517.6077270507812,627.8645629882812,754.9026489257812,187.28395080566406,208.76829528808594,347.0296936035156,551.149658203125,121.42053985595703,249.5100555419922,470.3030700683594,440.84326171875,39.511863708496094,165.79110717773438,438.6825866699219,544.525390625
5.716667,343,75.26183319091797,70.57852935791016,113.14229583740234,224.645751953125,143.70303344726562,123.00886535644531,194.34239196777344,307.8280029296875,158.51318359375,126.23621368408203,175.090087890625,311.9448547363281,519.383544921875,601.9749145507812,644.5140991210938,775.6582641601562,216.37730407714844,243.47535705566406,307.30841064453125,518.1295776367188,109.10342407226562,265.3711853027344,384.81756591796875,382.0607604980469,31.29714584350586,211.4375762939453,355.42071533203125,473.211669921875
5.733334,344,56.1696891784668,50.13127136230469,119.36721801757812,218.9243927001953,90.32083892822266,75.37841796875,186.79884338378906,278.70318603515625,121.2857437133789,83.74614715576172,162.7854461669922,298.86285400390625,446.812744140625,504.82623291015625,618.788330078125,743.6790161132812,185.43641662597656,195.6691131591797,344.09234619140625,544.146240234375,114.32025909423828,229.88214111328125,461.55810546875,436.8664245605469,33.76662826538086,148.2982940673828,435.9013366699219,539.9515380859375
5.750000,345,74.43226623535156,64.92991638183594,111.34154510498047,226.6778564453125,140.9786376953125,111.26210021972656,187.8837890625,309.7935791015625,158.25721740722656,120.49505615234375,172.98973083496094,314.6020202636719,519.60595703125,598.9015502929688,649.2277221679688,779.2003173828125,213.96273803710938,234.9293212890625,303.2536926269531,520.4462280273438,114.09566497802734,274.6756591796875,397.7474060058594,385.06793212890625,36.808837890625,217.85740661621094,368.077880859375,481.95440673828125
5.766667,346,54.55073547363281,48.68891143798828,118.40457153320312,220.1829833984375,86.18311309814453,71.80513000488281,183.40028381347656,279.013916015625,118.30921936035156,80.55060577392578,160.44923400878906,300.4462585449219,441.7532958984375,511.74456787109375,628.607666015625,750.8919067382812,183.94078063964844,203.7617645263672,350.75970458984375,551.420654296875,117.88382720947266,244.75270080566406,471.7986145019531,441.0711364746094,35.7975959777832,157.40501403808594,437.8326721191406,543.5208129882812
5.783334,347,74.13009643554688,59.72576141357422,110.69664764404297,228.96600341796875,145.1445770263672,109.08914947509766,194.9947052001953,317.7314453125,156.2616729736328,109.75238037109375,169.34568786621094,315.03924560546875,508.0897216796875,568.0238647460938,632.4450073242188,775.3746948242188,209.37933349609375,213.36972045898438,301.9919128417969,528.6442260742188,111.98564147949219,247.44210815429688,389.99285888671875,393.5550842285156,37.92715072631836,193.0410919189453,368.26776123046875,493.42095947265625
5.800000,348,56.404266357421875,50.4620361328125,122.35762786865234,219.47694396972656,90.59268188476562,76.12193298339844,193.2266082763672,279.3383483886719,122.27044677734375,85.17546844482422,167.3359832763672,301.39794921875,444.33062744140625,496.51953125,617.4601440429688,743.1912841796875,186.1690673828125,189.47348022460938,346.5950927734375,545.6498413085938,114.50736236572266,223.85731506347656,466.7961120605469,439.141845703125,34.084938049316406,141.6206817626953,442.6910400390625,540.8748168945312
5.816667,349,68.98748779296875,50.21543502807617,102.67180633544922,231.6352081298828,133.55062866210938,91.9284439086914,176.4559326171875,316.2818908691406,151.6478271484375,101.15475463867188,161.4413604736328,321.6014099121094,516.6285400390625,571.4363403320312,637.8659057617188,801.0951538085938,208.24639892578125,212.62657165527344,297.7951965332031,547.1133422851562,114.00502014160156,258.4596862792969,393.6381530761719,405.4986877441406,36.96430969238281,198.24903869628906,366.7140808105469,511.94732666015625
5.833334,350,55.416900634765625,47.40391159057617,118.4759750366211,221.4466552734375,88.74291229248047,70.2407455444336,185.04978942871094,282.04669189453125,119.74297332763672,80.39031982421875,161.649658203125,302.59521484375,445.2917175292969,508.82049560546875,627.5332641601562,752.8687133789062,184.3248748779297,199.30343627929688,348.3958740234375,550.3484497070312,115.64856719970703,242.03660583496094,471.95751953125,437.9789733886719,34.8956298828125,154.8922882080078,438.4986572265625,541.2529907226562
5.850000,351,79.0508804321289,75.07735443115234,115.71076202392578,221.95697021484375,150.3225555419922,131.2265167236328,199.74380493164062,303.8547058105469,161.9658660888672,131.2862548828125,178.2551727294922,306.1268615722656,523.449462890625,602.3305053710938,640.3825073242188,762.1902465820312,221.78604125976562,248.4114227294922,312.3210754394531,511.52716064453125,115.00785064697266,263.2001647949219,382.4137268066406,377.41131591796875,38.229835510253906,215.79832458496094,357.3334655761719,466.4306335449219
5.866667,352,54.80034637451172,49.96383285522461,119.55299377441406,219.08404541015625,86.6856460571289,72.62847137451172,183.04298400878906,276.784423828125,119.97051239013672,82.92655944824219,162.2470703125,299.4389953613281,445.30877685546875,509.7806091308594,625.8310546875,747.1336059570312,180.69577026367188,196.3019561767578,344.4169921875,541.0746459960938,108.0868148803711,231.8829803466797,461.8681335449219,430.7406311035156,27.212528228759766,144.43960571289062,430.0013122558594,531.3451538085938
5.883334,353,85.78973388671875,89.96377563476562,120.42394256591797,212.87916564941406,159.30746459960938,150.2061309814453,203.201171875,288.064208984375,170.92654418945312,149.270263671875,185.40953063964844,292.2718200683594,537.4178466796875,625.8807373046875,644.6784057617188,730.8333129882812,230.5144500732422,252.96212768554688,306.1010437011719,481.7747497558594,113.05916595458984,238.5400848388672,349.1510314941406,353.3898010253906,39.03402328491211,203.60023498535156,333.4679870605469,428.6445617675781
5.900000,354,54.22026443481445,49.75510025024414,119.81492614746094,221.06695556640625,86.03256225585938,73.4330062866211,186.0171661376953,280.1884765625,118.12197875976562,82.84430694580078,163.52230834960938,302.3116149902344,442.0519714355469,507.7424621582031,626.0687255859375,751.9205322265625,181.8979949951172,202.26675415039062,353.99261474609375,551.65771484375,110.20087432861328,234.82345581054688,464.46929931640625,433.91009521484375,29.29939079284668,149.30259704589844,431.4243469238281,533.257568359375
5.916667,355,94.17808532714844,105.2280502319336,127.73004913330078,209.31954956054688,166.83006286621094,160.7115020751953,198.93003845214844,274.1249084472656,180.5130615234375,165.00119018554688,190.92111206054688,284.7559509277344,562.9884643554688,661.106689453125,659.3107299804688,710.7354125976562,240.9134979248047,260.13555908203125,296.57891845703125,452.0989074707031,100.50807189941406,205.39981079101562,288.0892028808594,310.8604431152344,22.868148803710938,163.762451171875,268.0998229980469,367.0999450683594
5.933334,356,54.005680084228516,51.99632263183594,124.29544830322266,221.8492889404297,84.85478210449219,76.70366668701172,192.22647094726562,279.9140930175781,117.27318572998047,84.30159759521484,166.9504852294922,303.3410949707031,438.4008483886719,506.46099853515625,630.6320190429688,754.3834228515625,177.948974609375,202.85086059570312,361.2960510253906,553.2352905273438,108.21029663085938,235.124755859375,470.3193664550781,435.14410400390625,27.786911010742188,149.24148559570312,435.5125732421875,531.581298828125
5.950000,357,83.42230224609375,82.53828430175781,119.7612533569336,218.8360595703125,155.04904174804688,136.45370483398438,198.14886474609375,295.3439636230469,166.36883544921875,136.39517211914062,179.4331512451172,297.33538818359375,529.9325561523438,613.5830078125,646.414306640625,739.4387817382812,220.29989624023438,233.42352294921875,296.1923828125,485.0116882324219,107.2835464477539,235.1873779296875,356.8677978515625,356.48370361328125,34.103153228759766,191.4114532470703,342.2035217285156,441.253662109375
5.966667,358,53.82896423339844,45.52925109863281,118.26522064208984,223.59498596191406,85.61937713623047,66.6021499633789,183.0406494140625,284.6777038574219,116.08222961425781,75.78743743896484,159.4608917236328,304.8084716796875,434.9387512207031,500.0699157714844,623.8709106445312,753.4189453125,180.7293243408203,199.24624633789062,355.0266418457031,559.274169921875,113.99832153320312,238.3935089111328,475.1036376953125,442.80438232421875,33.6780891418457,152.3381805419922,443.0201721191406,546.9765014648438
5.983334,359,85.6725845336914,88.54682159423828,126.3461685180664,223.02252197265625,159.55184936523438,147.7681121826172,211.65032958984375,300.6874694824219,169.84080505371094,145.09341430664062,189.2670135498047,304.5541076660156,544.2476196289062,621.4598388671875,656.1156005859375,755.9037475585938,226.6593780517578,238.25982666015625,308.8796081542969,497.07501220703125,97.83177947998047,216.8238067626953,341.29473876953125,353.0970764160156,25.921388626098633,171.9514617919922,322.5706481933594,431.3070983886719
6.000000,360,53.527862548828125,50.724037170410156,132.2557830810547,225.60107421875,84.29791259765625,77.0870132446289,208.01669311523438,287.53082275390625,116.85306549072266,84.22393798828125,175.96681213378906,310.95220947265625,432.2313537597656,497.01416015625,637.76123046875,761.7227172851562,181.98324584960938,209.34710693359375,385.227294921875,573.5994262695312,112.59414672851562,237.0550537109375,479.68841552734375,442.1249084472656,28.822154998779297,143.47496032714844,438.19805908203125,538.1304321289062
6.016667,361,86.76948547363281,97.00257873535156,123.0572509765625,211.3513946533203,154.72967529296875,149.0620880126953,195.8831329345703,279.2867736816406,172.49041748046875,158.25428771972656,188.8961944580078,289.0859069824219,538.991943359375,644.5093994140625,654.5409545898438,713.318603515625,225.54098510742188,253.20455932617188,296.7071533203125,456.6264953613281,94.99409484863281,223.69102478027344,318.8503112792969,322.7132568359375,19.381101608276367,173.95233154296875,293.6495056152344,386.0682373046875
6.033334,362,49.55259323120117,42.33235168457031,126.64998626708984,231.22108459472656,79.54267883300781,67.69280242919922,205.70123291015625,297.92266845703125,114.5498046875,77.74484252929688,174.7395782470703,322.4864501953125,425.4857177734375,477.7285461425781,630.1412963867188,779.838623046875,178.33729553222656,195.20718383789062,382.7300720214844,596.3720092773438,111.6664047241211,236.00958251953125,486.5070495605469,460.3445739746094,31.057170867919922,140.89231872558594,443.7284240722656,564.518798828125
6.050000,363,71.625244140625,60.06688690185547,106.13447570800781,224.0052032470703,134.44541931152344,99.66394805908203,176.0406036376953,304.64862060546875,154.7462615966797,114.546875,168.6775360107422,311.2345275878906,517.0712280273438,600.6030883789062,655.8698120117188,780.3048706054688,208.10792541503906,227.4851531982422,298.1036376953125,518.3424072265625,113.56970977783203,280.9690246582031,407.553955078125,386.750244140625,36.193275451660156,214.34442138671875,370.8166198730469,484.4823913574219
6.066667,364,49.99200439453125,40.58266067504883,125.29139709472656,237.39077758789062,82.1466064453125,66.63284301757812,204.6012725830078,309.0226745605469,112.42701721191406,73.83068084716797,170.42898559570312,328.8106689453125,418.4128723144531,471.5287170410156,620.773193359375,785.5400390625,179.0350799560547,194.05621337890625,375.0714416503906,605.8292846679688,113.94790649414062,237.9463348388672,483.5577087402344,467.7521667480469,33.32148742675781,144.81719970703125,446.08355712890625,577.8037719726562
6.083334,365,71.7901840209961,54.8643684387207,104.27547454833984,224.8675079345703,136.64317321777344,95.2938003540039,178.9873046875,308.3221130371094,154.54000854492188,106.39462280273438,165.9905242919922,313.6230773925781,511.96240234375,572.23779296875,638.3171997070312,781.4302978515625,210.40151977539062,211.53585815429688,299.1373596191406,533.0619506835938,116.41584014892578,260.8888244628906,398.4171142578125,396.55859375,41.038307189941406,193.5848846435547,361.5221862792969,492.1385192871094
6.100000,366,51.902801513671875,48.492183685302734,119.37818908691406,222.09449768066406,82.94738006591797,74.24232482910156,188.73338317871094,282.2957458496094,115.07852935791016,80.74830627441406,162.40524291992188,303.2294921875,431.2848815917969,496.4465026855469,617.2710571289062,750.3043823242188,180.73663330078125,201.73028564453125,355.9670104980469,559.3681640625,114.84883117675781,243.20675659179688,479.097412109375,448.0784606933594,33.00503158569336,155.24676513671875,447.7670593261719,554.4027099609375
6.116667,367,80.9432144165039,69.84246826171875,113.212890625,223.9123077392578,153.56298828125,121.7957534790039,192.0394287109375,304.62451171875,161.71343994140625,119.01023864746094,169.5589141845703,304.08892822265625,516.5989379882812,576.528564453125,622.607177734375,751.1087646484375,218.39862060546875,222.0814971923828,297.5225830078125,511.3876647949219,118.02941131591797,242.4976806640625,374.5755920410156,380.5654296875,44.22587585449219,195.64857482910156,356.03497314453125,472.3063049316406
6.133334,368,61.362586975097656,60.582584381103516,119.4693603515625,209.5860595703125,99.0133285522461,88.50404357910156,183.97315979003906,262.76080322265625,130.18316650390625,97.88984680175781,166.24977111816406,286.6511535644531,468.50689697265625,530.7980346679688,622.1492919921875,722.393310546875,198.31402587890625,198.8657684326172,330.0849914550781,514.590087890625,117.51449584960938,218.7928924560547,441.5879821777344,419.2227783203125,37.2326545715332,144.63829040527344,419.5035095214844,508.9510498046875
6.150000,369,78.30030059814453,69.68321228027344,112.31452941894531,222.6602020263672,148.64427185058594,122.23787689208984,194.39431762695312,304.3302307128906,163.34133911132812,126.80563354492188,176.5531005859375,308.54144287109375,531.8928833007812,604.7884521484375,648.1028442382812,769.9823608398438,222.84446716308594,236.12782287597656,306.0918884277344,514.12353515625,115.12845611572266,255.9508819580078,384.6862487792969,382.92486572265625,40.63376235961914,205.47998046875,360.1552429199219,475.9443359375
6.166667,370,58.48513412475586,50.103111267089844,122.76835632324219,223.84930419921875,93.32815551757812,73.40206146240234,189.9810028076172,285.67572021484375,122.14383697509766,81.41283416748047,163.3681182861328,303.5914611816406,443.7522277832031,503.6043395996094,621.7579345703125,746.878173828125,188.86766052246094,204.9136199951172,354.4342346191406,551.66943359375,122.74117279052734,243.56378173828125,477.0857238769531,440.0647888183594,39.97230911254883,158.4266815185547,448.94451904296875,545.62060546875
6.183334,371,74.41546630859375,63.178138732910156,111.63618469238281,227.678955078125,143.24961853027344,113.12728118896484,195.2211456298828,313.9770202636719,159.71841430664062,119.60760498046875,174.69326782226562,316.1007995605469,522.4739379882812,590.7546997070312,647.0263671875,781.2134399414062,214.42286682128906,227.25778198242188,306.45367431640625,524.6646728515625,114.3992919921875,255.1271514892578,390.9371337890625,390.69171142578125,38.19268798828125,203.16058349609375,370.5878601074219,490.6809997558594
6.200000,372,55.09563446044922,48.188072204589844,118.97795104980469,221.3607177734375,87.26190948486328,69.88330841064453,183.2216033935547,281.1181640625,118.78546905517578,79.6648178100586,160.34967041015625,301.32586669921875,442.0364074707031,514.3182983398438,631.8511352539062,750.7164306640625,183.44581604003906,206.36424255371094,352.6820983886719,549.7285766601562,117.14302062988281,249.35084533691406,477.6285705566406,438.5877380371094,35.37100601196289,160.64170837402344,442.44671630859375,541.9144287109375
6.216667,373,82.90778350830078,89.54306030273438,118.80038452148438,211.65675354003906,156.74122619628906,151.07884216308594,204.86878967285156,288.9751281738281,168.08193969726562,149.22361755371094,184.85250854492188,290.5576477050781,526.9830322265625,626.72119140625,645.3917236328125,724.6785278320312,222.97889709472656,252.04415893554688,305.0704650878906,475.6303405761719,103.07557678222656,236.4417266845703,347.005126953125,348.7371826171875,29.536603927612305,196.0443878173828,326.3721618652344,420.6717834472656
6.233334,374,58.3580322265625,54.88577651977539,121.60545349121094,213.0669708251953,93.77100372314453,80.0309066772461,189.5513458251953,270.8941955566406,124.93305206298828,90.69551849365234,167.2411346435547,290.4331970214844,452.39306640625,520.832763671875,629.956298828125,725.7994384765625,185.79940795898438,195.7342529296875,341.5539245605469,520.4287719726562,112.41145324707031,227.8549346923828,462.28753662109375,423.704345703125,32.99641799926758,149.75660705566406,439.02362060546875,520.0029296875
6.250000,375,79.98331451416016,74.71714782714844,117.48554229736328,221.34396362304688,151.45838928222656,130.64781188964844,204.13970947265625,304.2679748535156,165.04736328125,132.65261840820312,182.0576171875,305.85614013671875,522.4452514648438,599.8147583007812,644.2665405273438,755.1195678710938,222.4259033203125,239.4618682861328,312.89654541015625,507.562255859375,119.3849105834961,255.45068359375,389.989013671875,381.8041076660156,45.3735237121582,209.84054565429688,372.69683837890625,474.139892578125
6.266667,376,52.17978286743164,47.75941848754883,118.47761535644531,220.97671508789062,82.52313232421875,69.61592102050781,182.95997619628906,280.3779602050781,114.94029998779297,78.40106201171875,159.95086669921875,301.024169921875,433.61895751953125,511.3586120605469,633.9422607421875,753.4883422851562,174.93435668945312,201.8638153076172,353.43304443359375,551.9153442382812,113.9781723022461,248.84521484375,480.3601379394531,443.5909729003906,34.976646423339844,163.69728088378906,446.8200378417969,547.235107421875
6.283334,377,86.04873657226562,89.63331604003906,119.04173278808594,213.07420349121094,159.195556640625,148.52532958984375,200.70230102539062,287.05218505859375,172.04916381835938,150.21817016601562,185.67884826660156,292.65728759765625,539.7044677734375,629.4920043945312,646.70703125,728.2396850585938,229.44114685058594,248.16981506347656,301.16778564453125,477.2052917480469,103.89165496826172,223.56663513183594,331.9759216308594,345.3592529296875,29.889488220214844,182.11090087890625,311.78363037109375,415.4051513671875
6.300000,378,55.076934814453125,53.67269515991211,120.30455017089844,218.04566955566406,86.26438903808594,77.271240234375,182.909912109375,273.80181884765625,118.7095947265625,84.89420318603516,161.46142578125,296.1587219238281,440.3056335449219,513.4302978515625,625.8861083984375,742.8621826171875,178.43609619140625,201.61483764648438,346.0327453613281,540.2555541992188,116.52821350097656,240.77549743652344,466.51904296875,436.4638366699219,37.211910247802734,166.0747833251953,441.2159118652344,535.23779296875
6.316667,379,85.88029479980469,90.75613403320312,120.6029281616211,211.51065063476562,159.5835723876953,151.5661163330078,204.69407653808594,286.43304443359375,172.68276977539062,152.20948791503906,187.73651123046875,290.9869079589844,540.4986572265625,632.4254150390625,650.937744140625,727.6851196289062,229.1356964111328,249.4375762939453,302.488525390625,472.7066345214844,107.52017974853516,229.75880432128906,341.2388916015625,346.12261962890625,34.498085021972656,189.36488342285156,323.8335876464844,419.5865783691406
6.333334,380,52.06398391723633,47.243682861328125,119.88959503173828,220.244140625,81.95914459228516,68.96578216552734,185.080322265625,278.8333435058594,115.11483001708984,78.76830291748047,162.17193603515625,301.1100769042969,435.8663330078125,508.28643798828125,633.8622436523438,752.4548950195312,176.6325225830078,199.38674926757812,356.3310546875,551.258056640625,108.83431243896484,239.54977416992188,474.9605712890625,437.2372741699219,28.84712791442871,149.1959686279297,438.2641906738281,538.656982421875
6.350000,381,82.54121398925781,76.61075592041016,117.45036315917969,220.82925415039062,153.992919921875,131.41018676757812,200.52980041503906,299.96978759765625,167.5701904296875,133.53787231445312,181.6266632080078,302.93780517578125,528.988525390625,599.7880859375,641.3654174804688,745.7784423828125,223.8927459716797,226.49853515625,301.90338134765625,499.1179504394531,112.80220794677734,227.12257385253906,362.5477294921875,372.11358642578125,41.13200378417969,187.46258544921875,351.5514831542969,459.4222412109375
6.366667,382,52.547698974609375,48.00810623168945,119.79805755615234,222.82373046875,84.2147216796875,71.29182434082031,187.26588439941406,284.0958251953125,115.09233856201172,78.33525848388672,160.69766235351562,302.5017395019531,428.6732482910156,497.93017578125,621.51513671875,749.2193603515625,173.76795959472656,195.8670654296875,350.011962890625,552.185546875,115.4018325805664,244.1971893310547,481.1522521972656,447.4720153808594,37.478187561035156,164.73741149902344,455.9894714355469,555.3093872070312
6.383334,383,81.52359771728516,76.53082275390625,116.82315063476562,219.81890869140625,151.45196533203125,129.89599609375,197.0264892578125,297.9750061035156,166.53573608398438,134.28973388671875,180.62490844726562,302.99371337890625,534.341796875,614.80810546875,653.1365356445312,755.6566772460938,223.56643676757812,237.5782012939453,303.13812255859375,497.4187927246094,114.36971282958984,245.46974182128906,370.41705322265625,369.7684631347656,41.146209716796875,200.69174194335938,353.9919128417969,459.909423828125
6.400000,384,53.75949478149414,49.010704040527344,119.66411590576172,219.3246612548828,84.24811553955078,70.5394515991211,183.16026306152344,276.9551086425781,117.10702514648438,80.33515167236328,161.3755645751953,298.9358825683594,439.97625732421875,514.3245239257812,634.44189453125,749.1846313476562,179.3601531982422,203.39263916015625,353.77850341796875,546.3438110351562,112.3707504272461,244.2249298095703,474.9639892578125,434.9537353515625,31.334077835083008,155.4120330810547,439.2804870605469,535.7022705078125
6.416667,385,87.36700439453125,90.77222442626953,119.00006866455078,213.8004608154297,165.18006896972656,154.1298065185547,206.9298095703125,293.4411926269531,173.0901336669922,150.26693725585938,185.34898376464844,292.44317626953125,533.9918823242188,625.1428833007812,639.0661010742188,723.3631591796875,232.7513427734375,257.14013671875,308.9712829589844,482.6861572265625,110.68111419677734,237.55210876464844,345.6657409667969,352.00006103515625,36.55031204223633,199.8778839111328,323.1805419921875,420.9002380371094
6.433334,386,58.974449157714844,54.46307373046875,121.49449157714844,214.251953125,92.60807037353516,77.69141387939453,185.79464721679688,269.93487548828125,124.52159881591797,87.90208435058594,165.6144256591797,293.0799865722656,453.9735412597656,516.9508666992188,629.798095703125,735.0582275390625,187.07049560546875,193.0543670654297,342.6612548828125,530.467041015625,113.37776184082031,222.558837890625,456.7313232421875,426.3861083984375,33.650779724121094,141.00643920898438,428.3387451171875,519.75
6.450000,387,76.43179321289062,66.47481536865234,113.02064514160156,223.5578155517578,145.19097900390625,116.10973358154297,194.26473999023438,305.1351013183594,159.23770141601562,119.61505889892578,174.1022491455078,308.5040283203125,523.38720703125,590.3928833007812,646.1463012695312,771.5379028320312,214.23036193847656,224.21621704101562,306.9601135253906,516.9793090820312,113.31548309326172,253.2090301513672,391.5224609375,385.0105285644531,40.99710464477539,201.72036743164062,366.7074890136719,478.6829833984375
6.466667,388,56.42829132080078,51.08695602416992,121.38434600830078,220.98426818847656,88.9485092163086,74.30400085449219,186.99571228027344,280.1241760253906,120.00117492675781,82.92815399169922,163.0255584716797,300.08551025390625,439.3614807128906,508.5691833496094,623.7389526367188,740.9043579101562,186.77442932128906,206.9446258544922,354.14544677734375,547.3876342773438,118.71014404296875,241.8626251220703,472.6096496582031,436.42645263671875,35.75941467285156,154.53793334960938,441.3929748535156,539.1388549804688
6.483334,389,87.36503601074219,87.31318664550781,119.2319107055664,216.2154998779297,163.04144287109375,146.53237915039062,202.7327880859375,293.7839660644531,171.10812377929688,143.1617431640625,181.76571655273438,293.4190673828125,531.228515625,617.763427734375,640.2190551757812,725.9971923828125,229.2516326904297,247.68704223632812,306.20257568359375,484.31927490234375,113.26324462890625,234.6737060546875,346.5600891113281,351.55596923828125,38.636985778808594,196.3076934814453,326.4335632324219,423.0839538574219
6.500000,390,59.433223724365234,54.08113098144531,122.42527770996094,215.51214599609375,94.89364624023438,78.53861999511719,189.94317626953125,273.6891784667969,126.0054702758789,88.40045928955078,167.08819580078125,294.88775634765625,454.0010070800781,512.4369506835938,625.84716796875,734.2078247070312,189.30714416503906,193.94622802734375,344.52960205078125,531.9090576171875,115.08497619628906,224.74337768554688,462.8753356933594,429.30230712890625,34.63481521606445,143.5199432373047,437.0035095214844,525.6378784179688
6.516667,391,75.30463409423828,63.01790237426758,112.34954833984375,227.62408447265625,144.05128479003906,112.09407806396484,193.89158630371094,311.1741638183594,157.36447143554688,114.55850219726562,171.67596435546875,314.037109375,517.2236328125,576.9497680664062,637.1773071289062,778.1669311523438,214.3967742919922,220.96517944335938,307.4606018066406,529.59814453125,116.07006072998047,252.2517852783203,394.431884765625,394.468017578125,41.447792053222656,200.04666137695312,372.9422302246094,493.3591003417969
6.533334,392,55.16957092285156,48.959415435791016,117.21666717529297,222.5736083984375,88.43805694580078,72.7425765991211,182.45236206054688,283.15234375,119.4803237915039,81.8923568725586,160.78897094726562,304.1474304199219,443.8159484863281,508.76922607421875,621.8634643554688,753.8457641601562,186.0314483642578,205.17181396484375,350.21990966796875,555.97509765625,115.31913757324219,239.85484313964844,464.3561706542969,438.3819274902344,33.0532341003418,154.44290161132812,432.4463195800781,540.5169677734375
6.550000,393,87.1222915649414,93.35063934326172,122.15504455566406,213.6412353515625,159.32664489746094,151.16709899902344,201.68348693847656,285.96588134765625,172.8817901611328,153.47706604003906,187.6268768310547,292.39434814453125,540.4449462890625,633.227294921875,647.6275024414062,723.7373657226562,230.0200653076172,251.3452606201172,302.0092468261719,472.9120178222656,101.14725494384766,219.98416137695312,326.41015625,340.34307861328125,26.503801345825195,176.1761932373047,306.2091064453125,409.1238708496094
6.566667,394,57.737144470214844,55.143516540527344,120.58037567138672,218.19378662109375,90.83984375,79.33970642089844,183.4610137939453,274.1654052734375,122.28190612792969,87.03087615966797,162.42233276367188,296.7163391113281,449.2958984375,515.789306640625,624.135498046875,743.580078125,184.49253845214844,201.066650390625,342.4826965332031,538.1072387695312,117.2833023071289,234.3389434814453,458.2886962890625,432.0332336425781,36.79115676879883,157.18930053710938,432.3269958496094,529.0036010742188
6.583334,395,81.26206970214844,80.60235595703125,117.37033081054688,216.89532470703125,153.6417236328125,138.23110961914062,201.75070190429688,296.78607177734375,168.2032928466797,141.6702880859375,183.84251403808594,300.1128234863281,538.2172241210938,627.8654174804688,656.4512939453125,751.2948608398438,227.53770446777344,251.02444458007812,307.24652099609375,491.95159912109375,115.2502212524414,255.5499725341797,375.13427734375,368.29962158203125,41.34617233276367,210.09112548828125,355.15203857421875,456.12677001953125
6.600000,396,56.107017517089844,46.7802619934082,120.45048522949219,223.22869873046875,89.04014587402344,68.49569702148438,185.84005737304688,284.1156311035156,118.85541534423828,77.04609680175781,160.22573852539062,302.8918762207031,440.2129211425781,502.8135070800781,624.5053100585938,750.16455078125,185.60964965820312,202.33432006835938,353.6504821777344,555.1341552734375,121.42271423339844,245.8920440673828,479.3842468261719,442.8739013671875,38.85344696044922,157.9322052001953,447.8225402832031,549.9864501953125
6.616667,397,73.34154510498047,58.737728118896484,106.5948715209961,228.9233856201172,142.28248596191406,106.53618621826172,185.74790954589844,314.4412841796875,158.9958038330078,114.28998565673828,169.11448669433594,319.4907531738281,529.4202880859375,590.9509887695312,644.4741821289062,794.9879760742188,218.11509704589844,228.3004913330078,303.2337951660156,536.1613159179688,114.87213134765625,256.3514099121094,384.8506164550781,395.9547424316406,36.130184173583984,198.01629638671875,356.8634338378906,495.9956359863281
6.633334,398,57.55599594116211,45.787899017333984,119.72269439697266,228.2970733642578,94.8263931274414,70.44789123535156,188.65086364746094,294.53167724609375,121.37215423583984,76.68878936767578,159.4003143310547,310.2204895019531,445.05859375,496.53643798828125,614.6785278320312,760.2860717773438,191.93331909179688,204.3177032470703,352.27099609375,568.5718994140625,125.45343017578125,249.49562072753906,478.5731506347656,452.1665344238281,41.62385177612305,163.8190460205078,448.51953125,562.393310546875
6.650000,399,71.26606750488281,54.981781005859375,108.54251861572266,232.33602905273438,138.09750366210938,100.64857482910156,190.57086181640625,320.50799560546875,156.097900390625,109.53628540039062,170.74244689941406,324.11865234375,517.4805908203125,573.96142578125,642.65966796875,796.8733520507812,211.69154357910156,217.05032348632812,307.7470397949219,543.8305053710938,114.54830169677734,250.33364868164062,393.0680847167969,402.5976257324219,37.854248046875,194.18836975097656,370.9642333984375,507.2610778808594
6.666667,400,57.35029602050781,49.3603515625,121.11797332763672,222.2645263671875,91.415283203125,72.29145050048828,186.8531036376953,282.73321533203125,121.41513061523438,80.94579315185547,161.82887268066406,302.3782653808594,445.6748962402344,511.0821228027344,627.4498901367188,748.9256591796875,189.2330322265625,207.36465454101562,352.8200988769531,550.172607421875,120.15923309326172,247.50083923339844,475.76483154296875,437.2262268066406,36.05140686035156,155.8187713623047,439.98931884765625,540.3070678710938
6.683334,401,79.10816955566406,78.97399139404297,117.05828094482422,220.6815643310547,149.35488891601562,132.86167907714844,195.3840789794922,301.23834228515625,162.51248168945312,135.34071350097656,177.8663330078125,303.637939453125,526.5960693359375,621.7792358398438,650.2511596679688,759.4520874023438,221.93881225585938,258.583251953125,306.80694580078125,499.807373046875,115.16773223876953,280.41009521484375,388.1925354003906,370.2813415527344,36.82996368408203,232.43234252929688,362.4117431640625,460.8053894042969
6.700000,402,56.47845458984375,51.319725036621094,122.799072265625,219.66429138183594,90.8704605102539,77.75538635253906,192.9476776123047,279.1101379394531,123.02457427978516,86.49059295654297,167.86769104003906,301.5328369140625,451.1152038574219,500.9463806152344,619.8406982421875,748.0736694335938,187.5718994140625,193.02825927734375,348.12725830078125,547.585205078125,111.66978454589844,226.25973510742188,463.9720764160156,435.58306884765625,29.867759704589844,139.4185791015625,434.7079772949219,536.8904418945312
6.716667,403,72.24152374267578,56.099708557128906,106.85770416259766,229.036376953125,136.2914581298828,96.85374450683594,178.57835388183594,311.1560974121094,155.18914794921875,108.28195190429688,166.5494384765625,318.29901123046875,519.8342895507812,581.5824584960938,644.17138671875,792.830078125,211.0225372314453,220.7027587890625,300.7152404785156,535.60546875,114.73807525634766,267.6432800292969,397.71246337890625,394.568603515625,36.49302291870117,203.89788818359375,364.98040771484375,494.9905700683594
6.733334,404,59.41093826293945,57.75577163696289,118.28011322021484,214.0703582763672,95.7178726196289,84.76502990722656,181.64224243164062,268.4289855957031,126.51476287841797,92.64682006835938,162.8400421142578,292.037841796875,459.01190185546875,517.5039672851562,612.7438354492188,730.5313720703125,194.79237365722656,200.3654327392578,333.7311096191406,528.1757202148438,117.59292602539062,223.68862915039062,447.4967956542969,426.8022766113281,36.0831184387207,149.0774688720703,425.7350158691406,520.7412719726562
6.750000,405,70.35775756835938,56.15773391723633,112.04058074951172,238.31491088867188,139.3214111328125,104.46601104736328,197.96127319335938,330.7711486816406,152.77447509765625,106.8515625,170.90805053710938,330.1763610839844,512.0685424804688,570.9578247070312,644.5062255859375,809.3572387695312,207.40745544433594,215.40968322753906,309.6372375488281,553.2297973632812,104.07664489746094,249.59078979492188,391.8071594238281,401.5841369628906,27.17901611328125,186.23358154296875,364.0646667480469,506.0153503417969
6.766667,406,58.89302444458008,51.528343200683594,128.3555450439453,221.93194580078125,96.51847076416016,79.8755874633789,207.59275817871094,287.1019287109375,126.7871322631836,89.38245391845703,176.88461303710938,306.76190185546875,451.5558776855469,500.7920837402344,630.714599609375,748.734375,192.89254760742188,191.81382751464844,360.44793701171875,554.6570434570312,115.8451919555664,218.49180603027344,464.7562561035156,438.7205810546875,34.18635177612305,131.37591552734375,435.20294189453125,536.4901733398438
6.783334,407,67.2898941040039,51.51815414428711,103.67269897460938,231.84576416015625,129.2036590576172,91.39983367919922,179.43247985839844,319.428955078125,150.70594787597656,105.92086791992188,166.804443359375,324.1776123046875,496.0151062011719,564.917724609375,632.8490600585938,789.1659545898438,203.06210327148438,217.1884002685547,302.51409912109375,545.2042236328125,113.84274291992188,269.2941589355469,408.6430358886719,410.0586242675781,37.112037658691406,208.51309204101562,381.5961608886719,515.6106567382812
6.800000,408,52.36585998535156,40.08237838745117,122.67781829833984,233.81141662597656,86.70147705078125,64.89338684082031,200.97598266601562,304.3672790527344,117.76509094238281,74.9542007446289,169.51327514648438,324.3439636230469,433.4547119140625,480.16314697265625,625.66162109375,783.9408569335938,183.39443969726562,193.9953155517578,370.222900390625,598.0182495117188,122.24279022216797,247.91812133789062,488.6693420410156,467.5396423339844,42.44682312011719,157.27545166015625,448.3204650878906,577.0755615234375
6.816667,409,70.48149108886719,52.50556182861328,103.50458526611328,228.33575439453125,133.14845275878906,90.09822845458984,173.55441284179688,312.3957214355469,154.4490966796875,106.77156066894531,166.7294464111328,320.056396484375,513.4223022460938,577.2981567382812,644.3087768554688,795.3544921875,208.4424591064453,220.65399169921875,301.78973388671875,539.7577514648438,116.68392181396484,279.2046813964844,407.64752197265625,397.743408203125,37.66156768798828,207.27406311035156,365.712158203125,497.3551940917969
6.833334,410,56.86452865600586,49.0806999206543,127.50682830810547,231.75379943847656,91.72093200683594,76.87630462646484,206.6902618408203,298.6136779785156,123.05339050292969,84.9728775024414,175.54278564453125,321.2912292480469,440.6404113769531,479.63201904296875,615.1839599609375,770.8125610351562,193.28309631347656,193.7698974609375,366.65960693359375,587.5121459960938,120.50621032714844,222.59060668945312,463.44488525390625,453.4984130859375,36.84912109375,137.274658203125,433.525390625,554.6991577148438
6.850000,411,74.52315521240234,66.43598175048828,111.0092544555664,222.2082061767578,142.7055206298828,115.40586853027344,194.3279571533203,307.34283447265625,159.61636352539062,125.14569091796875,178.070556640625,309.5911560058594,501.6807861328125,581.2719116210938,632.0242919921875,754.4144897460938,215.43470764160156,237.96192932128906,312.6144104003906,518.3895874023438,121.29981994628906,275.67034912109375,404.0411071777344,388.74688720703125,44.82644271850586,218.59169006347656,372.5480041503906,480.2026062011719
6.866667,412,57.264671325683594,55.23674774169922,117.79011535644531,215.92994689941406,91.4449691772461,81.58777618408203,181.79966735839844,271.848388671875,124.77767944335938,91.3962173461914,164.09695434570312,296.5662841796875,457.03509521484375,521.1669311523438,623.51611328125,743.4073486328125,188.95318603515625,198.59744262695312,336.6717529296875,535.7657470703125,112.42150115966797,225.61740112304688,446.42962646484375,429.2763366699219,32.176265716552734,145.17987060546875,417.41363525390625,523.8548583984375
6.883334,413,90.0274658203125,91.1530532836914,117.46772766113281,211.2036590576172,163.0041961669922,147.04840087890625,191.4893341064453,281.3158874511719,175.89227294921875,150.903564453125,182.71116638183594,289.2882995605469,551.0285034179688,632.1619262695312,640.918701171875,725.0114135742188,238.8265380859375,252.12033081054688,296.02978515625,475.9605712890625,115.61104583740234,231.72463989257812,329.1463623046875,343.34625244140625,40.37685775756836,194.11949157714844,309.42730712890625,413.7708435058594
6.900000,414,57.257568359375,54.78339767456055,122.79730987548828,216.07528686523438,89.13938903808594,78.86601257324219,187.4573974609375,269.31134033203125,123.1176986694336,89.07902526855469,167.6570587158203,297.1822509765625,453.57513427734375,507.84942626953125,623.5709838867188,744.5042114257812,188.56158447265625,197.9678192138672,350.4176025390625,542.5181274414062,114.40855407714844,231.80419921875,466.63616943359375,430.0444030761719,33.13624572753906,145.385009765625,431.2113037109375,522.877685546875
6.916667,415,76.68898010253906,68.06849670410156,107.98094940185547,219.59803771972656,146.9401092529297,118.28765106201172,184.35372924804688,298.751708984375,160.71372985839844,123.4066390991211,170.4128875732422,304.1331481933594,535.8821411132812,609.28271484375,646.84521484375,773.6515502929688,220.5263214111328,238.93231201171875,299.8714294433594,510.82733154296875,113.19876098632812,265.76422119140625,383.7684631347656,378.1589660644531,36.66630935668945,210.19635009765625,351.3568115234375,468.7363586425781
6.933334,416,60.40703582763672,55.602413177490234,118.47142028808594,216.4458770751953,98.75167083740234,82.8856430053711,184.61276245117188,274.4134216308594,129.61212158203125,92.54754638671875,164.99632263183594,296.2424621582031,462.30908203125,510.7203369140625,608.4935302734375,733.5023193359375,196.62269592285156,197.48056030273438,333.9750061035156,533.1129760742188,118.2685317993164,225.0894775390625,451.3936767578125,430.8326416015625,38.18516540527344,151.2940673828125,431.0980529785156,530.2401123046875
6.950000,417,76.20392608642578,66.8011703491211,112.14495849609375,225.93093872070312,146.38394165039062,117.8990249633789,194.626220703125,311.8699951171875,162.1536102294922,124.83448028564453,176.14968872070312,313.8392333984375,525.6067504882812,601.375732421875,648.5188598632812,776.3634033203125,218.14942932128906,238.07846069335938,306.3348083496094,518.3771362304688,115.87476348876953,267.62298583984375,393.0591735839844,385.4591979980469,38.27570724487305,211.57229614257812,366.3432922363281,482.6378479003906
6.966667,418,57.47809982299805,48.60866165161133,118.3536376953125,223.33523559570312,93.21501159667969,72.57059478759766,183.88983154296875,284.6449890136719,123.18248748779297,81.37877655029297,160.66921997070312,304.9698791503906,455.9300842285156,511.7782287597656,626.1025390625,761.3812255859375,188.7022705078125,199.17037963867188,343.244873046875,554.491943359375,121.10901641845703,242.5820770263672,469.1184387207031,443.94708251953125,39.64155197143555,158.59156799316406,439.8849792480469,549.728759765625
6.983334,419,72.29499816894531,58.753257751464844,107.56481170654297,230.8350372314453,140.61444091796875,106.7830810546875,190.29669189453125,320.5581359863281,158.6182861328125,116.05631256103516,171.85354614257812,322.7547302246094,517.9494018554688,589.189208984375,643.6160278320312,788.8375854492188,215.42303466796875,232.8882598876953,308.5513610839844,537.6488647460938,113.8557357788086,259.00238037109375,390.3197937011719,400.9581604003906,34.88263702392578,203.63973999023438,366.2120666503906,502.5664367675781
7.000000,420,58.491329193115234,50.626766204833984,119.37191772460938,222.08334350585938,93.82133483886719,75.23450469970703,186.56143188476562,282.9389343261719,124.39535522460938,84.72269439697266,164.00437927246094,304.2142028808594,453.07696533203125,505.2106628417969,618.71728515625,753.2108154296875,191.33126831054688,199.96737670898438,347.1587219238281,553.7464599609375,119.84383392333984,236.6332244873047,465.1880187988281,438.7801513671875,37.95451354980469,154.49618530273438,436.3074645996094,540.3011474609375
7.016667,421,74.95463562011719,68.92973327636719,113.46482849121094,223.49940490722656,140.99632263183594,117.4985580444336,190.89561462402344,304.40350341796875,157.79171752929688,124.51454162597656,175.2340545654297,310.2138671875,516.1063842773438,597.0679931640625,645.2804565429688,772.1929321289062,213.67437744140625,239.37451171875,306.4844665527344,514.7759399414062,113.0405502319336,275.2828063964844,396.92755126953125,380.2779846191406,35.50538635253906,218.20285034179688,366.0695495605469,473.61688232421875
7.033334,422,58.618614196777344,55.6121826171875,119.26297760009766,214.41561889648438,94.46986389160156,82.73342895507812,186.45260620117188,270.4820861816406,126.73523712158203,92.80267333984375,166.56932067871094,294.49090576171875,460.2746276855469,513.2940063476562,615.8928833007812,735.14111328125,194.57550048828125,194.67599487304688,336.0950622558594,531.7003784179688,115.53343200683594,218.56326293945312,448.9024353027344,428.4339294433594,34.32028579711914,141.11276245117188,427.278076171875,524.4777221679688
7.050000,423,73.66869354248047,61.5304069519043,109.02276611328125,228.0724639892578,140.0421142578125,106.50762176513672,183.88941955566406,310.72271728515625,156.70590209960938,114.59376525878906,169.20986938476562,316.42620849609375,521.0411987304688,593.2760620117188,647.9095458984375,788.4854125976562,213.02284240722656,229.524658203125,302.4570617675781,528.5947265625,111.81905364990234,268.0102844238281,392.51800537109375,388.1378173828125,33.26569366455078,205.92242431640625,359.25152587890625,484.75152587890625
7.066667,424,57.55475616455078,54.870540618896484,123.58465576171875,213.74717712402344,91.47689056396484,80.57674407958984,193.29916381835938,270.3496398925781,124.2034912109375,90.93805694580078,170.122802734375,293.2474060058594,451.0789794921875,511.5867919921875,627.4146118164062,730.9398193359375,186.09808349609375,191.33627319335938,345.78094482421875,527.9683837890625,110.0516128540039,220.2767333984375,461.5032043457031,426.9649353027344,29.532808303833008,136.26983642578125,434.6257629394531,521.2140502929688
7.083334,425,75.43634796142578,72.74018096923828,114.88910675048828,222.5475311279297,142.86463928222656,122.85456085205078,193.6608428955078,304.40240478515625,159.22012329101562,129.69891357421875,177.61094665527344,307.68359375,516.4478759765625,612.0718994140625,654.1332397460938,763.9192504882812,213.1047821044922,244.26885986328125,305.9142150878906,505.439208984375,112.38154602050781,278.15716552734375,398.95037841796875,377.15167236328125,36.70248031616211,225.8316192626953,372.28558349609375,470.3372802734375
7.100000,426,56.47787094116211,48.692283630371094,116.28982543945312,218.37513732910156,92.13728332519531,73.33412170410156,182.7607421875,279.42742919921875,122.25602722167969,82.90382385253906,159.74343872070312,297.67071533203125,449.5818786621094,513.1421508789062,622.14794921875,744.4064331054688,186.9384002685547,200.81263732910156,339.9733581542969,541.2781372070312,120.64225769042969,244.18267822265625,467.49871826171875,438.13861083984375,39.74716567993164,164.4012908935547,441.7794189453125,544.0333251953125
7.116667,427,73.20310974121094,59.71018600463867,106.94146728515625,228.086669921875,140.6175537109375,105.6787338256836,183.8567657470703,313.71875,157.6057891845703,114.73484802246094,168.39356994628906,317.7598876953125,519.3991088867188,590.7921142578125,642.1065673828125,785.552001953125,214.94500732421875,230.7804412841797,299.98016357421875,529.0670166015625,113.84456634521484,265.1859436035156,388.26983642578125,390.8603210449219,34.63943862915039,207.78228759765625,360.4351806640625,490.50689697265625
7.133334,428,56.25259017944336,49.5224494934082,117.7242660522461,221.87628173828125,90.35528564453125,73.35205841064453,182.2301483154297,282.27471923828125,120.80057525634766,81.56426239013672,159.25926208496094,302.3768310546875,446.9541931152344,512.1713256835938,624.09375,755.1246948242188,184.40679931640625,202.79457092285156,342.7153625488281,548.751953125,118.80148315429688,247.7444610595703,470.10772705078125,439.89508056640625,37.060203552246094,163.56898498535156,439.3530578613281,543.8514404296875
7.150000,429,80.73245239257812,77.95293426513672,115.6856460571289,218.34649658203125,151.6976776123047,133.22372436523438,196.23841857910156,297.0827941894531,163.93724060058594,135.0501251220703,178.4871368408203,300.0235290527344,526.529052734375,610.3440551757812,641.0961303710938,749.7752685546875,223.49832153320312,250.4625244140625,307.284423828125,499.8000793457031,117.45348358154297,266.6947021484375,381.3998718261719,371.36187744140625,41.989585876464844,223.79103088378906,359.35504150390625,459.4695739746094
7.166667,430,56.47947311401367,53.88217544555664,120.0374526977539,216.40464782714844,88.906494140625,78.75880432128906,184.2048797607422,271.8828430175781,123.35828399658203,89.24037170410156,165.5982666015625,297.5233459472656,455.21380615234375,519.2528686523438,629.009521484375,745.9254150390625,188.3315887451172,198.8614044189453,343.8928527832031,539.8187255859375,112.3187255859375,224.35028076171875,452.4769592285156,430.9448547363281,30.578584671020508,141.69688415527344,423.8557434082031,526.5549926757812
7.183334,431,78.6588363647461,77.6978759765625,115.03473663330078,219.10049438476562,149.9486541748047,135.33169555664062,201.0817108154297,301.7134094238281,163.03305053710938,136.83074951171875,180.43528747558594,302.3804931640625,518.41552734375,612.1428833007812,642.0087890625,748.084716796875,221.56602478027344,255.3583984375,311.90753173828125,501.7988586425781,113.39877319335938,262.8539123535156,380.3814697265625,376.5169982910156,37.1305046081543,218.9495391845703,359.7650451660156,464.8006591796875
7.200000,432,56.46146774291992,52.92781066894531,120.73050689697266,219.06304931640625,88.64290618896484,77.41632843017578,186.04525756835938,275.794677734375,121.64409637451172,86.38096618652344,165.1370086669922,300.635986328125,449.1187438964844,510.11651611328125,625.4776611328125,749.45556640625,185.16766357421875,193.4540557861328,344.4473876953125,545.3448486328125,112.04043579101562,220.29795837402344,453.8427429199219,435.0956726074219,31.84720802307129,140.60821533203125,428.0606384277344,531.2955932617188
7.216667,433,78.9541244506836,78.5224838256836,116.77949523925781,218.8758087158203,148.2774658203125,133.37876892089844,198.26406860351562,298.3099060058594,162.76893615722656,137.10162353515625,180.84423828125,302.04705810546875,523.2123413085938,615.3764038085938,647.7245483398438,753.2421875,221.12344360351562,255.04815673828125,310.96319580078125,500.1136169433594,115.38630676269531,272.8621826171875,386.76385498046875,371.2778625488281,38.53883361816406,225.31781005859375,361.89837646484375,459.5784912109375
7.233334,434,56.40022277832031,54.184783935546875,118.50041961669922,215.90724182128906,88.4735107421875,77.98199462890625,179.92626953125,270.1109313964844,122.12322235107422,87.650146484375,162.30445861816406,295.2472229003906,455.5763244628906,525.924072265625,633.92822265625,746.5057373046875,184.54737854003906,197.38351440429688,339.0335388183594,534.0292358398438,110.67536926269531,227.22109985351562,452.9029541015625,428.4740905761719,30.907625198364258,144.4148406982422,421.9892883300781,522.9462280273438
7.250000,435,88.86634826660156,91.53972625732422,117.8758773803711,211.7310333251953,163.937744140625,151.9629669189453,198.08139038085938,285.2981262207031,176.1905059814453,153.67831420898438,185.5843048095703,291.5413818359375,551.0535278320312,637.6102294921875,644.7633666992188,729.0741577148438,239.90737915039062,257.30462646484375,299.98663330078125,478.3242492675781,112.45826721191406,229.5754852294922,328.45782470703125,346.5757141113281,36.163944244384766,190.43736267089844,309.10986328125,417.16973876953125
7.266667,436,55.44141387939453,54.2746696472168,123.8145751953125,217.62191772460938,86.73428344726562,79.3859634399414,191.13803100585938,272.9807434082031,120.57855224609375,88.00089263916016,168.27975463867188,299.15374755859375,442.9505615234375,501.5732116699219,621.4916381835938,743.2246704101562,182.73394775390625,193.90455627441406,351.04473876953125,544.4768676757812,110.66358184814453,224.03402709960938,463.1896057128906,435.14996337890625,30.49349594116211,140.61239624023438,432.801513671875,529.5230102539062
7.283334,437,87.39794158935547,91.41508483886719,119.06222534179688,211.83071899414062,160.1949005126953,150.4554443359375,198.210693359375,283.9793701171875,174.16517639160156,153.60345458984375,186.3516845703125,291.5726013183594,547.6674194335938,635.7921752929688,646.69580078125,729.4281005859375,234.92564392089844,252.49276733398438,297.7762451171875,475.333740234375,108.19306945800781,227.44790649414062,329.68328857421875,344.5925598144531,33.34579086303711,186.69281005859375,311.1275634765625,416.8238830566406
7.300000,438,55.385311126708984,53.292171478271484,120.43489837646484,215.92530822753906,87.14043426513672,77.46044158935547,185.95921325683594,271.4166259765625,121.02320098876953,87.78313446044922,165.8709716796875,296.67742919921875,446.3057556152344,509.8566589355469,624.9380493164062,740.8638916015625,183.49952697753906,194.61842346191406,345.90765380859375,539.4727172851562,111.45872497558594,226.69224548339844,460.3665771484375,432.2085266113281,31.925052642822266,144.2607421875,430.02008056640625,527.2368774414062
7.316667,439,79.13028717041016,80.38458251953125,116.33477783203125,217.66787719726562,150.51869201660156,137.837890625,200.03334045410156,298.58270263671875,164.43203735351562,140.40762329101562,181.39218139648438,300.0237731933594,526.7774047851562,626.77685546875,652.47119140625,749.6410522460938,221.48745727539062,258.5079040527344,307.16949462890625,491.02130126953125,112.01665496826172,271.1395568847656,382.50872802734375,367.387451171875,35.28315734863281,222.6483612060547,358.5445556640625,455.7000427246094
7.333334,440,55.95564270019531,51.219844818115234,122.60888671875,219.16708374023438,87.16693878173828,74.06587219238281,188.63795471191406,275.5735778808594,119.89305114746094,82.71981048583984,164.9241180419922,299.3780822753906,444.5650939941406,504.68206787109375,627.8379516601562,747.5452270507812,183.14654541015625,194.4572296142578,351.68707275390625,546.2994384765625,114.1587142944336,233.44815063476562,472.3160095214844,435.7313537597656,32.71897888183594,145.63916015625,439.3617248535156,533.798583984375
7.350000,441,77.39582824707031,70.00942993164062,112.31410217285156,221.09632873535156,146.93511962890625,121.07736206054688,191.17726135253906,301.4935607910156,160.14686584472656,125.0610580444336,174.25698852539062,305.8056945800781,520.7565307617188,595.93505859375,639.2356567382812,765.4667358398438,219.35696411132812,242.43116760253906,308.4100036621094,514.6119384765625,119.04805755615234,271.1300964355469,389.5479736328125,379.7897033691406,42.39198684692383,221.08621215820312,361.014892578125,470.4676513671875
7.366667,442,56.233551025390625,54.42860794067383,116.3504409790039,214.69517517089844,89.6307373046875,79.8008041381836,178.7423553466797,269.50860595703125,122.97177124023438,89.52588653564453,161.6324005126953,293.9552001953125,455.1259460449219,521.7847900390625,623.010009765625,738.8706665039062,188.14810180664062,197.43045043945312,334.3350524902344,531.62646484375,112.43424224853516,221.86448669433594,444.99945068359375,428.7320251464844,31.575265884399414,143.38717651367188,420.94140625,524.6636352539062
7.383334,443,78.2345962524414,75.47937774658203,113.50821685791016,219.96011352539062,148.33470153808594,129.07337951660156,193.1319122314453,300.7023620605469,163.56851196289062,134.79034423828125,178.0812530517578,304.3189392089844,532.1874389648438,626.106689453125,656.121826171875,764.083740234375,222.13426208496094,256.0908508300781,306.20947265625,500.88568115234375,113.78531646728516,277.0862731933594,387.7110900878906,372.441650390625,35.51945495605469,224.62217712402344,358.5463562011719,462.52008056640625
7.400000,444,56.67533493041992,50.99082946777344,119.18431854248047,218.10643005371094,88.54542541503906,73.41046142578125,182.63343811035156,274.06256103515625,121.14977264404297,83.09698486328125,162.1955108642578,298.0815124511719,448.8442687988281,507.60687255859375,623.220703125,744.9765014648438,185.6837158203125,194.63861083984375,345.0102844238281,542.6619873046875,113.27153778076172,229.6041259765625,463.7553405761719,432.6865539550781,32.1833381652832,143.8941192626953,432.231201171875,530.1704711914062
7.416667,445,80.89427185058594,80.62138366699219,116.93254852294922,217.67921447753906,153.5552520751953,139.168701171875,201.31524658203125,298.2045593261719,163.9134521484375,138.0116729736328,180.11474609375,298.97283935546875,524.6306762695312,611.7567749023438,639.6427612304688,747.3863525390625,223.92587280273438,256.29803466796875,311.6982421875,500.0072021484375,117.62022399902344,267.9602355957031,381.1142272949219,371.7824401855469,42.231937408447266,227.85946655273438,359.86181640625,458.3803405761719
7.433334,446,57.362953186035156,52.72037887573242,119.25582885742188,218.31187438964844,90.915771484375,77.56797790527344,184.1643829345703,275.5105285644531,123.77015686035156,87.87004852294922,164.82887268066406,300.2789611816406,454.6260986328125,513.2545166015625,622.3495483398438,746.1689453125,192.1125946044922,197.7146759033203,342.86688232421875,544.5559692382812,113.08822631835938,219.9185333251953,447.5999755859375,430.8531188964844,30.29974937438965,136.0010986328125,419.06378173828125,526.5435180664062
7.450000,447,79.0986328125,77.18846893310547,115.83039093017578,220.8998565673828,149.71121215820312,132.72889709472656,198.07843017578125,302.4256286621094,162.4055938720703,134.63150024414062,178.8876190185547,304.162841796875,522.2074584960938,614.2854614257812,646.45654296875,757.0247802734375,221.02455139160156,255.25616455078125,309.8509521484375,503.5924987792969,114.4479751586914,271.950927734375,384.67510986328125,373.4439392089844,36.72206115722656,223.1449737548828,359.53228759765625,463.2753601074219
7.466667,448,56.63560485839844,51.2923469543457,122.81853485107422,218.98155212402344,88.48912811279297,74.12723541259766,188.37486267089844,275.84979248046875,121.30452728271484,84.0620346069336,166.27218627929688,300.3201904296875,448.03424072265625,509.27337646484375,631.0767211914062,747.3746337890625,184.85006713867188,193.382568359375,350.14678955078125,543.5255126953125,108.40118408203125,223.65316772460938,462.6243591308594,429.48486328125,26.74420166015625,133.388671875,428.8695068359375,525.0985717773438
7.483334,449,89.8692626953125,94.6103744506836,120.27457427978516,210.63319396972656,164.80352783203125,154.7322540283203,198.6051483154297,282.4067077636719,176.0275115966797,154.86473083496094,185.52877807617188,288.68890380859375,550.4947509765625,636.4600830078125,642.3230590820312,723.4464111328125,239.23133850097656,256.4881286621094,298.73687744140625,473.7369384765625,112.5472640991211,229.0064239501953,327.2352600097656,342.8775634765625,37.37104415893555,192.2691650390625,309.0081787109375,412.1813049316406
7.500000,450,56.46595001220703,55.05072021484375,121.63090515136719,215.0482635498047,88.60619354248047,80.00914001464844,187.0498504638672,269.4664611816406,122.56908416748047,90.30445098876953,167.533935546875,295.72674560546875,451.0826110839844,512.2879028320312,624.4273681640625,739.2353515625,186.8147430419922,195.78363037109375,345.9318542480469,537.0471801757812,111.54473876953125,220.76788330078125,455.59490966796875,430.0464782714844,31.812074661254883,141.75961303710938,429.0821533203125,523.7579345703125
7.516667,451,87.79196166992188,90.13481140136719,117.6683349609375,212.0492706298828,161.80819702148438,149.5986328125,197.3766632080078,285.1746520996094,175.00376892089844,152.25079345703125,185.13084411621094,291.90985107421875,550.2477416992188,637.8876953125,647.4158325195312,731.0446166992188,236.86306762695312,253.68690490722656,296.9457092285156,475.5661926269531,108.65201568603516,227.4409942626953,328.21722412109375,344.63458251953125,32.71549606323242,185.1656494140625,308.6821594238281,417.0965576171875
7.533334,452,56.19383239746094,54.1204948425293,123.01101684570312,218.13436889648438,88.38980865478516,79.42052459716797,190.66233825683594,274.5282897949219,121.4210433959961,88.08595275878906,167.66114807128906,299.3990173339844,441.718505859375,501.01336669921875,618.3217163085938,739.8301391601562,184.7599334716797,194.3861846923828,348.8773498535156,543.8579711914062,112.72705841064453,224.72544860839844,462.8420715332031,435.3304138183594,31.893253326416016,142.6233673095703,435.1179504394531,531.0595703125
7.550000,453,80.56034088134766,82.7088623046875,118.32341003417969,217.19839477539062,152.02088928222656,141.4750518798828,203.31333923339844,296.82818603515625,165.6596221923828,142.92210388183594,183.818115234375,299.4422607421875,526.67431640625,622.0035400390625,648.4767456054688,745.1834106445312,223.3022918701172,254.5475311279297,307.860595703125,491.52874755859375,110.56177520751953,256.7525329589844,370.900390625,364.7068786621094,34.9625129699707,210.70542907714844,349.98895263671875,450.0418395996094
7.566667,454,54.086341857910156,48.98989486694336,120.48792266845703,218.57237243652344,84.52364349365234,71.02562713623047,186.0847625732422,275.7227478027344,118.604248046875,82.08910369873047,164.90847778320312,300.49493408203125,444.78692626953125,511.7642517089844,636.7566528320312,752.05712890625,180.4458465576172,192.16554260253906,350.9927673339844,547.014892578125,109.15460205078125,227.87655639648438,466.22412109375,434.9701843261719,30.083847045898438,140.62652587890625,432.0313415527344,532.2547607421875
7.583334,455,88.79467010498047,92.9506607055664,118.08906555175781,210.68136596679688,163.7974395751953,153.5875244140625,198.30381774902344,283.84454345703125,177.0767364501953,156.51895141601562,187.0116729736328,290.4281005859375,553.03125,643.3110961914062,647.5496826171875,726.5142211914062,240.43280029296875,259.0865173339844,299.3291015625,474.4783020019531,111.39064025878906,228.99391174316406,326.9393310546875,344.6574401855469,35.724910736083984,191.5150604248047,308.8197937011719,414.951904296875
7.600000,456,56.0908203125,55.311119079589844,120.72855377197266,215.65362548828125,88.32064056396484,80.80728149414062,185.34971618652344,269.77154541015625,122.1025619506836,89.71973419189453,165.47450256347656,295.7699890136719,448.38909912109375,506.96148681640625,617.0352172851562,739.3355102539062,185.03591918945312,196.11671447753906,343.26483154296875,538.0675659179688,112.61009979248047,225.59716796875,457.1868896484375,432.7926025390625,32.75832748413086,146.77459716796875,430.4549560546875,527.918701171875
7.616667,457,86.8503189086914,87.8606185913086,116.61448669433594,211.9429931640625,160.33128356933594,146.70889282226562,196.5370635986328,285.78662109375,173.15298461914062,149.22923278808594,183.6974639892578,291.6777648925781,545.054931640625,629.9326171875,643.81591796875,731.1648559570312,234.2078094482422,251.02032470703125,298.8125,480.254638671875,113.28508758544922,235.83160400390625,339.0909423828125,350.432861328125,39.00789260864258,197.9600830078125,320.0914306640625,424.68621826171875
7.633334,458,57.18069839477539,55.75204849243164,121.21894073486328,216.21250915527344,90.67686462402344,82.14994812011719,187.2256622314453,271.8951721191406,124.60009765625,92.22151184082031,167.8265380859375,297.6837158203125,452.32379150390625,512.3347778320312,620.375244140625,740.3858642578125,189.8718719482422,199.2646026611328,344.2921142578125,540.3736572265625,115.04035949707031,224.78724670410156,452.7507019042969,432.3939514160156,34.1131477355957,145.28834533691406,425.5932312011719,527.5154418945312
7.650000,459,78.51411437988281,82.34888458251953,117.71464538574219,217.2600555419922,148.95533752441406,140.4889373779297,202.89707946777344,298.4355773925781,163.73252868652344,143.45372009277344,183.94171142578125,300.3325500488281,521.9140625,624.2112426757812,649.1150512695312,745.849365234375,221.24351501464844,262.2222900390625,311.78094482421875,492.704833984375,111.41767883300781,270.696044921875,383.975830078125,369.76776123046875,34.96315002441406,224.26150512695312,361.77996826171875,457.64599609375
7.666667,460,58.15104675292969,52.99567794799805,120.10806274414062,220.09970092773438,92.47844696044922,78.46595001220703,187.35784912109375,278.47088623046875,124.00818634033203,87.28514099121094,165.39039611816406,301.7221984863281,452.3879699707031,504.0063781738281,615.8353271484375,747.5701293945312,190.987060546875,196.27854919433594,345.00274658203125,548.1591186523438,116.13304138183594,225.79339599609375,457.41998291015625,434.6324157714844,34.28915023803711,144.35171508789062,430.4720764160156,532.392822265625
7.683334,461,80.16179656982422,80.0573959350586,116.39617919921875,217.07615661621094,150.63780212402344,137.1742401123047,199.4323272705078,295.8134460449219,164.45736694335938,139.61773681640625,181.6255645751953,299.8987731933594,525.4374389648438,615.4259033203125,643.4185791015625,747.3964233398438,224.76463317871094,255.16067504882812,309.66375732421875,497.76947021484375,115.44467163085938,262.1782531738281,375.20721435546875,369.2857360839844,39.32304763793945,217.78370666503906,353.5095520019531,455.71368408203125
7.700000,462,55.860565185546875,52.24191665649414,118.3180160522461,218.3351287841797,88.5838623046875,76.74138641357422,182.85565185546875,275.1274719238281,121.71389770507812,86.81661987304688,163.73133850097656,300.017333984375,451.9558410644531,515.334228515625,626.4655151367188,749.7698974609375,185.82955932617188,194.781494140625,341.0655212402344,542.7353515625,110.51823425292969,221.24566650390625,451.334716796875,432.88861083984375,30.550195693969727,140.77330017089844,424.5215759277344,529.4370727539062
7.716667,463,79.7802734375,76.49651336669922,115.29354095458984,221.95907592773438,151.34017944335938,131.79302978515625,196.7228240966797,304.0870361328125,162.2576141357422,131.64938354492188,176.2796630859375,304.862060546875,523.7107543945312,610.55126953125,642.3922119140625,759.9092407226562,221.3644256591797,253.79220581054688,308.5223083496094,506.42071533203125,113.08856964111328,268.28204345703125,380.0260314941406,374.0489196777344,35.085594177246094,220.75648498535156,354.5591125488281,463.307861328125
7.733334,464,57.8161506652832,54.108131408691406,121.54981231689453,216.688720703125,91.20716094970703,78.91849517822266,186.33937072753906,273.0516662597656,124.52088165283203,89.17626190185547,166.70082092285156,297.6449279785156,455.7480773925781,515.4034423828125,627.06982421875,742.5148315429688,188.51144409179688,193.8153839111328,341.9335021972656,537.1647338867188,108.71883392333984,218.2671661376953,447.91204833984375,426.02587890625,27.407350540161133,130.59811401367188,415.7209167480469,520.2469482421875
7.750000,465,88.24098205566406,87.53909301757812,115.77278137207031,211.47775268554688,161.95082092285156,145.04360961914062,192.98402404785156,283.7073059082031,174.95864868164062,148.406982421875,182.3303985595703,290.9862976074219,549.263916015625,629.3875122070312,641.9412841796875,730.0220947265625,237.80250549316406,249.9914093017578,296.6327209472656,479.8162841796875,116.7089614868164,235.8627166748047,337.77032470703125,349.7652893066406,41.62548828125,196.93966674804688,317.550537109375,423.2927551269531
7.766667,466,56.40385818481445,54.99428176879883,119.29423522949219,215.966064453125,88.7469253540039,79.3626708984375,180.92794799804688,269.22186279296875,122.8639144897461,88.79228973388672,163.49375915527344,296.2808837890625,453.78875732421875,514.05419921875,623.11279296875,746.3589477539062,185.4864501953125,198.3855743408203,342.4181823730469,541.094970703125,115.16223907470703,235.5404052734375,463.02880859375,435.1066589355469,35.39795684814453,155.37811279296875,431.4259338378906,529.7147827148438
7.783334,467,92.27668762207031,95.89832305908203,121.29936981201172,212.29566955566406,165.22608947753906,149.2944793701172,190.00595092773438,277.8717956542969,176.51168823242188,150.56210327148438,181.10195922851562,287.877197265625,556.6376342773438,637.24951171875,642.7544555664062,720.065185546875,240.93429565429688,252.10057067871094,297.3251953125,473.2068786621094,104.71804809570312,210.49771118164062,308.01751708984375,331.7991943359375,25.476726531982422,160.9659881591797,281.99432373046875,393.0764465332031
7.800000,468,60.19501876831055,58.99123764038086,124.04779052734375,212.9928741455078,94.43891143798828,84.0794448852539,186.688232421875,263.9578552246094,128.0384521484375,94.01998138427734,168.79071044921875,291.8114318847656,462.12811279296875,506.3148498535156,613.6250610351562,732.1071166992188,191.87242126464844,195.63720703125,343.9957580566406,530.5534057617188,118.22238159179688,224.15708923339844,457.7337341308594,426.4010925292969,38.46135711669922,152.1575469970703,434.3457946777344,517.864990234375
7.816667,469,82.01338958740234,77.78292846679688,118.21907043457031,219.36935424804688,152.32891845703125,131.2351531982422,198.1192169189453,295.40594482421875,163.67506408691406,131.5131378173828,178.71458435058594,300.05291748046875,532.0570678710938,602.7118530273438,642.660888671875,750.7061157226562,221.98733520507812,235.11106872558594,307.2774963378906,500.53814697265625,108.84013366699219,237.72061157226562,366.12567138671875,366.26055908203125,35.744937896728516,193.4740753173828,346.6697692871094,451.62115478515625
7.833334,470,57.25472640991211,51.71492004394531,123.61090087890625,220.21774291992188,89.91759490966797,74.43729400634766,188.59780883789062,277.2498779296875,122.66160583496094,85.39828491210938,167.65711975097656,302.48822021484375,452.73345947265625,508.9749755859375,630.4305419921875,752.68701171875,187.8139190673828,203.5302276611328,360.5587158203125,552.3086547851562,110.96128845214844,233.33856201171875,467.8192443847656,429.1177062988281,28.24431800842285,141.66893005371094,427.8117370605469,523.4891967773438
7.850000,471,77.87334442138672,69.62416076660156,109.73474884033203,221.99876403808594,148.20957946777344,119.25383758544922,185.75755310058594,302.36572265625,160.890869140625,124.11849212646484,170.55490112304688,306.1636047363281,541.7318725585938,621.2864379882812,658.2838745117188,780.3333129882812,219.6851348876953,241.968017578125,299.0902099609375,508.10357666015625,110.08258819580078,266.34820556640625,378.93475341796875,372.0948181152344,33.35895538330078,209.5365447998047,344.7666015625,462.4586181640625
7.866667,472,56.06056213378906,45.918209075927734,119.78889465332031,228.04515075683594,91.94355773925781,70.80012512207031,188.07688903808594,294.0118408203125,120.4580078125,78.55885314941406,161.03492736816406,311.3634338378906,443.2901916503906,501.3411560058594,619.3175659179688,763.4441528320312,187.7509307861328,206.74362182617188,352.819091796875,566.9592895507812,118.31708526611328,249.3092803955078,472.65277099609375,445.7088317871094,34.85757827758789,157.9059600830078,436.6814270019531,554.6988525390625
7.883334,473,78.85501861572266,70.76461791992188,115.33159637451172,224.58734130859375,151.76393127441406,126.55430603027344,203.43482971191406,310.365966796875,164.17340087890625,127.32405853271484,179.44406127929688,309.5728454589844,522.3695068359375,592.5223388671875,641.7786865234375,762.1818237304688,219.83248901367188,228.10006713867188,307.11663818359375,515.52783203125,117.28627014160156,247.10598754882812,385.4968566894531,387.61279296875,44.21711730957031,197.7315216064453,367.8394470214844,482.6438903808594
7.900000,474,58.016456604003906,49.070892333984375,117.58111572265625,222.07164001464844,93.14791107177734,71.91693115234375,180.8804473876953,283.125,122.09780883789062,80.20973205566406,157.97921752929688,300.87554931640625,449.8607482910156,513.9806518554688,623.1232299804688,748.6704711914062,189.79969787597656,206.3660430908203,345.49688720703125,548.838134765625,122.31884765625,244.18495178222656,467.5204162597656,439.04766845703125,39.643890380859375,161.36778259277344,440.0586242675781,545.2142333984375
7.916667,475,74.46241760253906,62.93579864501953,110.78385925292969,230.19688415527344,144.8780975341797,115.06970977783203,197.98928833007812,320.654296875,161.38214111328125,121.50057220458984,176.13070678710938,321.5864562988281,520.850830078125,592.0035400390625,644.1273193359375,783.7864990234375,219.35861206054688,235.76661682128906,312.14337158203125,534.4457397460938,114.82811737060547,253.08067321777344,386.6860046386719,398.8462829589844,36.45458984375,200.0962677001953,365.35919189453125,498.547119140625
7.933334,476,56.10182571411133,48.244144439697266,122.0374984741211,223.8950653076172,89.00992584228516,70.76168823242188,188.47354125976562,285.2020568847656,119.07483673095703,78.81116485595703,161.90322875976562,304.564697265625,437.5642395019531,503.16925048828125,625.1832885742188,751.9962158203125,184.607421875,206.71478271484375,357.21038818359375,557.1786499023438,121.1389389038086,251.51815795898438,481.7810363769531,443.3317565917969,37.80552291870117,161.81890869140625,446.2953186035156,547.5122680664062
7.950000,477,73.66619110107422,67.93231201171875,112.90729522705078,223.97509765625,140.4720458984375,118.17223358154297,193.79696655273438,306.6097717285156,157.0101776123047,124.39142608642578,175.84738159179688,311.4334411621094,517.06201171875,598.38037109375,648.1427001953125,776.21630859375,212.57601928710938,237.6214599609375,307.1591491699219,516.6746826171875,110.35372924804688,270.99102783203125,394.7501220703125,381.1450500488281,33.99399185180664,214.03309631347656,363.50830078125,474.4061279296875
7.966667,478,55.848350524902344,49.56767654418945,120.28485870361328,217.35702514648438,88.82465362548828,72.71647644042969,187.25389099121094,276.2154541015625,120.58206176757812,82.55730438232422,163.35621643066406,296.5860290527344,444.5819396972656,511.7554626464844,630.1646728515625,740.1727294921875,184.27761840820312,195.5889892578125,346.6900329589844,538.855224609375,115.91792297363281,234.08238220214844,470.439453125,435.7130432128906,35.60661697387695,149.3956298828125,442.2501525878906,538.0056762695312
7.983334,479,74.976806640625,63.78903579711914,109.2114486694336,226.9519500732422,141.9320068359375,109.41120910644531,183.83470153808594,309.5595703125,159.04298400878906,119.11658477783203,170.8570098876953,315.1870422363281,523.5138549804688,601.65185546875,649.6343383789062,783.0556030273438,216.1791534423828,236.8456268310547,302.3226623535156,523.0997924804688,114.66071319580078,274.50982666015625,394.337646484375,385.88360595703125,35.59938430786133,215.28981018066406,362.15679931640625,481.9413757324219
8.000000,480,55.083953857421875,48.59965133666992,118.36178588867188,222.35284423828125,87.9299545288086,72.85979461669922,184.58595275878906,282.7370300292969,119.15158081054688,80.96182250976562,160.94180297851562,303.61480712890625,441.513427734375,504.215576171875,619.9929809570312,753.115478515625,185.45562744140625,202.79452514648438,349.6306457519531,555.9134521484375,117.67413330078125,243.14553833007812,471.19598388671875,442.7015686035156,34.8740119934082,157.32398986816406,440.5711975097656,547.0693969726562
8.016667,481,83.01406860351562,71.27908325195312,113.96561431884766,224.0138397216797,157.49803161621094,124.29632568359375,194.8375701904297,306.0251159667969,164.4193878173828,121.16497039794922,171.66336059570312,303.78271484375,519.0293579101562,578.3128662109375,624.0523071289062,747.4813842773438,220.42044067382812,221.49273681640625,299.1453857421875,510.0111999511719,119.4248275756836,239.2733917236328,372.5220642089844,379.64013671875,47.018043518066406,194.65298461914062,354.0972900390625,468.5061950683594
8.033334,482,62.23174285888672,64.09306335449219,119.94086456298828,207.9567413330078,102.06927490234375,94.33610534667969,184.4905548095703,260.7716064453125,132.9541015625,102.82535552978516,167.64024353027344,284.9908447265625,472.4364318847656,537.2007446289062,621.0855712890625,718.4903564453125,200.15574645996094,203.1466522216797,327.7916564941406,508.92950439453125,117.96449279785156,219.22691345214844,438.2425842285156,417.8685607910156,37.84556579589844,149.6558837890625,418.53265380859375,504.8741760253906
8.050000,483,75.65670013427734,62.2344970703125,106.24835968017578,227.73211669921875,144.2603759765625,108.84790802001953,181.64404296875,311.35650634765625,161.59066772460938,118.9308853149414,169.5149688720703,317.4285888671875,538.10888671875,611.2296142578125,653.37451171875,792.7020874023438,222.19419860839844,241.26809692382812,303.5897216796875,530.1552734375,113.56192779541016,267.2748107910156,385.0306091308594,391.3247375488281,34.124122619628906,210.1078338623047,352.6761779785156,487.6495666503906
8.066667,484,58.66222381591797,47.53415298461914,119.8053207397461,222.58848571777344,94.96507263183594,71.11471557617188,186.9921875,284.3375244140625,124.2114486694336,80.7322998046875,162.1224365234375,303.4965515136719,452.5673828125,501.18841552734375,618.6187744140625,751.3187255859375,190.0021514892578,197.45594787597656,346.2751159667969,551.3751831054688,121.58769226074219,242.46597290039062,473.3225402832031,440.203369140625,40.12001419067383,157.53753662109375,443.0339050292969,546.3969116210938
8.083334,485,72.1788330078125,57.858001708984375,108.57112884521484,229.7928009033203,139.7891845703125,104.6911849975586,189.5491943359375,316.8451843261719,157.7467041015625,113.49560546875,171.08599853515625,320.0267333984375,521.579833984375,584.5850830078125,644.913330078125,789.8094482421875,212.66348266601562,224.07154846191406,306.9812927246094,535.9959716796875,115.6074447631836,255.0719757080078,393.15673828125,400.662353515625,38.847164154052734,204.3011932373047,373.8523254394531,504.2105712890625
8.100000,486,57.47570037841797,44.294403076171875,121.70587921142578,227.10992431640625,93.80987548828125,68.1513442993164,192.55047607421875,292.0817565917969,122.28584289550781,77.02816009521484,164.12904357910156,310.9671936035156,449.4949035644531,490.8550109863281,618.2435913085938,761.6303100585938,192.45127868652344,191.19509887695312,351.4271240234375,567.3278198242188,120.47073364257812,230.14480590820312,471.5939025878906,447.9998779296875,38.177555084228516,143.873779296875,444.7553405761719,557.2886962890625
8.116667,487,73.14047241210938,56.962345123291016,106.49759674072266,232.38790893554688,143.23211669921875,105.42381286621094,188.94874572753906,322.5243835449219,158.5118408203125,111.7009048461914,168.30380249023438,322.9132995605469,522.726318359375,584.446533203125,640.6702270507812,793.97607421875,215.13380432128906,225.36207580566406,303.7004699707031,540.2206420898438,113.28225708007812,251.12103271484375,384.515869140625,401.49127197265625,34.86305618286133,197.72776794433594,363.4718017578125,505.5704345703125
8.133334,488,57.351341247558594,44.35039138793945,124.09078979492188,228.2401123046875,92.9170150756836,68.41748046875,196.4302978515625,293.9661560058594,121.59198760986328,76.4314193725586,165.78408813476562,312.17132568359375,447.0540466308594,488.4129943847656,621.4013061523438,764.206298828125,190.4226837158203,191.71022033691406,357.71856689453125,572.4758911132812,121.41788482666016,235.6749267578125,478.9712829589844,452.3079833984375,39.28707504272461,146.22024536132812,447.66876220703125,561.9964599609375
8.150000,489,72.04496765136719,54.05413055419922,107.02600860595703,231.70599365234375,140.00155639648438,98.29208374023438,186.7779083251953,320.308837890625,157.66200256347656,108.27420806884766,168.85633850097656,322.8956604003906,521.935546875,577.457275390625,644.2938842773438,796.5523681640625,212.58792114257812,217.19374084472656,304.98236083984375,541.8275756835938,116.42259216308594,253.9894256591797,393.2081604003906,401.7414855957031,38.86504364013672,195.2985076904297,368.6710510253906,506.1548767089844
8.166667,490,59.0728874206543,48.111244201660156,120.99050903320312,223.4688262939453,94.73570251464844,70.69329071044922,187.04202270507812,284.9852294921875,124.51232147216797,80.43614196777344,162.36834716796875,304.46453857421875,455.1875305175781,508.0374450683594,626.1047973632812,754.95166015625,192.2394256591797,199.58018493652344,347.91741943359375,553.6779174804688,124.31390380859375,242.85874938964844,474.4230651855469,442.82275390625,41.95775604248047,156.9212646484375,444.3343505859375,549.197265625
8.183334,491,73.947021484375,58.44886779785156,106.87483215332031,230.06195068359375,143.59239196777344,106.35330200195312,186.96595764160156,317.3866882324219,159.5524139404297,113.51708984375,168.91441345214844,319.5137939453125,524.6256713867188,587.374267578125,641.8554077148438,788.9224243164062,216.56869506835938,226.21690368652344,302.3543395996094,534.0780029296875,115.73011016845703,255.57708740234375,387.5425720214844,397.39263916015625,37.07659912109375,199.339599609375,364.1142272949219,499.8890380859375
8.200000,492,57.306610107421875,49.2359504699707,119.28826141357422,223.30430603027344,93.14022827148438,74.5280532836914,188.2323455810547,284.83294677734375,123.54471588134766,83.3672866821289,163.51629638671875,305.7772521972656,447.9917297363281,490.55072021484375,605.016357421875,749.8067626953125,190.92459106445312,196.82513427734375,346.407958984375,556.133056640625,118.56888580322266,235.9890899658203,470.9820251464844,442.8079833984375,36.56707763671875,154.0422821044922,444.21343994140625,547.6436767578125
8.216667,493,77.0496826171875,71.07359313964844,114.76136016845703,224.04653930664062,144.56497192382812,120.72005462646484,191.55059814453125,304.4452209472656,159.30055236816406,125.45960998535156,174.66848754882812,309.0278015136719,520.6666870117188,601.7326049804688,646.19970703125,770.7114868164062,215.96585083007812,241.2628173828125,304.60858154296875,511.76995849609375,114.14579010009766,274.2611083984375,392.2840881347656,376.8741149902344,36.6959228515625,221.11575317382812,364.3836364746094,470.4916687011719
8.233334,494,58.79246520996094,55.976131439208984,122.45110321044922,212.543701171875,93.6260757446289,81.68733978271484,190.07247924804688,268.23382568359375,125.82017517089844,92.30658721923828,168.9558563232422,291.00958251953125,457.4853210449219,522.4314575195312,631.990478515625,728.091796875,190.6009979248047,193.8653564453125,342.10662841796875,523.3726196289062,110.71261596679688,217.6393280029297,453.7591857910156,422.2679138183594,29.396678924560547,133.81613159179688,426.6845703125,514.662109375
8.250000,495,77.88253784179688,77.03579711914062,116.28671264648438,221.78424072265625,147.35545349121094,128.72116088867188,193.2347412109375,302.6241149902344,161.90391540527344,132.78256225585938,177.04486083984375,305.61834716796875,525.4972534179688,621.45849609375,653.998046875,762.5480346679688,219.06898498535156,252.1623992919922,305.4737243652344,502.51068115234375,112.17886352539062,277.1048278808594,391.6683349609375,373.9278564453125,35.72947311401367,228.13572692871094,364.9834289550781,465.07183837890625
8.266667,496,56.76213836669922,48.952308654785156,121.52395629882812,222.36341857910156,93.7669906616211,76.32527923583984,194.22157287597656,286.56939697265625,122.87593078613281,83.93277740478516,165.48434448242188,304.33441162109375,446.55010986328125,499.9452819824219,616.9655151367188,748.9464721679688,189.17315673828125,200.04739379882812,349.8267822265625,552.2288208007812,117.12197875976562,237.0056915283203,468.8706359863281,440.556640625,34.42305374145508,151.20396423339844,440.50390625,546.2303466796875
8.283334,497,75.44305419921875,64.71818542480469,110.83185577392578,226.70863342285156,143.87261962890625,112.87538146972656,188.5072479248047,310.9933166503906,160.13401794433594,120.57504272460938,172.20591735839844,314.87158203125,522.1271362304688,597.7626342773438,645.7178955078125,779.3773803710938,217.73818969726562,236.9816436767578,303.1728515625,522.0809936523438,117.81648254394531,270.35906982421875,391.7672119140625,386.7286071777344,38.956939697265625,215.70089721679688,365.5574951171875,484.95208740234375
8.300000,498,53.4578971862793,45.770023345947266,118.6561279296875,220.68594360351562,84.94571685791016,67.50992584228516,184.72567749023438,280.3639831542969,116.82260131835938,77.41775512695312,160.53463745117188,301.3241882324219,439.1297912597656,507.5691833496094,631.9711303710938,753.3229370117188,179.63134765625,199.23948669433594,352.1871032714844,551.3223266601562,115.91944122314453,249.1304931640625,481.36358642578125,441.1227111816406,35.42551803588867,158.8579559326172,444.2396545410156,545.2686767578125
8.316667,499,79.60137176513672,75.97895050048828,114.44609069824219,219.0489044189453,150.9005584716797,131.58656311035156,196.01223754882812,299.4125671386719,162.65293884277344,132.468505859375,176.95428466796875,301.8597412109375,523.8922729492188,606.8563842773438,638.8924560546875,753.9493408203125,222.99761962890625,250.78114318847656,308.5291442871094,504.68780517578125,116.15023803710938,265.7178039550781,380.99383544921875,374.78564453125,39.55936813354492,221.2002410888672,357.365966796875,462.9207763671875
8.333334,500,56.61677169799805,52.71003341674805,120.28179931640625,216.857177734375,89.5762939453125,76.78550720214844,184.83326721191406,273.51513671875,122.9631118774414,87.4735107421875,165.17526245117188,297.441162109375,450.1937255859375,511.8410339355469,624.0802001953125,740.9404296875,185.16285705566406,194.18862915039062,342.2235107421875,537.0476684570312,109.8359375,223.91043090820312,456.0261535644531,429.8970031738281,29.53520393371582,142.39540100097656,429.0899963378906,527.02587890625
8.350000,501,85.17107391357422,86.81757354736328,117.9048080444336,212.11692810058594,158.19691467285156,145.94268798828125,198.43516540527344,286.6886291503906,169.43527221679688,144.83975219726562,181.72463989257812,291.2041320800781,536.0990600585938,620.9611206054688,640.31103515625,732.77587890625,230.29852294921875,251.88226318359375,303.79803466796875,483.7973937988281,116.04594421386719,245.10243225097656,355.87103271484375,357.4382019042969,41.904117584228516,210.12966918945312,339.71527099609375,435.82208251953125
8.366667,502,57.82035827636719,57.4215087890625,121.91740417480469,214.9396514892578,92.54410552978516,85.20306396484375,188.83602905273438,270.32879638671875,125.35332489013672,94.74441528320312,169.4363555908203,296.2245178222656,456.81109619140625,515.4802856445312,621.0756225585938,737.826904296875,191.10836791992188,195.9500732421875,341.8445739746094,535.4861450195312,109.87681579589844,210.79173278808594,441.3387451171875,427.75958251953125,29.7764949798584,132.60975646972656,416.6236877441406,519.1774291992188
8.383334,503,82.3713607788086,80.30582427978516,114.0288314819336,213.59774780273438,152.44021606445312,135.16856384277344,191.50804138183594,287.7151184082031,168.00692749023438,140.07684326171875,179.77993774414062,295.4941101074219,538.9071655273438,622.9556274414062,646.6790161132812,744.8197631835938,229.16122436523438,249.25128173828125,301.87933349609375,489.5921630859375,115.86274719238281,247.43519592285156,359.03887939453125,362.84967041015625,40.43962860107422,206.69439697265625,340.4769592285156,445.70465087890625
8.400000,504,57.413570404052734,53.562347412109375,122.31656646728516,219.09498596191406,90.58838653564453,78.47330474853516,189.43495178222656,276.3265380859375,122.78215789794922,87.70367431640625,167.0763702392578,300.2081604003906,446.45751953125,501.7584533691406,616.6424560546875,741.8497314453125,187.7445068359375,195.70230102539062,347.6018981933594,544.1106567382812,114.14250946044922,224.50650024414062,462.6187438964844,433.65802001953125,32.77687072753906,143.47494506835938,438.06689453125,531.9686279296875
8.416667,505,80.50556945800781,79.86280822753906,117.54177856445312,218.09942626953125,151.72772216796875,136.67724609375,200.59544372558594,297.5337829589844,163.69554138183594,137.1456298828125,180.40298461914062,299.58343505859375,523.9927368164062,611.0084228515625,642.1664428710938,747.8928833007812,221.97898864746094,252.0255584716797,309.5133056640625,497.3649597167969,115.52348327636719,265.9118957519531,381.11029052734375,369.0430603027344,40.06675720214844,222.86781311035156,359.3684997558594,456.099365234375
8.433334,506,56.00245666503906,52.157779693603516,121.05084991455078,218.36380004882812,87.36146545410156,75.26802825927734,185.14480590820312,274.4585266113281,121.3678970336914,85.77387237548828,165.18609619140625,299.50933837890625,451.7157287597656,518.4518432617188,634.5143432617188,749.1302490234375,186.21136474609375,197.59622192382812,348.0379333496094,543.10888671875,110.10497283935547,225.2836151123047,456.70733642578125,430.21990966796875,28.336145401000977,138.48280334472656,424.2764892578125,525.4649658203125
8.450000,507,88.38319396972656,91.2641830444336,118.32694244384766,211.7380828857422,162.03147888183594,149.9395751953125,196.01611328125,283.8398742675781,175.33241271972656,152.80197143554688,184.9947967529297,291.674072265625,549.8021850585938,635.627197265625,643.3936767578125,728.661376953125,239.82247924804688,256.6471862792969,298.8011779785156,477.9701843261719,113.13018035888672,229.8024139404297,328.9515380859375,347.04595947265625,36.456844329833984,192.17263793945312,311.96734619140625,419.5069580078125
8.466667,508,55.975791931152344,55.20292663574219,124.6576919555664,219.2638702392578,88.44773864746094,82.20671844482422,194.1210174560547,276.0289001464844,122.08429718017578,90.50516510009766,170.4488983154297,301.9768371582031,443.4246520996094,499.19500732421875,616.9461059570312,744.4631958007812,185.8218231201172,196.89303588867188,352.67401123046875,549.6902465820312,112.88516998291016,223.6817626953125,459.8494567871094,437.87060546875,32.02642822265625,142.4761505126953,431.5576171875,533.1214599609375
8.483334,509,87.79592895507812,92.96967315673828,119.47857666015625,210.2422332763672,159.74497985839844,150.2554168701172,195.71728515625,280.15679931640625,174.39251708984375,154.25331115722656,185.4856719970703,288.50408935546875,548.7161865234375,639.253662109375,647.6053466796875,722.5509033203125,234.04205322265625,251.20172119140625,293.7695617675781,466.258056640625,105.65119171142578,224.31520080566406,324.34747314453125,337.09515380859375,30.92606544494629,181.27308654785156,304.5958251953125,407.5030517578125
8.500000,510,56.313995361328125,54.98635482788086,119.01232147216797,216.1472930908203,89.17498016357422,80.44786071777344,182.95706176757812,270.966796875,122.04401397705078,89.31103515625,163.89840698242188,296.1382141113281,451.52667236328125,515.8365478515625,622.7417602539062,742.21044921875,186.21986389160156,195.71112060546875,339.1855773925781,536.7308349609375,111.9715347290039,222.36514282226562,452.2809753417969,431.7366638183594,32.54888153076172,145.20138549804688,427.75518798828125,527.0009155273438
8.516667,511,80.62740325927734,81.12107849121094,116.02708435058594,216.9347686767578,152.43435668945312,139.25802612304688,199.50042724609375,296.5371398925781,165.66261291503906,141.0134735107422,181.23373413085938,299.49456787109375,529.184814453125,625.1431274414062,648.3900756835938,747.8783569335938,226.27374267578125,259.453857421875,307.7413024902344,493.4722900390625,114.00775909423828,262.478271484375,371.35809326171875,366.4278259277344,36.82978820800781,217.06845092773438,349.0212707519531,452.0684814453125
8.533334,512,55.42686080932617,49.91471481323242,121.85005187988281,220.75,87.00945281982422,73.10067749023438,188.9178924560547,279.228515625,120.10118865966797,83.24465942382812,166.35191345214844,303.3204345703125,444.6527099609375,506.6793212890625,630.7222290039062,752.51123046875,182.93649291992188,191.4953155517578,350.2955017089844,549.7577514648438,109.1830062866211,223.60630798339844,463.2322082519531,435.4176025390625,28.910654067993164,136.4779052734375,431.8498229980469,533.3223876953125
8.550000,513,72.54424285888672,63.52973556518555,100.63292694091797,209.12322998046875,130.5948486328125,101.68875122070312,169.17591857910156,278.455810546875,144.519287109375,119.66883087158203,168.80892944335938,289.0823974609375,484.7872009277344,500.3003234863281,549.7833251953125,712.5449829101562,202.91677856445312,183.69696044921875,269.0441589355469,494.28460693359375,109.63129425048828,226.82574462890625,349.6158447265625,345.04986572265625,51.596343994140625,197.26905822753906,330.63751220703125,425.6847839355469
8.566667,514,26.408935546875,12.060150146484375,62.789276123046875,163.6916961669922,36.99797058105469,14.531352043151855,102.93514251708984,207.4774169921875,73.48187255859375,46.0965576171875,116.7258071899414,241.0583038330078,360.98681640625,346.50714111328125,465.33270263671875,658.7119750976562,134.347900390625,95.11731719970703,236.3533172607422,476.7348937988281,98.4099349975586,187.6886749267578,387.37060546875,369.951904296875,50.18605422973633,124.0135269165039,362.1994323730469,471.2881774902344
8.583334,515,45.570228576660156,12.4027681350708,42.550350189208984,151.72332763671875,65.79035949707031,11.768588066101074,58.249305725097656,188.70538330078125,88.67987060546875,45.04988098144531,92.0555191040039,210.29373168945312,410.42803955078125,380.38128662109375,435.397705078125,611.6094970703125,143.10484313964844,96.64717102050781,162.17799377441406,396.69110107421875,105.38465881347656,208.06057739257812,311.0033874511719,274.1445617675781,64.20582580566406,173.49790954589844,297.7418518066406,378.3258361816406
8.600000,516,31.84891700744629,6.7461652755737305,18.508312225341797,81.98296356201172,42.440391540527344,4.132011890411377,18.018394470214844,90.75943756103516,66.86034393310547,48.4750862121582,72.30447387695312,129.3778839111328,344.4939270019531,316.7519836425781,346.20806884765625,457.8701171875,122.99283599853516,68.33980560302734,98.3035659790039,264.2336730957031,94.28819274902344,159.129638671875,240.46043395996094,183.54872131347656,59.29128646850586,121.1940689086914,218.8815155029297,247.11036682128906
8.616667,517,17.901689529418945,-1.1321589946746826,20.96185874938965,47.33770751953125,28.736270904541016,2.706467628479004,28.122289657592773,57.66364288330078,48.51570129394531,38.836856842041016,65.177490234375,79.61862182617188,268.97515869140625,237.3942413330078,275.73858642578125,308.2112731933594,75.42359924316406,25.315006256103516,68.74079895019531,155.1473388671875,39.399269104003906,106.61549377441406,191.43466186523438,88.06574249267578,16.939109802246094,52.46955108642578,159.95687866210938,134.93716430664062
8.633334,518,2.232956886291504,3.7689125537872314,6.862252235412598,-0.046284984797239304,3.8192200660705566,11.608217239379883,11.32762336730957,8.246063232421875,11.045066833496094,22.17273712158203,22.614646911621094,8.812385559082031,84.78130340576172,72.06961059570312,56.50914001464844,35.097469329833984,14.432999610900879,10.160164833068848,9.242715835571289,15.368648529052734,-2.4478800296783447,10.018516540527344,22.02416229248047,2.6629741191864014,-4.576599597930908,-3.6271398067474365,9.586478233337402,5.15777063369751
8.650000,519,4.02298641204834,12.481951713562012,11.0405912399292,12.363014221191406,5.05731201171875,12.763182640075684,22.282405853271484,19.373748779296875,7.387580871582031,20.803306579589844,28.30477523803711,25.279314041137695,3.9391977787017822,13.83006477355957,30.097360610961914,48.035980224609375,3.004448413848877,2.301978349685669,22.057287216186523,39.78973388671875,2.6198604106903076,4.036370754241943,9.96463394165039,2.228907823562622,3.0635664463043213,-0.7280794382095337,2.7633719444274902,-1.8673694133758545
8.666667,520,6.6779022216796875,11.735187530517578,8.708561897277832,5.840510845184326,6.487951755523682,17.490436553955078,18.408859252929688,7.742081165313721,3.632460117340088,31.165996551513672,32.829227447509766,10.750767707824707,-2.1146578788757324,16.918352127075195,23.322145462036133,19.019582748413086,1.7658405303955078,-2.654075860977173,5.726409435272217,20.771554946899414,0.7031973600387573,-1.623151421546936,6.480750560760498,4.854040145874023,2.003659725189209,-0.16558530926704407,3.0318894386291504,2.3463714122772217
8.683334,521,6.663853645324707,11.601190567016602,8.544510841369629,5.6262030601501465,6.490811347961426,17.683732986450195,18.295867919921875,7.412926197052002,3.680452346801758,31.59777069091797,33.03620529174805,10.470069885253906,-2.0796148777008057,17.024084091186523,23.005870819091797,18.2352294921875,1.6489856243133545,-2.7538952827453613,5.2859344482421875,20.056156158447266,0.6015897989273071,-1.745984673500061,6.355915546417236,4.886810302734375,2.013256311416626,0.009251788258552551,3.0009407997131348,2.397601842880249
8.700000,522,6.676921367645264,11.595215797424316,8.536515235900879,5.601285457611084,6.438595771789551,17.72206687927246,18.21851921081543,7.330709457397461,3.6230905055999756,31.730575561523438,33.07963180541992,10.378667831420898,-2.0622923374176025,17.101547241210938,22.976781845092773,18.188196182250977,1.6614809036254883,-2.674482583999634,5.241845607757568,19.985801696777344,0.5683981776237488,-1.8020966053009033,6.33891487121582,4.901228427886963,2.037468910217285,0.05816030502319336,3.0213804244995117,2.409771203994751
8.716667,523,6.6890549659729,11.567171096801758,8.504672050476074,5.526595115661621,6.459722518920898,17.760995864868164,18.18471908569336,7.224522590637207,3.6142005920410156,31.777374267578125,33.06174850463867,10.255993843078613,-2.061354398727417,17.09142303466797,22.855667114257812,17.895572662353516,1.6323137283325195,-2.721637487411499,5.0953474044799805,19.733896255493164,0.5488567352294922,-1.7973473072052002,6.319307327270508,4.891355991363525,2.0399010181427,0.09114773571491241,3.0058236122131348,2.425692081451416
8.733334,524,6.691697597503662,11.517594337463379,8.469789505004883,5.471090316772461,6.385174751281738,17.789134979248047,18.07717514038086,7.113186836242676,3.5207011699676514,31.867511749267578,33.05295181274414,10.103510856628418,-2.0854804515838623,17.126750946044922,22.757503509521484,17.77349090576172,1.6122090816497803,-2.639613628387451,5.010624408721924,19.61115264892578,0.5163528919219971,-1.879117727279663,6.268421173095703,4.919571399688721,2.054856061935425,0.13697615265846252,3.0127487182617188,2.451324224472046
8.750000,525,6.7263593673706055,11.503021240234375,8.45676326751709,5.4333295822143555,6.409011363983154,17.871379852294922,18.065093994140625,7.035006046295166,3.506279706954956,32.01616287231445,33.11029815673828,10.001289367675781,-2.07542085647583,17.148874282836914,22.662614822387695,17.589317321777344,1.5891366004943848,-2.6297335624694824,4.9002532958984375,19.436241149902344,0.4860631227493286,-1.9216125011444092,6.231693267822266,4.937099456787109,2.059807777404785,0.18080593645572662,3.0182509422302246,2.480595111846924
8.766667,526,6.728565216064453,11.447898864746094,8.4047212600708,5.364007949829102,6.396562576293945,17.95372200012207,18.028837203979492,6.942997932434082,3.467724084854126,32.139671325683594,33.14210891723633,9.871365547180176,-2.0963876247406006,17.184860229492188,22.565099716186523,17.34902572631836,1.5768189430236816,-2.6215105056762695,4.755871295928955,19.228473663330078,0.4463605582714081,-1.9653573036193848,6.206696510314941,4.967505931854248,2.0590505599975586,0.21469590067863464,3.000917911529541,2.530682325363159
8.783334,527,6.751737117767334,11.430450439453125,8.397913932800293,5.321399211883545,6.366371154785156,17.93646240234375,17.906091690063477,6.840877532958984,3.384460687637329,32.15773391723633,33.07621383666992,9.731627464294434,-2.0915467739105225,17.222835540771484,22.498563766479492,17.281475067138672,1.5844776630401611,-2.5265824794769287,4.726052761077881,19.13530921936035,0.4310033321380615,-2.0023999214172363,6.195522308349609,4.961711883544922,2.0785715579986572,0.25302115082740784,3.0294957160949707,2.52308988571167
8.800000,528,6.769608974456787,11.397038459777832,8.380147933959961,5.2883172035217285,6.346225738525391,18.028160095214844,17.90288734436035,6.787686347961426,3.3258261680603027,32.268558502197266,33.11897277832031,9.631997108459473,-2.1332342624664307,17.2616024017334,22.45060157775879,17.176868438720703,1.5600368976593018,-2.481311798095703,4.654979705810547,19.042997360229492,0.39293205738067627,-2.074037790298462,6.168454170227051,5.004031658172607,2.085411548614502,0.2777143716812134,3.033580780029297,2.5722815990448
8.816667,529,6.77266788482666,11.345681190490723,8.351024627685547,5.186583518981934,6.310338020324707,17.950136184692383,17.69263458251953,6.603721618652344,3.2822484970092773,32.29092025756836,33.051666259765625,9.460529327392578,-2.079906463623047,17.295272827148438,22.32522964477539,16.974985122680664,1.5508553981781006,-2.4301936626434326,4.568303108215332,18.81385612487793,0.4056217074394226,-2.0776960849761963,6.143263339996338,4.9697771072387695,2.1167259216308594,0.3524169921875,3.041428565979004,2.5286459922790527
8.833334,530,6.811947822570801,11.344049453735352,8.354560852050781,5.18150520324707,6.3311262130737305,18.061342239379883,17.737886428833008,6.590394973754883,3.229637384414673,32.40694808959961,33.112545013427734,9.381767272949219,-2.1376750469207764,17.33586883544922,22.3118896484375,16.86577033996582,1.5543699264526367,-2.4121201038360596,4.4937849044799805,18.757341384887695,0.37588149309158325,-2.1227293014526367,6.13623046875,5.020078659057617,2.1195874214172363,0.34947142004966736,3.04667329788208,2.5938127040863037
8.850000,531,6.828248500823975,11.344853401184082,8.361295700073242,5.1659770011901855,6.321768760681152,18.0893497467041,17.730791091918945,6.5493621826171875,3.2268471717834473,32.453704833984375,33.13059997558594,9.353466987609863,-2.1200833320617676,17.35040283203125,22.294782638549805,16.84419059753418,1.5432991981506348,-2.3897669315338135,4.4857940673828125,18.709869384765625,0.3602626323699951,-2.138252019882202,6.138112545013428,5.015757083892822,2.126816749572754,0.3652461767196655,3.0569968223571777,2.5875418186187744
8.866667,532,6.863996505737305,11.29388427734375,8.352213859558105,5.123754501342773,6.309279918670654,18.08224868774414,17.618202209472656,6.454857349395752,3.1193313598632812,32.45630645751953,33.05584716796875,9.180370330810547,-2.1585967540740967,17.360244750976562,22.206056594848633,16.743268966674805,1.5496153831481934,-2.2919065952301025,4.434750080108643,18.616424560546875,0.3599308431148529,-2.1831068992614746,6.117830276489258,5.041693687438965,2.139995574951172,0.382053405046463,3.0681943893432617,2.610074996948242
8.883334,533,6.853813648223877,11.249818801879883,8.324106216430664,5.043633937835693,6.28695821762085,18.058303833007812,17.510297775268555,6.345463752746582,3.1403963565826416,32.522708892822266,33.071449279785156,9.105168342590332,-2.1124958992004395,17.3787784576416,22.119976043701172,16.586645126342773,1.542536973953247,-2.2859628200531006,4.350131511688232,18.43898582458496,0.36834537982940674,-2.17253041267395,6.093204021453857,5.0279459953308105,2.1517581939697266,0.42272377014160156,3.0503640174865723,2.597726583480835
8.900000,534,6.906325340270996,11.253557205200195,8.358027458190918,5.049058437347412,6.2932891845703125,18.08959197998047,17.494699478149414,6.302449703216553,3.0713911056518555,32.54306411743164,33.062416076660156,9.029512405395508,-2.149005174636841,17.41832160949707,22.14444923400879,16.617618560791016,1.5488331317901611,-2.211914300918579,4.378861427307129,18.46393394470215,0.3590902090072632,-2.2110862731933594,6.116169452667236,5.046999454498291,2.170048236846924,0.42519667744636536,3.080092430114746,2.600978374481201
8.916667,535,6.9329833984375,11.228683471679688,8.36497688293457,5.003566741943359,6.289154529571533,18.055362701416016,17.377540588378906,6.197083950042725,3.0083513259887695,32.53052520751953,32.99924087524414,8.900687217712402,-2.1373791694641113,17.44111442565918,22.080595016479492,16.51429557800293,1.5623865127563477,-2.1531176567077637,4.337637424468994,18.35866928100586,0.3734389543533325,-2.198707103729248,6.1296281814575195,5.03987455368042,2.1891584396362305,0.44341862201690674,3.0857410430908203,2.585559844970703
8.933334,536,6.936486721038818,11.214090347290039,8.354991912841797,4.984947681427002,6.290071964263916,18.10028076171875,17.393470764160156,6.178189754486084,3.028488874435425,32.60737228393555,33.05986404418945,8.89258098602295,-2.130099058151245,17.450172424316406,22.06171417236328,16.45226287841797,1.5467090606689453,-2.1644575595855713,4.300111770629883,18.298341751098633,0.3662571310997009,-2.21368145942688,6.112336158752441,5.05302619934082,2.1928532123565674,0.4544857442378998,3.077517032623291,2.599020004272461
8.950000,537,6.966691493988037,11.174308776855469,8.36569881439209,4.94058895111084,6.289349555969238,17.997089385986328,17.212902069091797,6.0585761070251465,2.9563114643096924,32.53841018676758,32.9422607421875,8.747966766357422,-2.114163398742676,17.44878387451172,21.980422973632812,16.395278930664062,1.571829080581665,-2.0762526988983154,4.283641815185547,18.218812942504883,0.41130104660987854,-2.1813454627990723,6.126903533935547,5.040524959564209,2.214268684387207,0.47269347310066223,3.0784573554992676,2.5595407485961914
8.966667,538,7.029812335968018,11.153733253479004,8.387635231018066,4.8889031410217285,6.302820682525635,18.095932006835938,17.203248977661133,5.948480129241943,2.925938606262207,32.67399215698242,33.01028823852539,8.636940956115723,-2.126966953277588,17.50971031188965,21.960369110107422,16.255571365356445,1.5768959522247314,-2.0207579135894775,4.221890449523926,18.083148956298828,0.38993826508522034,-2.2044291496276855,6.148489475250244,5.068807601928711,2.2334022521972656,0.4810626208782196,3.0809788703918457,2.5750844478607178
8.983334,539,7.05517053604126,11.149751663208008,8.409235954284668,4.914454936981201,6.311656475067139,18.076025009155273,17.199443817138672,5.948041915893555,2.8829805850982666,32.62611770629883,32.962989807128906,8.607415199279785,-2.1475210189819336,17.468225479125977,21.946104049682617,16.31356430053711,1.5753164291381836,-1.9816635847091675,4.256584167480469,18.13467025756836,0.40280961990356445,-2.215230703353882,6.150487899780273,5.079789161682129,2.2320406436920166,0.47421541810035706,3.0847764015197754,2.568516731262207
9.000000,540,7.092063903808594,11.123446464538574,8.426441192626953,4.885022163391113,6.310993194580078,18.08098602294922,17.141521453857422,5.868860244750977,2.8378264904022217,32.645626068115234,32.9514274597168,8.520827293395996,-2.159578800201416,17.488759994506836,21.928831100463867,16.263219833374023,1.5881474018096924,-1.922383189201355,4.2422919273376465,18.080312728881836,0.41532087326049805,-2.2188849449157715,6.1641526222229,5.095496654510498,2.251957654953003,0.47791558504104614,3.081118583679199,2.559746742248535
9.016667,541,7.109408378601074,11.114361763000488,8.43146800994873,4.872977256774902,6.319810390472412,18.083452224731445,17.097129821777344,5.822876453399658,2.8208789825439453,32.66577911376953,32.944602966308594,8.473970413208008,-2.131110906600952,17.506114959716797,21.90093994140625,16.23064613342285,1.5959196090698242,-1.8876633644104004,4.227086544036865,18.03165626525879,0.42264795303344727,-2.197516918182373,6.181604385375977,5.0919318199157715,2.263185977935791,0.48147693276405334,3.0801758766174316,2.547764778137207
9.033334,542,7.129945755004883,11.110647201538086,8.444150924682617,4.876896858215332,6.324336528778076,18.087472915649414,17.06887435913086,5.8031744956970215,2.8102962970733643,32.69560623168945,32.956748962402344,8.45865535736084,-2.1200294494628906,17.536666870117188,21.92028045654297,16.272289276123047,1.616361141204834,-1.8415523767471313,4.242551326751709,18.04524040222168,0.43187791109085083,-2.193685293197632,6.193655014038086,5.102229595184326,2.278033971786499,0.4833901524543762,3.078217029571533,2.54313588142395
9.050000,543,7.15731954574585,11.081664085388184,8.446637153625488,4.81974983215332,6.331473350524902,18.099048614501953,16.99514389038086,5.695401668548584,2.7909321784973145,32.754913330078125,32.963844299316406,8.361618995666504,-2.0964038372039795,17.557674407958984,21.859193801879883,16.13111686706543,1.6209135055541992,-1.808666706085205,4.1774444580078125,17.89965057373047,0.4444795846939087,-2.1644554138183594,6.211963653564453,5.104457855224609,2.293165445327759,0.4956197142601013,3.0645456314086914,2.523932933807373
9.066667,544,7.181826114654541,11.08140754699707,8.450910568237305,4.828251838684082,6.356329917907715,18.154300689697266,17.013790130615234,5.7015886306762695,2.794076919555664,32.83343505859375,33.01692199707031,8.366114616394043,-2.0950138568878174,17.61142349243164,21.904808044433594,16.182771682739258,1.6363766193389893,-1.7607049942016602,4.197120189666748,17.922527313232422,0.44164279103279114,-2.1762232780456543,6.224770545959473,5.12678861618042,2.3008198738098145,0.4932190179824829,3.069000720977783,2.533489942550659
9.083334,545,7.208825588226318,11.080808639526367,8.464818954467773,4.826142311096191,6.3586344718933105,18.185762405395508,16.995389938354492,5.665596961975098,2.775853395462036,32.892425537109375,33.043575286865234,8.33173656463623,-2.075071096420288,17.650794982910156,21.913259506225586,16.16693878173828,1.6611244678497314,-1.7244601249694824,4.181929111480713,17.893882751464844,0.43982627987861633,-2.1677887439727783,6.241532802581787,5.136022090911865,2.320467233657837,0.4925801455974579,3.0638046264648438,2.5389299392700195
9.100000,546,7.212857723236084,11.080208778381348,8.465912818908691,4.824373245239258,6.359410762786865,18.205930709838867,16.99920654296875,5.6611809730529785,2.7881662845611572,32.93730163574219,33.0788459777832,8.339695930480957,-2.057983875274658,17.66689109802246,21.92070960998535,16.179676055908203,1.6636629104614258,-1.7122573852539062,4.182289123535156,17.887767791748047,0.44013145565986633,-2.164785385131836,6.24510383605957,5.141182899475098,2.3247647285461426,0.4961299002170563,3.0602316856384277,2.538776159286499
9.116667,547,7.243312358856201,11.098583221435547,8.482611656188965,4.839018821716309,6.372440338134766,18.287940979003906,17.061368942260742,5.666940689086914,2.7921066284179688,33.031490325927734,33.14777374267578,8.341743469238281,-2.0486059188842773,17.68659782409668,21.932146072387695,16.18316078186035,1.6757779121398926,-1.6874330043792725,4.179160118103027,17.88652801513672,0.413187712430954,-2.1804301738739014,6.259620189666748,5.158152103424072,2.3206019401550293,0.48594930768013,3.074352264404297,2.5569088459014893
9.133334,548,7.258337497711182,11.084778785705566,8.474327087402344,4.8289899826049805,6.398564338684082,18.332258224487305,17.04311180114746,5.652472019195557,2.8149852752685547,33.150360107421875,33.2313117980957,8.34408187866211,-2.0218262672424316,17.7694091796875,21.97671127319336,16.187332153320312,1.7010242938995361,-1.6584025621414185,4.161215782165527,17.864158630371094,0.4259556233882904,-2.1667590141296387,6.267425060272217,5.1805267333984375,2.340810537338257,0.4949283301830292,3.0535006523132324,2.566593647003174
9.150000,549,7.292152404785156,11.09534740447998,8.493820190429688,4.846396446228027,6.418197154998779,18.374858856201172,17.068532943725586,5.644740104675293,2.7961769104003906,33.19309997558594,33.25285339355469,8.327461242675781,-2.09.450000,567,7.640389442443848,11.088299751281738,8.578192710876465,4.9272942543029785,6.707149982452393,19.089460372924805,17.262500762939453,5.493833541870117,2.8652615547180176,34.395301818847656,34.04643630981445,8.352243423461914,-1.7068047523498535,18.529695510864258,22.537668228149414,16.58822250366211,2.0228216648101807,-1.0453534126281738,4.243186950683594,17.921533584594727,0.3893337547779083,-2.1155757904052734,6.524054527282715,5.439483165740967,2.467053174972534,0.4322657287120819,2.9708781242370605,2.578948974609375
9.466667,568,7.6538987159729,11.09708309173584,8.594109535217285,4.948580265045166,6.722280502319336,19.108741760253906,17.287755966186523,5.505650997161865,2.875068426132202,34.434688568115234,34.08803176879883,8.379534721374512,-1.693962574005127,18.54226303100586,22.566524505615234,16.651752471923828,2.02520489692688,-1.0252187252044678,4.272566318511963,17.96565818786621,0.389029324054718,-2.1105082035064697,6.537721633911133,5.448253154754639,2.465125322341919,0.4297383427619934,2.971806049346924,2.5684356689453125
9.483334,569,7.672685146331787,11.087630271911621,8.595951080322266,4.932849407196045,6.727867603302002,19.121217727661133,17.261789321899414,5.4602484703063965,2.8674182891845703,34.4647331237793,34.092041015625,8.348057746887207,-1.6820836067199707,18.570070266723633,22.570220947265625,16.610218048095703,2.0440118312835693,-1.0001578330993652,4.253460884094238,17.923940658569336,0.39749813079833984,-2.0910935401916504,6.555478572845459,5.4541425704956055,2.4748871326446533,0.4250909984111786,2.9582152366638184,2.555262804031372
9.500000,570,7.683332920074463,11.088373184204102,8.597840309143066,4.935202121734619,6.739424705505371,19.168107986450195,17.277732849121094,5.459478855133057,2.8903560638427734,34.568817138671875,34.17058181762695,8.366762161254883,-1.6369946002960205,18.636980056762695,22.613460540771484,16.63650131225586,2.0749781131744385,-0.9679415822029114,4.2480621337890625,17.92247200012207,0.3852331042289734,-2.088545799255371,6.565199375152588,5.466813087463379,2.4824109077453613,0.42524150013923645,2.9528121948242188,2.567715644836426
9.516667,571,7.706037521362305,11.074858665466309,8.592392921447754,4.9341583251953125,6.772835731506348,19.192899703979492,17.264610290527344,5.436902046203613,2.895540237426758,34.63554382324219,34.20145797729492,8.368234634399414,-1.6174838542938232,18.695354461669922,22.664077758789062,16.669469833374023,2.098501205444336,-0.9206353425979614,4.25823450088501,17.928171157836914,0.40375110507011414,-2.072303295135498,6.579805850982666,5.484913349151611,2.486880302429199,0.4239729642868042,2.930868148803711,2.54744553565979
9.533334,572,7.726582050323486,11.080242156982422,8.598614692687988,4.9365692138671875,6.7858567237854,19.235031127929688,17.282102584838867,5.417271614074707,2.8990554809570312,34.68069076538086,34.222530364990234,8.365551948547363,-1.5930874347686768,18.72801971435547,22.685516357421875,16.672502517700195,2.105921745300293,-0.8888971209526062,4.264014720916748,17.913888931274414,0.3968304991722107,-2.0646350383758545,6.598998069763184,5.488447666168213,2.491987943649292,0.4187124967575073,2.9288649559020996,2.5349202156066895
9.550000,573,7.74474573135376,11.089627265930176,8.61284065246582,4.963781833648682,6.802987098693848,19.270334243774414,17.307151794433594,5.434267520904541,2.9123544692993164,34.749900817871094,34.28091812133789,8.397342681884766,-1.5537607669830322,18.778139114379883,22.740619659423828,16.766475677490234,2.137995719909668,-0.8367546200752258,4.302189826965332,17.97262954711914,0.38967758417129517,-2.063978672027588,6.620987415313721,5.501891136169434,2.495033025741577,0.4136134088039398,2.9343724250793457,2.532569646835327
9.566667,574,7.7712297439575195,11.087732315063477,8.619863510131836,4.9742255210876465,6.831582546234131,19.310302734375,17.3122615814209,5.422321319580078,2.9169325828552246,34.83507537841797,34.3398323059082,8.409788131713867,-1.534311294555664,18.85797691345215,22.817398071289062,16.817134857177734,2.169050455093384,-0.7877743244171143,4.3199334144592285,18.003629684448242,0.3977663815021515,-2.052102565765381,6.644370079040527,5.522836685180664,2.5061192512512207,0.40548330545425415,2.921253204345703,2.5220961570739746
9.583334,575,7.764901638031006,11.080926895141602,8.619086265563965,4.971896171569824,6.822291851043701,19.28109359741211,17.286609649658203,5.4218525886535645,2.902397632598877,34.79153823852539,34.30344772338867,8.39710521697998,-1.549391746520996,18.81925392150879,22.78232765197754,16.818607330322266,2.1567881107330322,-0.7858433127403259,4.32443904876709,17.999967575073242,0.40720075368881226,-2.0404446125030518,6.645331859588623,5.521420001983643,2.5044875144958496,0.4069776237010956,2.920804500579834,2.510920763015747
9.600001,576,7.794315338134766,11.082732200622559,8.629831314086914,4.981705188751221,6.856347560882568,19.340364456176758,17.31137466430664,5.4055376052856445,2.9265778064727783,34.91691970825195,34.398048400878906,8.419027328491211,-1.5040652751922607,18.8956241607666,22.845458984375,16.854692459106445,2.188173294067383,-0.7416220903396606,4.332051753997803,18.010486602783203,0.4044535458087921,-2.0246455669403076,6.6742753982543945,5.541623115539551,2.507427215576172,0.40262359380722046,2.908674716949463,2.497077465057373
9.616667,577,7.824451446533203,11.055826187133789,8.622748374938965,4.962790489196777,6.880749225616455,19.35394287109375,17.256345748901367,5.3410115242004395,2.894782781600952,34.94129180908203,34.367496490478516,8.360295295715332,-1.4843838214874268,18.948028564453125,22.85796546936035,16.81818199157715,2.2235968112945557,-0.6692017912864685,4.314939022064209,17.958595275878906,0.4228798449039459,-1.992412805557251,6.6995849609375,5.555801868438721,2.516596555709839,0.3890686333179474,2.882554054260254,2.475796699523926
9.633334,578,7.817463397979736,11.080902099609375,8.633209228515625,4.9942626953125,6.883087158203125,19.387107849121094,17.313812255859375,5.400142192840576,2.94826340675354,35.024932861328125,34.46638488769531,8.442117691040039,-1.4399783611297607,18.99224853515625,22.920997619628906,16.9302978515625,2.2347161769866943,-0.6617274880409241,4.359788417816162,18.03645896911621,0.40136900544166565,-2.0103442668914795,6.703697681427002,5.558320045471191,2.51739501953125,0.4001425504684448,2.9040327072143555,2.4849939346313477
9.650001,579,7.85097074508667,11.070121765136719,8.646973609924316,5.0102691650390625,6.905190467834473,19.39945411682129,17.302656173706055,5.371568202972412,2.9242405891418457,35.035945892333984,34.458900451660156,8.430082321166992,-1.4415102005004883,19.013072967529297,22.955814361572266,16.985271453857422,2.2583396434783936,-0.6018005609512329,4.386974334716797,18.070690155029297,0.4200253188610077,-1.9895260334014893,6.7315473556518555,5.579605579376221,2.52047061920166,0.38236284255981445,2.8826394081115723,2.459906816482544
9.666667,580,7.863491535186768,11.068312644958496,8.646495819091797,5.012602806091309,6.9284868240356445,19.42386245727539,17.30474281311035,5.364277362823486,2.9310665130615234,35.090084075927734,34.492740631103516,8.440183639526367,-1.4214625358581543,19.066129684448242,23.000762939453125,17.01235580444336,2.2760238647460938,-0.5714302659034729,4.395758152008057,18.081613540649414,0.4230456054210663,-1.9796419143676758,6.744891166687012,5.5885162353515625,2.521902561187744,0.3793940842151642,2.874046802520752,2.449584484100342
9.683334,581,7.8797478675842285,11.065316200256348,8.656750679016113,5.014770030975342,6.950573921203613,19.42552947998047,17.271472930908203,5.345831394195557,2.930742025375366,35.1489372253418,34.52861022949219,8.435264587402344,-1.3930330276489258,19.123929977416992,23.035505294799805,17.034250259399414,2.309659481048584,-0.5273268222808838,4.399840831756592,18.08893394470215,0.4359656572341919,-1.9451324939727783,6.776700496673584,5.60080099105835,2.5291383266448975,0.3790609836578369,2.8668394088745117,2.4302258491516113
9.700001,582,7.892022609710693,11.058797836303711,8.651761054992676,5.008155345916748,6.961501598358154,19.449588775634766,17.265727996826172,5.316335678100586,2.945610523223877,35.19045639038086,34.54512405395508,8.439154624938965,-1.362464427947998,19.16472625732422,23.064298629760742,17.03775405883789,2.321937084197998,-0.49420803785324097,4.403740406036377,18.068641662597656,0.44083791971206665,-1.9269449710845947,6.796167373657227,5.603814601898193,2.533384323120117,0.37585705518722534,2.853407859802246,2.407463550567627
9.716667,583,7.908005714416504,11.062472343444824,8.66070556640625,5.034908771514893,6.978318691253662,19.47007179260254,17.275508880615234,5.332126617431641,2.953735828399658,35.233558654785156,34.57490921020508,8.46912956237793,-1.3296666145324707,19.22126579284668,23.130245208740234,17.141902923583984,2.3558454513549805,-0.4387582242488861,4.444650173187256,18.133079528808594,0.4394490122795105,-1.926835536956787,6.8109002113342285,5.615838527679443,2.5418202877044678,0.37153682112693787,2.849794387817383,2.4047129154205322
9.733334,584,7.918397903442383,11.065841674804688,8.669180870056152,5.034275054931641,6.987937927246094,19.49414825439453,17.289640426635742,5.323199272155762,2.969346523284912,35.30328369140625,34.638038635253906,8.477081298828125,-1.3119771480560303,19.246177673339844,23.15070343017578,17.131437301635742,2.3679707050323486,-0.4309900104999542,4.443892002105713,18.132631301879883,0.44129031896591187,-1.9166491031646729,6.829713821411133,5.623836040496826,2.5398242473602295,0.3698447346687317,2.8534445762634277,2.3924009799957275
9.750001,585,7.930188179016113,11.052794456481934,8.664984703063965,5.028084754943848,7.005967617034912,19.508359909057617,17.286861419677734,5.310408115386963,2.9469289779663086,35.29997634887695,34.615482330322266,8.441256523132324,-1.323373794555664,19.237409591674805,23.124059677124023,17.08884048461914,2.367799997329712,-0.4169621467590332,4.421567916870117,18.09807586669922,0.4394833743572235,-1.907592535018921,6.836754322052002,5.63367223739624,2.5323851108551025,0.3616490066051483,2.8457956314086914,2.397002935409546
9.766667,586,7.942379474639893,11.060723304748535,8.672835350036621,5.038747787475586,7.018385410308838,19.52838706970215,17.281475067138672,5.296791076660156,2.9891140460968018,35.39440155029297,34.68836212158203,8.497594833374023,-1.253901481628418,19.32248306274414,23.209501266479492,17.19970703125,2.3923702239990234,-0.3582686483860016,4.470376491546631,18.14104461669922,0.4453107416629791,-1.8922922611236572,6.858142375946045,5.634546756744385,2.5416581630706787,0.36848822236061096,2.8405823707580566,2.356502056121826
9.783334,587,7.9746413230896,11.053488731384277,8.68043041229248,5.0385870933532715,7.04202938079834,19.57056427001953,17.2866268157959,5.247098445892334,2.976466417312622,35.449913024902344,34.70542907714844,8.476005554199219,-1.2333033084869385,19.366640090942383,23.241426467895508,17.177175521850586,2.406406879425049,-0.32987460494041443,4.455060005187988,18.110361099243164,0.44938772916793823,-1.8776421546936035,6.87703800201416,5.645594120025635,2.5464794635772705,0.35980597138404846,2.8148531913757324,2.340703010559082
9.800001,588,7.952341079711914,11.033655166625977,8.66610336303711,5.023814678192139,7.042198181152344,19.514293670654297,17.218046188354492,5.254831790924072,2.9864978790283203,35.43385696411133,34.69233703613281,8.471302032470703,-1.221928358078003,19.38505744934082,23.232606887817383,17.16734504699707,2.4368159770965576,-0.3183542788028717,4.441747188568115,18.10366439819336,0.46800893545150757,-1.8390672206878662,6.8859663009643555,5.647548198699951,2.5520403385162354,0.3692816495895386,2.8034911155700684,2.3406028747558594
9.816667,589,7.993306636810303,11.044970512390137,8.691033363342285,5.0539398193359375,7.0549092292785645,19.595195770263672,17.291549682617188,5.2571868896484375,2.972848415374756,35.49629211425781,34.74143600463867,8.481087684631348,-1.2177989482879639,19.40727424621582,23.280149459838867,17.246511459350586,2.451500415802002,-0.2563922107219696,4.484156131744385,18.160152435302734,0.4466164708137512,-1.8692333698272705,6.906072616577148,5.6716485023498535,2.545494794845581,0.34165000915527344,2.8155298233032227,2.344352960586548
9.833334,590,8.006950378417969,11.061092376708984,8.701312065124512,5.082882881164551,7.082444190979004,19.632911682128906,17.32631492614746,5.2807416915893555,3.0078577995300293,35.57722091674805,34.8109130859375,8.53466796875,-1.1673762798309326,19.481704711914062,23.36122703552246,17.338071823120117,2.476252317428589,-0.22206559777259827,4.52382230758667,18.220094680786133,0.43820858001708984,-1.8686070442199707,6.927587509155273,5.676913738250732,2.549229383468628,0.34721943736076355,2.822530746459961,2.3312220573425293
9.850001,591,8.036827087402344,11.041497230529785,8.705061912536621,5.066795349121094,7.098466396331787,19.651386260986328,17.289180755615234,5.213148593902588,3.001213550567627,35.63792419433594,34.82874298095703,8.501147270202637,-1.137481451034546,19.520296096801758,23.372358322143555,17.30347442626953,2.5018837451934814,-0.16573646664619446,4.509637832641602,18.1715030670166,0.4559326171875,-1.828697681427002,6.961163520812988,5.691776275634766,2.554103374481201,0.3370513319969177,2.796156406402588,2.2937419414520264
9.866667,592,8.042059898376465,11.046599388122559,8.713201522827148,5.094396114349365,7.126575946807861,19.64166259765625,17.279634475708008,5.238132953643799,3.0030226707458496,35.64681625366211,34.83760070800781,8.535599708557129,-1.1200125217437744,19.570133209228516,23.433629989624023,17.41377830505371,2.523129463195801,-0.12230805307626724,4.557613849639893,18.24819564819336,0.4648858308792114,-1.810469388961792,6.983774185180664,5.698930740356445,2.5527279376983643,0.33531054854393005,2.795957565307617,2.2768588066101074
9.883334,593,8.045317649841309,11.047182083129883,8.71065616607666,5.093270778656006,7.118335723876953,19.66659164428711,17.308025360107422,5.2361555099487305,3.017436981201172,35.66907501220703,34.8541259765625,8.541741371154785,-1.1077160835266113,19.563522338867188,23.429975509643555,17.407180786132812,2.5190060138702393,-0.12651494145393372,4.553494930267334,18.235023498535156,0.4508344829082489,-1.834428071975708,6.969436168670654,5.69678258895874,2.551150321960449,0.3348565697669983,2.7996912002563477,2.2880020141601562
9.900001,594,8.060699462890625,11.02581787109375,8.701600074768066,5.062821865081787,7.142217636108398,19.678117752075195,17.255626678466797,5.177165508270264,3.037416458129883,35.757503509521484,34.89386749267578,8.526983261108398,-1.0627965927124023,19.65848731994629,23.478729248046875,17.37286949157715,2.5622398853302,-0.08024001866579056,4.525630950927734,18.184860229492188,0.4698256254196167,-1.7986376285552979,6.989053726196289,5.706057548522949,2.557861804962158,0.33579739928245544,2.7688755989074707,2.2658793926239014
9.916667,595,8.062219619750977,11.048867225646973,8.717395782470703,5.1024346351623535,7.145373821258545,19.695810317993164,17.310028076171875,5.226726531982422,3.0387330055236816,35.747032165527344,34.907466888427734,8.567597389221191,-1.0633933544158936,19.6307430267334,23.487808227539062,17.463706970214844,2.5403575897216797,-0.07561837881803513,4.579035758972168,18.25544548034668,0.4541567862033844,-1.81307053565979,6.999075412750244,5.7061591148376465,2.5520448684692383,0.33519625663757324,2.795511245727539,2.259150505065918
9.933334,596,8.082998275756836,11.031990051269531,8.726397514343262,5.109162330627441,7.177630424499512,19.673580169677734,17.251237869262695,5.203114986419678,3.037574529647827,35.79501724243164,34.93455505371094,8.572389602661133,-1.0370559692382812,19.710412979125977,23.560625076293945,17.539213180541992,2.602739095687866,0.005353700369596481,4.610914707183838,18.31186294555664,0.4876135289669037,-1.7684109210968018,7.040520668029785,5.727138519287109,2.5536272525787354,0.324472576379776,2.7764086723327637,2.2219159603118896
9.950001,597,8.073473930358887,11.022272109985352,8.713960647583008,5.092212200164795,7.16663122177124,19.662494659423828,17.234453201293945,5.186144828796387,3.038390636444092,35.778778076171875,34.91237258911133,8.550968170166016,-1.0353593826293945,19.697092056274414,23.529626846313477,17.470333099365234,2.5919032096862793,-0.026815101504325867,4.571049690246582,18.253990173339844,0.48440811038017273,-1.7702305316925049,7.020260334014893,5.717918395996094,2.561418056488037,0.33330702781677246,2.763298988342285,2.2367186546325684
9.966667,598,8.103270530700684,11.02994441986084,8.732099533081055,5.10085916519165,7.189968585968018,19.721492767333984,17.26143455505371,5.165493965148926,3.0507540702819824,35.870304107666016,34.974491119384766,8.563867568969727,-0.997161328792572,19.754072189331055,23.573976516723633,17.502275466918945,2.6087183952331543,0.030533727258443832,4.588315010070801,18.256784439086914,0.47721779346466064,-1.748052716255188,7.062337398529053,5.733470916748047,2.5595803260803223,0.32481861114501953,2.761061191558838,2.2084131240844727
9.983334,599,8.114274978637695,11.015820503234863,8.729001998901367,5.103696346282959,7.210355281829834,19.734630584716797,17.26457977294922,5.171416759490967,3.0548393726348877,35.90385055541992,34.994876861572266,8.563620567321777,-0.9928589463233948,19.77849769592285,23.59800148010254,17.52423858642578,2.6355535984039307,0.06345979124307632,4.593275547027588,18.27742576599121,0.4831421375274658,-1.7497962713241577,7.0635223388671875,5.751280784606934,2.5533206462860107,0.31501615047454834,2.7525501251220703,2.2177135944366455
10.000001,600,8.112204551696777,11.028522491455078,8.740036964416504,5.125744819641113,7.211221694946289,19.70753288269043,17.23973846435547,5.178874969482422,3.0613977909088135,35.89921951293945,34.99872589111328,8.598617553710938,-0.964461624622345,19.80596351623535,23.638063430786133,17.619417190551758,2.6536028385162354,0.09291128069162369,4.640916347503662,18.338504791259766,0.4946689307689667,-1.7219486236572266,7.094823837280273,5.744724750518799,2.5588061809539795,0.3201778829097748,2.758706569671631,2.1824991703033447
10.016667,601,8.129324913024902,11.017088890075684,8.739660263061523,5.119977951049805,7.23347806930542,19.726932525634766,17.241798400878906,5.155684471130371,3.060328483581543,35.942142486572266,35.01852035522461,8.585436820983887,-0.9527848362922668,19.84073257446289,23.66358184814453,17.59922218322754,2.667137861251831,0.10993841290473938,4.628263473510742,18.32600975036621,0.496554434299469,-1.7313902378082275,7.086292266845703,5.75284481048584,2.553894519805908,0.3138255178928375,2.7486114501953125,2.182353973388672
10.033334,602,8.149435997009277,11.008981704711914,8.749194145202637,5.125794887542725,7.248091697692871,19.739471435546875,17.22439193725586,5.137425899505615,3.056309461593628,35.976806640625,35.03410720825195,8.584379196166992,-0.9362146258354187,19.88654327392578,23.70500946044922,17.645584106445312,2.6969149112701416,0.17125201225280762,4.648423671722412,18.348485946655273,0.5074009895324707,-1.7078804969787598,7.114330768585205,5.769756317138672,2.560058116912842,0.3036862909793854,2.7325644493103027,2.1640405654907227
10.050001,603,8.138593673706055,11.026019096374512,8.744823455810547,5.133054733276367,7.243859767913818,19.748659133911133,17.242916107177734,5.152947902679443,3.08015775680542,35.98378372192383,35.04244613647461,8.613648414611816,-0.9065091013908386,19.88800048828125,23.7045841217041,17.66059112548828,2.6808342933654785,0.16215142607688904,4.664139270782471,18.344091415405273,0.4940686821937561,-1.7048577070236206,7.124202251434326,5.753129482269287,2.56018328666687,0.3177155554294586,2.7515945434570312,2.1479275226593018
10.066667,604,8.163019180297852,11.00329875946045,8.751481056213379,5.140472412109375,7.274702072143555,19.745744705200195,17.206857681274414,5.1344404220581055,3.0695574283599854,36.01694869995117,35.049373626708984,8.602729797363281,-0.8882967829704285,19.939884185791016,23.74600601196289,17.717161178588867,2.7273826599121094,0.24417781829833984,4.683197975158691,18.377605438232422,0.5133706331253052,-1.6744437217712402,7.15065336227417,5.778876304626465,2.5586142539978027,0.3032386302947998,2.7279109954833984,2.131953477859497
10.083334,605,8.163525581359863,11.002238273620605,8.7511625289917,5.119406700134277,7.272914886474609,19.746166229248047,17.184919357299805,5.10879373550415,3.0778253078460693,36.04956817626953,35.07122802734375,8.5844144821167,-0.8775401711463928,19.967607498168945,23.74627685546875,17.65330696105957,2.7465200424194336,0.23664939403533936,4.652559757232666,18.336679458618164,0.5153740644454956,-1.6606816053390503,7.162429332733154,5.7751784324646,2.561539888381958,0.3046085834503174,2.7278151512145996,2.1311795711517334
10.100001,606,8.18082046508789,11.004520416259766,8.761743545532227,5.12072229385376,7.278958320617676,19.775508880615234,17.20660972595215,5.087955474853516,3.086878538131714,36.09977722167969,35.10968017578125,8.592766761779785,-0.8656908869743347,19.976421356201172,23.762222290039062,17.660518646240234,2.7384746074676514,0.2498416304588318,4.65851354598999,18.332290649414062,0.5166599750518799,-1.6619453430175781,7.164712429046631,5.782392501831055,2.5603959560394287,0.30144187808036804,2.720611572265625,2.1141233444213867
10.116667,607,8.20241641998291,10.996920585632324,8.76866340637207,5.144576072692871,7.31902551651001,19.781169891357422,17.18097496032715,5.087716102600098,3.091947078704834,36.14956283569336,35.133949279785156,8.616302490234375,-0.8222785592079163,20.082929611206055,23.865156173706055,17.769227981567383,2.802910566329956,0.3396459221839905,4.704589366912842,18.410146713256836,0.5323076248168945,-1.6329820156097412,7.205214977264404,5.799568176269531,2.5646309852600098,0.29321807622909546,2.7082509994506836,2.0883586406707764
10.133334,608,8.21522045135498,10.991467475891113,8.771965026855469,5.139759063720703,7.339169025421143,19.79462242126465,17.166671752929688,5.06586217880249,3.102553129196167,36.191505432128906,35.150123596191406,8.611407279968262,-0.7867864370346069,20.117427825927734,23.873014450073242,17.771244049072266,2.820408344268799,0.38431137800216675,4.704788684844971,18.389358520507812,0.5321298241615295,-1.601821780204773,7.234498500823975,5.8034987449646,2.5602517127990723,0.2919098436832428,2.701993465423584,2.066114664077759
10.150001,609,8.213530540466309,10.998931884765625,8.776625633239746,5.142113208770752,7.334513187408447,19.809179306030273,17.18992805480957,5.078753471374512,3.12099289894104,36.230712890625,35.195980072021484,8.626846313476562,-0.7775741219520569,20.124267578125,23.883493423461914,17.766510009765625,2.825437307357788,0.3725261986255646,4.704390048980713,18.398027420043945,0.5259594917297363,-1.6129158735275269,7.232629776000977,5.805290222167969,2.560779094696045,0.29527971148490906,2.712794303894043,2.07379412651062
10.166667,610,8.207159996032715,10.993760108947754,8.767114639282227,5.13084602355957,7.328964710235596,19.809389114379883,17.190019607543945,5.067784309387207,3.114420175552368,36.21907424926758,35.183982849121094,8.61929702758789,-0.7901914119720459,20.105754852294922,23.863725662231445,17.737979888916016,2.8062691688537598,0.3481002151966095,4.687392711639404,18.369388580322266,0.5235234498977661,-1.6221275329589844,7.217546463012695,5.800594329833984,2.556612730026245,0.2982468008995056,2.7066941261291504,2.0764801502227783
10.183334,611,8.206114768981934,10.984345436096191,8.76650333404541,5.131195068359375,7.338587760925293,19.777372360229492,17.145572662353516,5.061229228973389,3.107678174972534,36.2015380859375,35.16161346435547,8.614323616027832,-0.7886365652084351,20.1213436126709,23.871570587158203,17.756549835205078,2.81585431098938,0.36527907848358154,4.69054651260376,18.3754940032959,0.5398520231246948,-1.594217300415039,7.22620964050293,5.803446292877197,2.5627973079681396,0.30125710368156433,2.692227363586426,2.065601110458374
10.200001,612,8.224401473999023,10.9822416305542,8.776017189025879,5.135495185852051,7.3494391441345215,19.78577995300293,17.129688262939453,5.042274475097656,3.1044750213623047,36.22747039794922,35.17192459106445,8.607342720031738,-0.765594482421875,20.156213760375977,23.895519256591797,17.78082847595215,2.848966360092163,0.4233125150203705,4.70906400680542,18.390613555908203,0.5451377630233765,-1.5700711011886597,7.260861873626709,5.812428951263428,2.5626368522644043,0.2898184359073639,2.6917572021484375,2.0422611236572266
10.216667,613,8.23140811920166,10.994336128234863,8.787965774536133,5.157246112823486,7.3519487380981445,19.810930252075195,17.1744441986084,5.073509693145752,3.11262583732605,36.24693298339844,35.201786041259766,8.6297607421875,-0.7663145065307617,20.16338348388672,23.92514991760254,17.825056076049805,2.852574348449707,0.42675575613975525,4.732321262359619,18.439050674438477,0.5351053476333618,-1.596553921699524,7.254678726196289,5.819459915161133,2.5647664070129395,0.28697341680526733,2.7039217948913574,2.0592546463012695
10.233334,614,8.242561340332031,10.98769760131836,8.783618927001953,5.1396918296813965,7.362776756286621,19.834867477416992,17.175573348999023,5.038894176483154,3.1159443855285645,36.28289794921875,35.21077346801758,8.611451148986816,-0.752291202545166,20.184423446655273,23.925067901611328,17.77312660217285,2.8473663330078125,0.4284869134426117,4.704200267791748,18.387393951416016,0.5326853394508362,-1.5976226329803467,7.247636795043945,5.818278789520264,2.5629842281341553,0.28837817907333374,2.6926422119140625,2.054499626159668
10.250001,615,8.245270729064941,10.986176490783691,8.7836332321167,5.14517068862915,7.372450351715088,19.839162826538086,17.167755126953125,5.038926124572754,3.1140875816345215,36.303646087646484,35.2263069152832,8.616567611694336,-0.7431392669677734,20.21116828918457,23.947341918945312,17.78603172302246,2.8670732975006104,0.44935142993927,4.712256908416748,18.4012393951416,0.5364450216293335,-1.5778164863586426,7.274140357971191,5.8256378173828125,2.561497688293457,0.2866949141025543,2.6917810440063477,2.0406076908111572
10.266667,616,8.26468276977539,10.974597930908203,8.793142318725586,5.154694557189941,7.389357566833496,19.81380271911621,17.113788604736328,5.011592388153076,3.112905979156494,36.318275451660156,35.21822738647461,8.622966766357422,-0.7093927264213562,20.245637893676758,23.98041343688965,17.880456924438477,2.8975629806518555,0.535172164440155,4.757974624633789,18.44110107421875,0.5611485242843628,-1.5387742519378662,7.303849697113037,5.833792209625244,2.5614473819732666,0.27956658601760864,2.678847312927246,1.9927303791046143
10.283334,617,8.264869689941406,10.974590301513672,8.790656089782715,5.154362201690674,7.3985819816589355,19.820959091186523,17.106706619262695,5.006215572357178,3.12485408782959,36.34329605102539,35.23529052734375,8.63389778137207,-0.692608118057251,20.282419204711914,24.008243560791016,17.88479232788086,2.912245988845825,0.5463758707046509,4.759579181671143,18.441043853759766,0.5634030699729919,-1.5215562582015991,7.322457313537598,5.834329605102539,2.564495086669922,0.28290843963623047,2.6728901863098145,1.981264352798462
10.300001,618,8.276640892028809,10.9747314453125,8.797699928283691,5.137073993682861,7.4089674949646,19.828248977661133,17.072450637817383,4.961166858673096,3.1520144939422607,36.418968200683594,35.28084945678711,8.63631534576416,-0.637445330619812,20.36031150817871,24.051801681518555,17.87856674194336,2.9490866661071777,0.5915841460227966,4.754823207855225,18.417892456054688,0.5732774138450623,-1.4840924739837646,7.353700637817383,5.83128547668457,2.5716006755828857,0.28844115138053894,2.6605920791625977,1.9501268863677979
10.316667,619,8.27841854095459,10.981572151184082,8.806763648986816,5.156691551208496,7.404712200164795,19.84058380126953,17.11820411682129,5.003737449645996,3.1235671043395996,36.376121520996094,35.26351547241211,8.623189926147461,-0.6824793815612793,20.30061149597168,24.013946533203125,17.874773025512695,2.9302077293395996,0.5666666626930237,4.756447792053223,18.443471908569336,0.5564107298851013,-1.514867901802063,7.33988094329834,5.840850830078125,2.5663459300994873,0.2778241038322449,2.679281711578369,1.9854776859283447
10.333334,620,8.286831855773926,10.973105430603027,8.808152198791504,5.163306713104248,7.428715229034424,19.834901809692383,17.085649490356445,4.989916801452637,3.1524159908294678,36.44868087768555,35.31230163574219,8.660405158996582,-0.6275854706764221,20.384376525878906,24.08940887451172,17.9610595703125,2.9717323780059814,0.6324396729469299,4.79042387008667,18.486778259277344,0.5739952325820923,-1.4832124710083008,7.366479873657227,5.84898567199707,2.566051959991455,0.28382524847984314,2.666107654571533,1.944692850112915
10.350001,621,8.277472496032715,10.979168891906738,8.80638599395752,5.163395404815674,7.4217329025268555,19.81732749938965,17.074140548706055,4.996547698974609,3.147120475769043,36.416725158691406,35.28845977783203,8.657755851745605,-0.635033369064331,20.372940063476562,24.079248428344727,17.951862335205078,2.9640331268310547,0.6171731948852539,4.789982795715332,18.483928680419922,0.5777442455291748,-1.4775209426879883,7.366988658905029,5.8410515785217285,2.5726091861724854,0.29034242033958435,2.6693801879882812,1.9437096118927002
10.366667,622,8.267343521118164,10.971898078918457,8.796661376953125,5.141796588897705,7.40827751159668,19.813568115234375,17.075836181640625,4.986184597015381,3.158521890640259,36.413875579833984,35.286624908447266,8.646379470825195,-0.6387490034103394,20.348499298095703,24.04423713684082,17.900894165039062,2.9499411582946777,0.5780352354049683,4.754533767700195,18.43671226501465,0.5706800222396851,-1.4966810941696167,7.335505485534668,5.8317694664001465,2.568739414215088,0.29221007227897644,2.6622447967529297,1.9711472988128662
10.383334,623,8.282449722290039,10.964431762695312,8.799071311950684,5.155243873596191,7.427359580993652,19.810407638549805,17.040821075439453,4.97305965423584,3.151252031326294,36.4329948425293,35.288272857666016,8.658326148986816,-0.6194116473197937,20.40378761291504,24.102222442626953,17.97442054748535,2.9803359508514404,0.6535709500312805,4.800359725952148,18.4830265045166,0.5890707969665527,-1.4668209552764893,7.371760845184326,5.845217227935791,2.572967052459717,0.2881278097629547,2.6568384170532227,1.9253571033477783
10.400001,624,8.282683372497559,10.95998477935791,8.795286178588867,5.138152599334717,7.4318952560424805,19.833953857421875,17.05402183532715,4.9605255126953125,3.1640241146087646,36.47802734375,35.32080078125,8.642130851745605,-0.6048368811607361,20.42119598388672,24.091564178466797,17.89376449584961,2.987243175506592,0.6355687975883484,4.757155418395996,18.43056869506836,0.5770561099052429,-1.4675984382629395,7.370067596435547,5.845765113830566,2.57141375541687,0.29334330558776855,2.6542787551879883,1.9405016899108887
10.416667,625,8.298385620117188,10.959677696228027,8.79793930053711,5.137930870056152,7.438199043273926,19.851024627685547,17.05963897705078,4.936666965484619,3.1521050930023193,36.481475830078125,35.3033447265625,8.62355899810791,-0.5960182547569275,20.4234561920166,24.090532302856445,17.881282806396484,2.9860033988952637,0.6500049829483032,4.751682758331299,18.411346435546875,0.5760023593902588,-1.4713858366012573,7.366857528686523,5.843733787536621,2.571340322494507,0.28834113478660583,2.6466283798217773,1.9372224807739258
