time_sec,frame,pred_0,pred_1,pred_2,pred_3,pred_4,pred_5,pred_6,pred_7,pred_8,pred_9,pred_10,pred_11,pred_12,pred_13,pred_14,pred_15,pred_16,pred_17,pred_18,pred_19,pred_20,pred_21,pred_22,pred_23,pred_24,pred_25,pred_26,pred_27
2.033333,122,7.17186975479126,13.333377838134766,11.374215126037598,9.514769554138184,5.728839874267578,15.221781730651855,21.411466598510742,11.184757232666016,6.097598075866699,27.25981903076172,33.69729995727539,19.54043197631836,-0.8683781027793884,15.869071960449219,29.336341857910156,33.540531158447266,2.747270107269287,-2.832458019256592,13.127850532531738,32.00542449951172,1.7547014951705933,0.5346121191978455,9.252115249633789,4.232781410217285,2.5477027893066406,-0.4336128234863281,4.2440266609191895,2.697981357574463
2.050000,123,6.279641151428223,12.906237602233887,10.533974647521973,7.842033863067627,6.531889915466309,15.220643043518066,20.150548934936523,10.631102561950684,5.126626014709473,27.16620635986328,32.32791519165039,16.08030128479004,-1.4477696418762207,16.187692642211914,27.807615280151367,28.46334457397461,2.5044686794281006,-2.9601283073425293,11.02041244506836,28.528654098510742,1.4565261602401733,-0.15714047849178314,7.955080509185791,3.76546573638916,2.036267042160034,-0.898003101348877,3.3320751190185547,0.8088651895523071
2.066667,124,6.529438018798828,11.210989952087402,8.314653396606445,5.060842990875244,6.06930685043335,17.365741729736328,17.392061233520508,6.418397426605225,3.717200756072998,32.0584716796875,33.14900588989258,9.90354061126709,-1.7710657119750977,17.109289169311523,22.335844039916992,17.32258415222168,1.4957304000854492,-2.6277332305908203,4.786668300628662,18.919641494750977,0.5517448782920837,-1.8937029838562012,6.154188632965088,4.8001203536987305,2.0497751235961914,0.4089479446411133,2.9504480361938477,2.12357759475708
2.083333,125,7.647386074066162,11.120502471923828,8.564987182617188,4.798696041107178,6.7223920822143555,19.541278839111328,17.496301651000977,5.215175628662109,3.6760337352752686,35.95795822143555,35.398956298828125,9.094568252563477,-0.9381493926048279,19.29043960571289,23.185359954833984,17.09218978881836,2.0190889835357666,-1.0772857666015625,4.269030570983887,17.745868682861328,0.3040492534637451,-2.1915650367736816,6.416696071624756,5.406152725219727,2.4950733184814453,0.6762493252754211,2.838125228881836,2.3573479652404785
2.100000,126,7.63900899887085,11.110372543334961,8.548418045043945,4.794564723968506,6.736056327819824,19.506702423095703,17.45462989807129,5.214321136474609,3.63525128364563,35.87587356567383,35.312294006347656,9.055950164794922,-0.9657663702964783,19.279943466186523,23.16040802001953,17.04886817932129,2.017002820968628,-1.0801445245742798,4.253626823425293,17.726518630981445,0.3157467842102051,-2.1740009784698486,6.420502185821533,5.403486251831055,2.4925737380981445,0.675847589969635,2.8349075317382812,2.3550806045532227
2.116667,127,7.678953647613525,11.129903793334961,8.57851505279541,4.845641613006592,6.758023738861084,19.597991943359375,17.564624786376953,5.253843307495117,3.648571491241455,35.9782600402832,35.416446685791016,9.099420547485352,-0.9585660099983215,19.302722930908203,23.231224060058594,17.14253807067871,2.0344741344451904,-1.0406849384307861,4.305881023406982,17.820741653442383,0.29593777656555176,-2.20596981048584,6.4428791999816895,5.435725212097168,2.4902498722076416,0.6565104126930237,2.8492770195007324,2.3643252849578857
2.133333,128,7.681893825531006,11.115447044372559,8.569117546081543,4.803565979003906,6.752272129058838,19.58236312866211,17.515466690063477,5.192393779754639,3.612351655960083,35.936397552490234,35.349857330322266,9.024426460266113,-0.9784165024757385,19.277217864990234,23.16901206970215,17.008056640625,2.0175540447235107,-1.0609246492385864,4.243535995483398,17.71146011352539,0.3061194121837616,-2.1885344982147217,6.433034896850586,5.425595283508301,2.4934310913085938,0.6528137922286987,2.8297643661499023,2.36275577545166
2.150000,129,7.694329261779785,11.12858772277832,8.58549690246582,4.858388423919678,6.7713751792907715,19.577726364135742,17.52202796936035,5.247857093811035,3.6130833625793457,35.94780349731445,35.3731689453125,9.084428787231445,-0.965203583240509,19.332706451416016,23.265817642211914,17.22437858581543,2.0567989349365234,-0.9803059697151184,4.340445518493652,17.868453979492188,0.30912891030311584,-2.1943185329437256,6.455409049987793,5.442447185516357,2.49706768989563,0.640641987323761,2.8430285453796387,2.3572049140930176
2.166667,130,7.701220989227295,11.111593246459961,8.569872856140137,4.827426910400391,6.7760114669799805,19.60271453857422,17.508052825927734,5.195919990539551,3.6369736194610596,36.025203704833984,35.40890121459961,9.071179389953613,-0.9304335713386536,19.385665893554688,23.284021377563477,17.13953399658203,2.0734646320343018,-0.9896727204322815,4.287351131439209,17.78831672668457,0.31607943773269653,-2.186234712600708,6.443519115447998,5.443593978881836,2.507990598678589,0.6531464457511902,2.8102879524230957,2.3561389446258545
2.183333,131,7.685934543609619,11.130939483642578,8.58255386352539,4.8497843742370605,6.747424125671387,19.578697204589844,17.533031463623047,5.2418975830078125,3.6101043224334717,35.93267822265625,35.36531066894531,9.072892189025879,-0.9768074154853821,19.29180335998535,23.224576950073242,17.16537094116211,2.0323688983917236,-1.0184404850006104,4.317895412445068,17.829591751098633,0.3017193675041199,-2.202206611633301,6.447015762329102,5.434194087982178,2.4980945587158203,0.6473720073699951,2.848559856414795,2.3600265979766846
2.200000,132,7.682923316955566,11.125971794128418,8.579541206359863,4.846148490905762,6.7607035636901855,19.561466217041016,17.505489349365234,5.235167503356934,3.615680694580078,35.93710708618164,35.36051940917969,9.076233863830566,-0.9517783522605896,19.320167541503906,23.237741470336914,17.177358627319336,2.0465033054351807,-0.9975941777229309,4.32288932800293,17.830341339111328,0.3137304186820984,-2.18034029006958,6.452890396118164,5.431621551513672,2.500690460205078,0.6543431878089905,2.840090274810791,2.3437602519989014
2.216667,133,7.707217216491699,11.123414039611816,8.578812599182129,4.841568470001221,6.801859378814697,19.596323013305664,17.494098663330078,5.1987385749816895,3.6220593452453613,36.021636962890625,35.399227142333984,9.076805114746094,-0.9234330058097839,19.42411231994629,23.322467803955078,17.179161071777344,2.082005023956299,-0.966243326663971,4.31279993057251,17.824478149414062,0.33407458662986755,-2.153055429458618,6.474208354949951,5.44258975982666,2.513056755065918,0.6550953388214111,2.8109378814697266,2.32464337348938
2.233333,134,7.708786964416504,11.115406036376953,8.571873664855957,4.8327436447143555,6.78301477432251,19.60307502746582,17.5085506439209,5.195539474487305,3.607949733734131,35.977291107177734,35.36333465576172,9.050289154052734,-0.9483577609062195,19.375789642333984,23.281286239624023,17.13976287841797,2.069831609725952,-0.9690735936164856,4.304731845855713,17.8015193939209,0.3191075921058655,-2.1854376792907715,6.45447301864624,5.4425740242004395,2.507261276245117,0.6405982971191406,2.819192409515381,2.3466556072235107
2.250000,135,7.72189998626709,11.106995582580566,8.576990127563477,4.848829746246338,6.811281681060791,19.6019344329834,17.4952449798584,5.2023773193359375,3.5971639156341553,35.99311828613281,35.37188720703125,9.054265022277832,-0.9503499865531921,19.39035415649414,23.3006649017334,17.200031280517578,2.0882437229156494,-0.9297035336494446,4.3268561363220215,17.8407039642334,0.331106960773468,-2.156353712081909,6.484058380126953,5.459746837615967,2.499763011932373,0.6293572187423706,2.8096938133239746,2.331590414047241
2.266667,136,7.716637134552002,11.140185356140137,8.598031044006348,4.889958381652832,6.792252540588379,19.61917495727539,17.563440322875977,5.26474142074585,3.6023032665252686,35.9832878112793,35.39848709106445,9.10232162475586,-0.9552434086799622,19.355669021606445,23.310264587402344,17.29728889465332,2.0681631565093994,-0.9396920800209045,4.379391670227051,17.92479705810547,0.304704487323761,-2.197171449661255,6.477379322052002,5.456855773925781,2.49597430229187,0.6308038830757141,2.848245620727539,2.3462393283843994
2.283333,137,7.7329816818237305,11.123303413391113,8.594611167907715,4.88695764541626,6.819830417633057,19.610397338867188,17.522113800048828,5.248777389526367,3.5741820335388184,35.98484802246094,35.373714447021484,9.060722351074219,-0.9607879519462585,19.40494155883789,23.337249755859375,17.26841163635254,2.107038736343384,-0.9012844562530518,4.363681793212891,17.921777725219727,0.32551494240760803,-2.1714115142822266,6.492506980895996,5.472103118896484,2.507962465286255,0.6219985485076904,2.8286209106445312,2.350433826446533
2.300000,138,7.746791839599609,11.104754447937012,8.586331367492676,4.853131294250488,6.823625564575195,19.644603729248047,17.520435333251953,5.178797721862793,3.605973243713379,36.06532669067383,35.419185638427734,9.052959442138672,-0.9218767285346985,19.420804977416992,23.32460594177246,17.196916580200195,2.1018166542053223,-0.9077625870704651,4.320239543914795,17.82927703857422,0.32289963960647583,-2.164578914642334,6.48673152923584,5.469300746917725,2.501821517944336,0.6265525221824646,2.801774501800537,2.330043077468872
2.316667,139,7.751152038574219,11.110345840454102,8.589774131774902,4.878018379211426,6.827106952667236,19.6393985748291,17.527973175048828,5.212847709655762,3.587625741958618,36.03273010253906,35.39902114868164,9.070104598999023,-0.9453911185264587,19.426414489746094,23.36365509033203,17.295753479003906,2.1148221492767334,-0.8798507452011108,4.366535663604736,17.911880493164062,0.3266439437866211,-2.18222975730896,6.485799789428711,5.478902816772461,2.502075672149658,0.6115486025810242,2.8076162338256836,2.3402984142303467
2.333333,140,7.7225728034973145,11.134185791015625,8.590815544128418,4.895663738250732,6.813349723815918,19.6308650970459,17.56087875366211,5.277233123779297,3.6191015243530273,36.02065658569336,35.41904067993164,9.114640235900879,-0.935690701007843,19.408445358276367,23.352325439453125,17.327260971069336,2.101905584335327,-0.9107581973075867,4.386844158172607,17.94711685180664,0.3077195882797241,-2.1909847259521484,6.486133098602295,5.46479606628418,2.499788522720337,0.6299978494644165,2.8426647186279297,2.3525161743164062
2.350000,141,7.750387668609619,11.106033325195312,8.580334663391113,4.8684868812561035,6.829845905303955,19.66227149963379,17.541528701782227,5.207098484039307,3.5991592407226562,36.062713623046875,35.408851623535156,9.05389404296875,-0.9221857190132141,19.418331146240234,23.330198287963867,17.221250534057617,2.107452630996704,-0.8849126696586609,4.337475299835205,17.85096549987793,0.31856560707092285,-2.1715848445892334,6.4900665283203125,5.477267265319824,2.5034990310668945,0.6232274770736694,2.807339668273926,2.3390471935272217
2.366667,142,7.756121635437012,11.137429237365723,8.600465774536133,4.904573917388916,6.838942527770996,19.679847717285156,17.569753646850586,5.240900039672852,3.5958611965179443,36.069862365722656,35.425743103027344,9.086002349853516,-0.8980482220649719,19.45515251159668,23.37874984741211,17.31454086303711,2.1321194171905518,-0.8478860259056091,4.39205265045166,17.93060302734375,0.3060225546360016,-2.1638991832733154,6.534261703491211,5.473064422607422,2.502850294113159,0.6179443597793579,2.8409652709960938,2.3231945037841797
2.383333,143,7.757745742797852,11.118497848510742,8.600114822387695,4.891397476196289,6.8363871574401855,19.64349937438965,17.53286361694336,5.2138142585754395,3.5724544525146484,36.015132904052734,35.380001068115234,9.054319381713867,-0.9298158288002014,19.439746856689453,23.36612892150879,17.277788162231445,2.128316879272461,-0.8655151724815369,4.366008281707764,17.91325569152832,0.3202400207519531,-2.1655964851379395,6.508358955383301,5.475353240966797,2.5080742835998535,0.6081788539886475,2.812063694000244,2.3405861854553223
2.400000,144,7.753365516662598,11.13161849975586,8.60383129119873,4.920073986053467,6.852225303649902,19.644685745239258,17.546676635742188,5.276989936828613,3.5780434608459473,36.03570556640625,35.408565521240234,9.098041534423828,-0.939979612827301,19.460453033447266,23.40709686279297,17.40315055847168,2.1309995651245117,-0.8360871076583862,4.418827533721924,18.003416061401367,0.3236842453479767,-2.163747549057007,6.521749973297119,5.488715171813965,2.5044140815734863,0.6105166077613831,2.8299503326416016,2.3397536277770996
2.416667,145,7.772421360015869,11.140005111694336,8.619019508361816,4.954967975616455,6.857206344604492,19.664947509765625,17.57765007019043,5.29498815536499,3.566584348678589,36.03193283081055,35.414703369140625,9.125142097473145,-0.9436661601066589,19.471139907836914,23.458520889282227,17.509000778198242,2.135331630706787,-0.7967616319656372,4.476411819458008,18.0844783782959,0.3191390037536621,-2.1886818408966064,6.52190637588501,5.500827789306641,2.509441614151001,0.5966588258743286,2.835073471069336,2.334760904312134
2.433333,146,7.780027389526367,11.129716873168945,8.612685203552246,4.922389984130859,6.862298488616943,19.688011169433594,17.566593170166016,5.248219966888428,3.576099395751953,36.087158203125,35.44442367553711,9.092686653137207,-0.9230491518974304,19.49925994873047,23.447689056396484,17.39868927001953,2.153287887573242,-0.7993979454040527,4.427611351013184,18.005584716796875,0.3194759488105774,-2.171746015548706,6.534419059753418,5.500802516937256,2.509382963180542,0.596741259098053,2.826335906982422,2.3294785022735596
2.450000,147,7.76852560043335,11.094695091247559,8.589755058288574,4.894148826599121,6.866827487945557,19.59830093383789,17.43824005126953,5.211615562438965,3.5355277061462402,35.99784469604492,35.3394889831543,9.024054527282715,-0.9443359971046448,19.496713638305664,23.40900230407715,17.33928108215332,2.1859138011932373,-0.7759639024734497,4.395625591278076,17.962717056274414,0.3637183904647827,-2.107671022415161,6.553313255310059,5.499719142913818,2.517362594604492,0.5890203714370728,2.795530319213867,2.3165366649627686
2.466667,148,7.774582386016846,11.13079833984375,8.610660552978516,4.924345016479492,6.853434085845947,19.654922485351562,17.53672218322754,5.234091281890869,3.554230213165283,36.02486801147461,35.37855529785156,9.073990821838379,-0.9217594265937805,19.470108032226562,23.416141510009766,17.392810821533203,2.138735294342041,-0.8039838075637817,4.426760196685791,17.98855972290039,0.32521557807922363,-2.1597366333007812,6.533376216888428,5.485108375549316,2.5118062496185303,0.602362871170044,2.824955940246582,2.3144497871398926
2.483333,149,7.78462028503418,11.11524772644043,8.603513717651367,4.932308197021484,6.879438400268555,19.662817001342773,17.537166595458984,5.259990215301514,3.53752064704895,36.01641845703125,35.36833572387695,9.058797836303711,-0.953275740146637,19.475875854492188,23.42679214477539,17.411029815673828,2.16184663772583,-0.7720015048980713,4.436100959777832,18.022144317626953,0.3330758810043335,-2.1543068885803223,6.546735763549805,5.508637428283691,2.5047996044158936,0.5808389186859131,2.818985939025879,2.331566095352173
2.500000,150,7.770950794219971,11.135554313659668,8.613641738891602,4.930372714996338,6.853878498077393,19.658628463745117,17.539628982543945,5.252097129821777,3.562835693359375,36.0429573059082,35.40293884277344,9.084196090698242,-0.9132022261619568,19.47116470336914,23.411344528198242,17.407981872558594,2.147393226623535,-0.7866554856300354,4.441913604736328,18.003002166748047,0.32351452112197876,-2.1362762451171875,6.566818714141846,5.488447189331055,2.5102713108062744,0.603622317314148,2.83847713470459,2.301734209060669
2.516667,151,7.794290542602539,11.139084815979004,8.618317604064941,4.950944423675537,6.884027481079102,19.734994888305664,17.632768630981445,5.298315048217773,3.533950090408325,36.05427551269531,35.4150276184082,9.072166442871094,-0.9728803038597107,19.45766830444336,23.42938232421875,17.40290069580078,2.1298677921295166,-0.7904970049858093,4.442608833312988,18.03484535217285,0.30579981207847595,-2.1856017112731934,6.546935081481934,5.519728183746338,2.4989776611328125,0.5773046612739563,2.8404922485351562,2.3535335063934326
2.533333,152,7.7709574699401855,11.1342134475708,8.613611221313477,4.935981273651123,6.865869998931885,19.647037506103516,17.539539337158203,5.265316486358643,3.5638089179992676,36.03242111206055,35.396995544433594,9.088900566101074,-0.9216893315315247,19.47836685180664,23.426773071289062,17.4182071685791,2.15541410446167,-0.7975119352340698,4.44033145904541,18.024517059326172,0.3290158212184906,-2.14802622795105,6.548122406005859,5.492337703704834,2.507424831390381,0.6027178764343262,2.833998680114746,2.3195018768310547
2.550000,153,7.797880172729492,11.131067276000977,8.62499713897705,4.975104331970215,6.891322135925293,19.67268180847168,17.568758010864258,5.306009769439697,3.5178325176239014,36.014713287353516,35.38704299926758,9.083185195922852,-0.9665291905403137,19.487815856933594,23.4796085357666,17.516090393066406,2.184821844100952,-0.7306622266769409,4.495678424835205,18.13235092163086,0.33681437373161316,-2.156690835952759,6.5717034339904785,5.528050899505615,2.5051698684692383,0.5624597072601318,2.8351011276245117,2.331920862197876
2.566667,154,7.80832052230835,11.128846168518066,8.620621681213379,4.942492485046387,6.889070510864258,19.722332000732422,17.585756301879883,5.24707555770874,3.5545663833618164,36.10605239868164,35.44049835205078,9.080912590026855,-0.9201484322547913,19.522043228149414,23.47831153869629,17.439910888671875,2.173889398574829,-0.7476028203964233,4.447805881500244,18.035736083984375,0.3218604326248169,-2.161892890930176,6.5588507652282715,5.516697883605957,2.507838487625122,0.5753204226493835,2.8163599967956543,2.326887845993042
2.583333,155,7.820249080657959,11.13317584991455,8.635998725891113,4.979803562164307,6.894870758056641,19.6977596282959,17.57670021057129,5.2826762199401855,3.5213232040405273,36.04153823852539,35.39358901977539,9.07790470123291,-0.9431622624397278,19.50021743774414,23.485755920410156,17.533723831176758,2.193758964538574,-0.7013312578201294,4.498530864715576,18.121675491333008,0.32874614000320435,-2.1532833576202393,6.582069396972656,5.5298237800598145,2.509648561477661,0.5563958287239075,2.8266258239746094,2.3293235301971436
2.600000,156,7.8013834953308105,11.127689361572266,8.617759704589844,4.9618120193481445,6.891088008880615,19.68260383605957,17.565624237060547,5.289792060852051,3.531273603439331,36.03864669799805,35.3870735168457,9.070740699768066,-0.9478772282600403,19.49928092956543,23.471111297607422,17.469268798828125,2.1870672702789307,-0.7344943284988403,4.470496654510498,18.087505340576172,0.33513495326042175,-2.1611692905426025,6.556969165802002,5.5234198570251465,2.5120489597320557,0.5742351412773132,2.8278818130493164,2.3384783267974854
2.616667,157,7.796321392059326,11.121614456176758,8.616371154785156,4.932214736938477,6.859089374542236,19.6593074798584,17.523204803466797,5.226521968841553,3.516982078552246,35.996978759765625,35.34294509887695,9.03773307800293,-0.945746123790741,19.454999923706055,23.40921401977539,17.404216766357422,2.1549456119537354,-0.7577093243598938,4.441192150115967,18.00385284423828,0.3332987427711487,-2.149610996246338,6.552561283111572,5.5013041496276855,2.5147511959075928,0.5770266056060791,2.8180971145629883,2.315580129623413
2.633333,158,7.81243896484375,11.117603302001953,8.62018871307373,4.922900676727295,6.891595840454102,19.678884506225586,17.5158748626709,5.209609508514404,3.5191166400909424,36.05702590942383,35.3774528503418,9.01229190826416,-0.9314067959785461,19.51559066772461,23.438703536987305,17.33673095703125,2.199885368347168,-0.7448430061340332,4.405633449554443,17.980663299560547,0.3457391560077667,-2.1168220043182373,6.58115816116333,5.514865398406982,2.5175259113311768,0.5704215168952942,2.8041000366210938,2.3211755752563477
2.650000,159,7.835665225982666,11.137409210205078,8.641226768493652,4.978604793548584,6.901788234710693,19.712759017944336,17.56873321533203,5.258807182312012,3.4997951984405518,36.04979705810547,35.383541107177734,9.0483980178833,-0.9351245760917664,19.51934814453125,23.49272346496582,17.501880645751953,2.208355188369751,-0.6773306727409363,4.496923446655273,18.10554313659668,0.3306336998939514,-2.1444826126098633,6.603415489196777,5.529778957366943,2.5145785808563232,0.5495185852050781,2.833754062652588,2.3156816959381104
2.666667,160,7.818245887756348,11.14743423461914,8.64478874206543,5.001384258270264,6.900946617126465,19.68450355529785,17.579011917114258,5.325844764709473,3.502774238586426,36.02022171020508,35.38622283935547,9.073020935058594,-0.955253541469574,19.49479866027832,23.48890495300293,17.552457809448242,2.216409206390381,-0.6835997700691223,4.523918628692627,18.175350189208984,0.3347319960594177,-2.143685817718506,6.60598087310791,5.536767959594727,2.509227752685547,0.5514112710952759,2.8538379669189453,2.33261775970459
2.683333,161,7.822028160095215,11.149803161621094,8.644017219543457,5.00942850112915,6.886199951171875,19.694475173950195,17.58367919921875,5.3140130043029785,3.5000007152557373,36.004676818847656,35.36647415161133,9.090085983276367,-0.9467162489891052,19.50421142578125,23.509965896606445,17.616025924682617,2.195493459701538,-0.6675863862037659,4.550601482391357,18.1870059967041,0.3174460530281067,-2.174136161804199,6.587247371673584,5.526697158813477,2.517604112625122,0.5532194375991821,2.858032703399658,2.3250393867492676
2.700000,162,7.807519435882568,11.143928527832031,8.627395629882812,4.98554801940918,6.88513708114624,19.710529327392578,17.607154846191406,5.304122447967529,3.51939058303833,36.019142150878906,35.37923812866211,9.081399917602539,-0.9424139857292175,19.47791290283203,23.466638565063477,17.50975799560547,2.1750621795654297,-0.7251536846160889,4.499832630157471,18.11210823059082,0.31117162108421326,-2.1746323108673096,6.574944972991943,5.51793909072876,2.5066709518432617,0.5638929605484009,2.8483195304870605,2.335420608520508
2.716667,163,7.804747581481934,11.140336036682129,8.62507152557373,4.999978542327881,6.906832695007324,19.681180953979492,17.58793067932129,5.337582111358643,3.4850850105285645,35.95913314819336,35.33185577392578,9.067358016967773,-0.9881961941719055,19.473207473754883,23.475215911865234,17.5275936126709,2.1792356967926025,-0.7183359861373901,4.515738487243652,18.160762786865234,0.33183324337005615,-2.1615476608276367,6.5824666023254395,5.529193878173828,2.5077545642852783,0.5594578385353088,2.850253105163574,2.33589768409729
2.733333,164,7.811300277709961,11.134549140930176,8.631694793701172,4.972307205200195,6.889791965484619,19.671260833740234,17.54944610595703,5.272243022918701,3.5035088062286377,35.99342346191406,35.34817123413086,9.056427001953125,-0.9508246779441833,19.48508071899414,23.458839416503906,17.49238395690918,2.18002986907959,-0.7171785235404968,4.487630367279053,18.09484100341797,0.33170410990715027,-2.1447877883911133,6.579592704772949,5.515717506408691,2.512779951095581,0.5627270936965942,2.8321075439453125,2.3194847106933594
2.750000,165,7.825981140136719,11.152918815612793,8.649581909179688,5.010022163391113,6.901149749755859,19.727628707885742,17.632593154907227,5.3349528312683105,3.509910821914673,36.04533004760742,35.41712188720703,9.094289779663086,-0.9674891829490662,19.504501342773438,23.5186767578125,17.575210571289062,2.1957507133483887,-0.6961548924446106,4.530284404754639,18.19089126586914,0.3151788115501404,-2.1815929412841797,6.585595607757568,5.542318344116211,2.5105628967285156,0.5473697185516357,2.8517656326293945,2.3500852584838867
2.766667,166,7.832883358001709,11.13211441040039,8.63734245300293,4.994340419769287,6.904271125793457,19.6993350982666,17.56714630126953,5.286611557006836,3.47917103767395,35.997100830078125,35.34144973754883,9.042998313903809,-0.9534420371055603,19.50631332397461,23.492935180664062,17.536983489990234,2.218867301940918,-0.6585779786109924,4.516015529632568,18.144285202026367,0.3306940793991089,-2.146174430847168,6.606711387634277,5.535844326019287,2.5133142471313477,0.5365374684333801,2.834693431854248,2.330681085586548
2.783333,167,7.821338653564453,11.143866539001465,8.631609916687012,4.975648403167725,6.897764205932617,19.713916778564453,17.582101821899414,5.280735015869141,3.4981589317321777,36.0174674987793,35.352813720703125,9.05232048034668,-0.9492495656013489,19.515241622924805,23.48507308959961,17.495609283447266,2.1824417114257812,-0.703931450843811,4.48714017868042,18.094831466674805,0.3188270330429077,-2.1636900901794434,6.575728416442871,5.518274307250977,2.518831729888916,0.559944212436676,2.834725856781006,2.3361082077026367
2.800000,168,7.823497772216797,11.125435829162598,8.631378173828125,4.991839408874512,6.921079158782959,19.711502075195312,17.596458435058594,5.320181369781494,3.491715431213379,36.01881408691406,35.374412536621094,9.058618545532227,-0.9824933409690857,19.504135131835938,23.491846084594727,17.52635955810547,2.204134941101074,-0.6942330002784729,4.494516372680664,18.148834228515625,0.3245399594306946,-2.15887188911438,6.587667465209961,5.548405170440674,2.5026371479034424,0.5426245331764221,2.829392910003662,2.358278512954712
2.816667,169,7.841391086578369,11.139735221862793,8.6510009765625,5.032427787780762,6.91831636428833,19.682910919189453,17.5570011138916,5.326491832733154,3.462510585784912,35.99192810058594,35.34430694580078,9.073746681213379,-0.9630325436592102,19.524709701538086,23.541976928710938,17.677724838256836,2.2371485233306885,-0.6088318824768066,4.579164505004883,18.250263214111328,0.3448435664176941,-2.134920358657837,6.62709379196167,5.552621841430664,2.5165646076202393,0.5315774083137512,2.8410391807556152,2.3154983520507812
2.833333,170,7.827690601348877,11.119288444519043,8.61732292175293,4.951085567474365,6.9114298820495605,19.706607818603516,17.562990188598633,5.264325141906738,3.4554603099823,35.97118377685547,35.297454833984375,8.97203540802002,-0.9965875744819641,19.47532844543457,23.423934936523438,17.355865478515625,2.1937596797943115,-0.7200543880462646,4.42906379699707,18.031898498535156,0.3320721387863159,-2.15657114982605,6.574026584625244,5.531522274017334,2.5078318119049072,0.5399364233016968,2.8245577812194824,2.3641366958618164
2.850000,171,7.851147651672363,11.140363693237305,8.652565002441406,5.032486915588379,6.923409938812256,19.702871322631836,17.597129821777344,5.33847713470459,3.432996988296509,35.94752502441406,35.308746337890625,9.034656524658203,-1.0173945426940918,19.47393798828125,23.50566291809082,17.607481002807617,2.205742597579956,-0.6378113031387329,4.560886383056641,18.23357391357422,0.3367757797241211,-2.172534465789795,6.599932670593262,5.558084011077881,2.5124049186706543,0.5197045207023621,2.850975513458252,2.343945264816284
2.866667,172,7.845808029174805,11.162256240844727,8.66724681854248,5.047623157501221,6.9134907722473145,19.72503089904785,17.627626419067383,5.354187965393066,3.4811341762542725,36.022945404052734,35.39166259765625,9.09676456451416,-0.9568509459495544,19.504335403442383,23.534709930419922,17.684539794921875,2.218658447265625,-0.6264823079109192,4.589761734008789,18.265111923217773,0.31600186228752136,-2.1626009941101074,6.625840187072754,5.54995584487915,2.5100181102752686,0.5321334600448608,2.8672337532043457,2.3287606239318848
2.883333,173,7.829710483551025,11.158478736877441,8.660906791687012,5.048901081085205,6.9006667137146,19.676420211791992,17.60459327697754,5.375658988952637,3.441737651824951,35.90116500854492,35.299930572509766,9.066231727600098,-1.0110232830047607,19.452852249145508,23.496803283691406,17.661340713500977,2.2081663608551025,-0.6534144282341003,4.585810661315918,18.279672622680664,0.3226768374443054,-2.17089581489563,6.609027862548828,5.542398452758789,2.5117390155792236,0.5235083103179932,2.8705997467041016,2.351508855819702
2.900000,174,7.832923889160156,11.123353958129883,8.63415241241455,5.002613067626953,6.9121856689453125,19.685056686401367,17.573841094970703,5.325404167175293,3.4267797470092773,35.9071159362793,35.268775939941406,8.998605728149414,-1.0310075283050537,19.437238693237305,23.438474655151367,17.504207611083984,2.197005271911621,-0.6687944531440735,4.508765697479248,18.1567325592041,0.3342427611351013,-2.1553902626037598,6.595763206481934,5.551519870758057,2.5060484409332275,0.5215965509414673,2.8399605751037598,2.3590450286865234
2.916667,175,7.859731674194336,11.151577949523926,8.661534309387207,5.056357383728027,6.92219877243042,19.7388858795166,17.644088745117188,5.36546516418457,3.439845561981201,35.96076202392578,35.3283576965332,9.053279876708984,-1.0048449039459229,19.467164993286133,23.50811767578125,17.65204429626465,2.216132640838623,-0.6178016066551208,4.581711769104004,18.26438331604004,0.3136160373687744,-2.1770074367523193,6.623909950256348,5.564969062805176,2.507208824157715,0.50994473695755,2.8638978004455566,2.355570077896118
2.933333,176,7.826058864593506,11.143256187438965,8.648015022277832,5.03489351272583,6.917984962463379,19.692251205444336,17.615962982177734,5.376136302947998,3.4494032859802246,35.923126220703125,35.31191635131836,9.06215763092041,-1.0272035598754883,19.43855094909668,23.471532821655273,17.61549186706543,2.1841959953308105,-0.6731581091880798,4.5570549964904785,18.23686981201172,0.3242155909538269,-2.1598658561706543,6.6047773361206055,5.55230712890625,2.499119520187378,0.5272960662841797,2.8550992012023926,2.3532662391662598
2.950000,177,7.836050510406494,11.14793586730957,8.654975891113281,5.060916900634766,6.928308963775635,19.680429458618164,17.60826301574707,5.403843402862549,3.4192004203796387,35.902896881103516,35.29788589477539,9.054200172424316,-1.0464613437652588,19.44780731201172,23.502666473388672,17.66334342956543,2.213944673538208,-0.6424948573112488,4.590291976928711,18.30789566040039,0.3398401141166687,-2.162080764770508,6.61904239654541,5.567049503326416,2.5042989253997803,0.5156779885292053,2.868877410888672,2.354259729385376
2.966667,178,7.83233118057251,11.132171630859375,8.633522033691406,5.0159592628479,6.930635929107666,19.667613983154297,17.557676315307617,5.332671165466309,3.4102582931518555,35.87439727783203,35.233055114746094,9.002143859863281,-1.0311403274536133,19.456663131713867,23.460979461669922,17.537195205688477,2.1988322734832764,-0.6603919863700867,4.52891206741333,18.185861587524414,0.3452586829662323,-2.1393415927886963,6.609447479248047,5.543891429901123,2.5067689418792725,0.5248549580574036,2.8449759483337402,2.33709979057312
2.983333,179,7.833860874176025,11.140946388244629,8.648172378540039,5.020362377166748,6.907315731048584,19.672256469726562,17.584211349487305,5.338362216949463,3.4115145206451416,35.85485076904297,35.23843002319336,9.005106925964355,-1.0456039905548096,19.415552139282227,23.440011978149414,17.538780212402344,2.1917388439178467,-0.6762190461158752,4.533786296844482,18.197053909301758,0.33395206928253174,-2.1565864086151123,6.603269100189209,5.542501449584961,2.504944324493408,0.5128694176673889,2.8503780364990234,2.355590343475342
3.000000,180,7.843470096588135,11.138422966003418,8.64944076538086,5.022701740264893,6.932992935180664,19.67258071899414,17.563814163208008,5.342257499694824,3.394951820373535,35.87152099609375,35.239933013916016,8.984277725219727,-1.0437898635864258,19.44353485107422,23.451269149780273,17.536048889160156,2.216785192489624,-0.6395289301872253,4.537722110748291,18.207246780395508,0.3471742868423462,-2.126779556274414,6.634285926818848,5.554217338562012,2.50488543510437,0.5075755715370178,2.854095458984375,2.3444550037384033
3.016667,181,7.836403846740723,11.125862121582031,8.639286041259766,5.004550933837891,6.898210048675537,19.67536163330078,17.57544708251953,5.330810546875,3.3991539478302,35.85124206542969,35.22714614868164,8.965316772460938,-1.071944236755371,19.38625144958496,23.398048400878906,17.460987091064453,2.1903607845306396,-0.6854341626167297,4.497303485870361,18.150253295898438,0.33399611711502075,-2.159053325653076,6.595685958862305,5.553011894226074,2.5091700553894043,0.5088403224945068,2.8451828956604004,2.374535322189331
3.033333,182,7.828934669494629,11.153351783752441,8.649950981140137,5.030375957489014,6.900938987731934,19.688302993774414,17.606441497802734,5.360737323760986,3.4137825965881348,35.86188888549805,35.250423431396484,9.015076637268066,-1.0360476970672607,19.409809112548828,23.431903839111328,17.55294418334961,2.183412551879883,-0.6751090884208679,4.546691417694092,18.204730987548828,0.3186039924621582,-2.162722587585449,6.616371154785156,5.53846549987793,2.504606246948242,0.5191018581390381,2.875020980834961,2.35386323928833
3.050000,183,7.835815906524658,11.13644790649414,8.64315414428711,5.031045436859131,6.917191505432129,19.70509147644043,17.618825912475586,5.3693366050720215,3.418128490447998,35.894859313964844,35.27094650268555,9.0133638381958,-1.0388431549072266,19.419645309448242,23.441905975341797,17.5559024810791,2.1900806427001953,-0.6629862785339355,4.537996768951416,18.206144332885742,0.31746312975883484,-2.1741745471954346,6.5993571281433105,5.554907321929932,2.5033464431762695,0.5180612802505493,2.8598499298095703,2.37267804145813
3.066667,184,7.837216377258301,11.151288986206055,8.650558471679688,5.034080505371094,6.921208381652832,19.696630477905273,17.60909652709961,5.368167400360107,3.3937225341796875,35.868282318115234,35.245819091796875,8.99552059173584,-1.047990322113037,19.431459426879883,23.448205947875977,17.539249420166016,2.203388214111328,-0.6662765741348267,4.535189151763916,18.214330673217773,0.32104066014289856,-2.163195848464966,6.616905689239502,5.548946857452393,2.5034496784210205,0.5129798054695129,2.869304656982422,2.3728973865509033
3.083333,185,7.825671672821045,11.136996269226074,8.637504577636719,5.032284259796143,6.916370391845703,19.62724494934082,17.536718368530273,5.351990699768066,3.381892442703247,35.79433822631836,35.174713134765625,8.994383811950684,-1.0555689334869385,19.41631507873535,23.44500732421875,17.579368591308594,2.1995458602905273,-0.6577512621879578,4.556577205657959,18.230064392089844,0.3550938069820404,-2.1411242485046387,6.610651969909668,5.539494037628174,2.5091776847839355,0.5176505446434021,2.8550772666931152,2.339621067047119
3.100000,186,7.83879280090332,11.136392593383789,8.647014617919922,5.007542610168457,6.908938884735107,19.661542892456055,17.540027618408203,5.3181352615356445,3.377809524536133,35.84600830078125,35.21051788330078,8.946843147277832,-1.0459718704223633,19.447063446044922,23.434228897094727,17.460695266723633,2.2300713062286377,-0.6536933779716492,4.5023908615112305,18.162391662597656,0.34260982275009155,-2.125800132751465,6.633337020874023,5.545462131500244,2.5197904109954834,0.5065611004829407,2.850358486175537,2.3633859157562256
3.116667,187,7.816130638122559,11.137511253356934,8.64169979095459,5.019880771636963,6.905758380889893,19.596643447875977,17.497051239013672,5.351551532745361,3.3826754093170166,35.79417419433594,35.18540954589844,8.978246688842773,-1.0543127059936523,19.430086135864258,23.435731887817383,17.533172607421875,2.227783441543579,-0.653770387172699,4.542191982269287,18.22197723388672,0.36734989285469055,-2.1052937507629395,6.636734485626221,5.540951251983643,2.519129514694214,0.5187212228775024,2.859744071960449,2.3358709812164307
3.133333,188,7.805095195770264,11.143111228942871,8.639666557312012,5.054141998291016,6.893482685089111,19.621002197265625,17.596097946166992,5.446921348571777,3.3610036373138428,35.699214935302734,35.14162063598633,8.986455917358398,-1.134274959564209,19.310588836669922,23.372478485107422,17.56496238708496,2.1792924404144287,-0.6936842203140259,4.564633846282959,18.279537200927734,0.32710936665534973,-2.177811861038208,6.598403453826904,5.551249027252197,2.494263172149658,0.49908220767974854,2.8934836387634277,2.4031479358673096
3.150000,189,7.813337802886963,11.155096054077148,8.647409439086914,5.030094146728516,6.892759799957275,19.645570755004883,17.59503173828125,5.39141321182251,3.373556137084961,35.759483337402344,35.17870330810547,8.981654167175293,-1.1059041023254395,19.361196517944336,23.40097999572754,17.5052547454834,2.177534580230713,-0.7181425094604492,4.531100749969482,18.22344970703125,0.3311997652053833,-2.170619249343872,6.597997188568115,5.536822319030762,2.506317377090454,0.5107871890068054,2.8782057762145996,2.3870015144348145
3.166667,190,7.804549217224121,11.147909164428711,8.63220500946045,5.011951446533203,6.895772457122803,19.648418426513672,17.594572067260742,5.383485794067383,3.3894436359405518,35.75286865234375,35.16310501098633,8.964866638183594,-1.0878574848175049,19.344099044799805,23.35497283935547,17.429420471191406,2.1696650981903076,-0.7299107313156128,4.501585006713867,18.16049575805664,0.3219028413295746,-2.1611568927764893,6.598526477813721,5.5261688232421875,2.4987711906433105,0.5175513029098511,2.882176399230957,2.3871939182281494
3.183333,191,7.813412189483643,11.14391803741455,8.647514343261719,5.012232780456543,6.882584571838379,19.622299194335938,17.568227767944336,5.366861820220947,3.363248825073242,35.734718322753906,35.153656005859375,8.940592765808105,-1.1118760108947754,19.320154190063477,23.343727111816406,17.42074203491211,2.176166296005249,-0.7285134792327881,4.4978766441345215,18.170278549194336,0.3380774259567261,-2.159364700317383,6.593321323394775,5.5365309715271,2.5044491291046143,0.5080934762954712,2.87447452545166,2.38847017288208
3.200000,192,7.79948091506958,11.147500038146973,8.638382911682129,5.032002925872803,6.89359188079834,19.60630989074707,17.570201873779297,5.41289758682251,3.354396104812622,35.67988204956055,35.111148834228516,8.95617961883545,-1.119203805923462,19.311983108520508,23.344085693359375,17.483726501464844,2.1700851917266846,-0.7160680890083313,4.531042098999023,18.21578598022461,0.3333321511745453,-2.155910015106201,6.601123332977295,5.5306572914123535,2.4984288215637207,0.5094718337059021,2.8881354331970215,2.391345739364624
3.216667,193,7.796151161193848,11.123247146606445,8.620340347290039,4.981897354125977,6.870782852172852,19.60282325744629,17.53565788269043,5.344388008117676,3.3491411209106445,35.677249908447266,35.08820343017578,8.900506019592285,-1.1353557109832764,19.27686309814453,23.27217674255371,17.32198715209961,2.1428515911102295,-0.7681253552436829,4.446070671081543,18.077884674072266,0.33296269178390503,-2.1547086238861084,6.573607444763184,5.524383068084717,2.5026333332061768,0.5156424045562744,2.859727382659912,2.397095203399658
3.233334,194,7.8026957511901855,11.145151138305664,8.642576217651367,5.031571865081787,6.8872833251953125,19.590885162353516,17.54776954650879,5.401832580566406,3.3575170040130615,35.679229736328125,35.1154899597168,8.967316627502441,-1.1319286823272705,19.325206756591797,23.36580467224121,17.51677131652832,2.177122116088867,-0.7145771384239197,4.535940647125244,18.23450469970703,0.34202322363853455,-2.1495726108551025,6.601880073547363,5.5350847244262695,2.5051934719085693,0.5055745840072632,2.8756375312805176,2.3864874839782715
3.250000,195,7.787060737609863,11.162243843078613,8.649266242980957,5.051344394683838,6.870782375335693,19.59995460510254,17.606292724609375,5.4562530517578125,3.3359532356262207,35.627628326416016,35.103878021240234,8.968733787536621,-1.164376974105835,19.254634857177734,23.325414657592773,17.506074905395508,2.1424264907836914,-0.7450376152992249,4.556471347808838,18.26581382751465,0.32484206557273865,-2.1808252334594727,6.5959792137146,5.532835960388184,2.4972422122955322,0.507137656211853,2.913168430328369,2.400845766067505
3.266667,196,7.778909206390381,11.139537811279297,8.624079704284668,4.9948410987854,6.857338905334473,19.552261352539062,17.522836685180664,5.380548477172852,3.3332881927490234,35.582115173339844,35.026222229003906,8.90848159790039,-1.1629881858825684,19.243000030517578,23.265987396240234,17.370800018310547,2.136219024658203,-0.780015230178833,4.480288028717041,18.138084411621094,0.3414853811264038,-2.16741943359375,6.559420108795166,5.508484363555908,2.5018622875213623,0.5140876173973083,2.881190299987793,2.4016385078430176
3.283334,197,7.776454448699951,11.127889633178711,8.616866111755371,4.988837242126465,6.852009296417236,19.556976318359375,17.522260665893555,5.355937480926514,3.35465931892395,35.60822677612305,35.045860290527344,8.923068046569824,-1.1373322010040283,19.23570442199707,23.257356643676758,17.362524032592773,2.12742280960083,-0.7890825271606445,4.4727582931518555,18.107791900634766,0.34135472774505615,-2.1584746837615967,6.559532165527344,5.5042290687561035,2.5004329681396484,0.5220462083816528,2.865952968597412,2.3811678886413574
3.300000,198,7.766690731048584,11.146095275878906,8.629013061523438,5.022128582000732,6.84464168548584,19.539222717285156,17.55231475830078,5.429017543792725,3.324126720428467,35.51570510864258,34.99974822998047,8.922146797180176,-1.185929536819458,19.185428619384766,23.23827362060547,17.406240463256836,2.127253293991089,-0.7916126847267151,4.508489608764648,18.189006805419922,0.3302454352378845,-2.1743178367614746,6.5694732666015625,5.508366107940674,2.4936869144439697,0.505927324295044,2.9010863304138184,2.4150447845458984
3.316667,199,7.790459156036377,11.143169403076172,8.641432762145996,5.01808500289917,6.865912437438965,19.562889099121094,17.55082893371582,5.409328937530518,3.317781448364258,35.5702018737793,35.03498458862305,8.910150527954102,-1.1885290145874023,19.231002807617188,23.27823829650879,17.407119750976562,2.152078151702881,-0.7561867237091064,4.507485866546631,18.198253631591797,0.3423384428024292,-2.1629438400268555,6.5840277671813965,5.527036666870117,2.4977338314056396,0.49273744225502014,2.8896450996398926,2.409839391708374
3.333334,200,7.756767749786377,11.153461456298828,8.625207901000977,5.0228800773620605,6.8461713790893555,19.551103591918945,17.574079513549805,5.445497989654541,3.344536542892456,35.55659866333008,35.04042053222656,8.948204040527344,-1.1701135635375977,19.21122169494629,23.262149810791016,17.41888999938965,2.1262481212615967,-0.813476026058197,4.505297660827637,18.198198318481445,0.3209577798843384,-2.1950128078460693,6.553858280181885,5.502521991729736,2.4926037788391113,0.5195463299751282,2.90975284576416,2.4254796504974365
3.350000,201,7.746117115020752,11.135385513305664,8.607342720031738,4.984925270080566,6.834658622741699,19.515714645385742,17.526996612548828,5.414435386657715,3.3040900230407715,35.45561218261719,34.93717575073242,8.873180389404297,-1.2224605083465576,19.14954948425293,23.176389694213867,17.277511596679688,2.0996572971343994,-0.8450812697410583,4.450315952301025,18.104415893554688,0.3315630555152893,-2.179323196411133,6.541216850280762,5.493364334106445,2.491421937942505,0.5124019980430603,2.8979663848876953,2.4325571060180664
3.366667,202,7.763713359832764,11.14403247833252,8.626989364624023,5.013478755950928,6.854657173156738,19.521240234375,17.517187118530273,5.420669078826904,3.3306589126586914,35.5478515625,35.01849365234375,8.930846214294434,-1.1698322296142578,19.237211227416992,23.2783260345459,17.43931007385254,2.1515371799468994,-0.7722020149230957,4.513662815093994,18.205259323120117,0.34427589178085327,-2.163717031478882,6.5703043937683105,5.507274627685547,2.4965760707855225,0.5116294622421265,2.8958888053894043,2.405834197998047
3.383334,203,7.753475189208984,11.147171974182129,8.625055313110352,5.020395278930664,6.832427501678467,19.493864059448242,17.510892868041992,5.434851169586182,3.298407554626465,35.460506439208984,34.95256042480469,8.904635429382324,-1.2003121376037598,19.182035446166992,23.238428115844727,17.406841278076172,2.1436307430267334,-0.7879266142845154,4.517042636871338,18.210542678833008,0.34797924757003784,-2.1690585613250732,6.571013450622559,5.502172946929932,2.499976396560669,0.5082746148109436,2.91056489944458,2.411691188812256
3.400000,204,7.737097263336182,11.16208267211914,8.623188018798828,5.026008129119873,6.818083763122559,19.482824325561523,17.54695701599121,5.473257541656494,3.2807912826538086,35.36971664428711,34.8954963684082,8.894746780395508,-1.255053997039795,19.110816955566406,23.189260482788086,17.36374855041504,2.095740795135498,-0.8542881608009338,4.506402492523193,18.209400177001953,0.3334844410419464,-2.200138568878174,6.540184020996094,5.486415386199951,2.496105670928955,0.5074941515922546,2.92794132232666,2.440589189529419
3.416667,205,7.731868267059326,11.13747787475586,8.614145278930664,4.982292652130127,6.802779197692871,19.468490600585938,17.49441909790039,5.418806076049805,3.283764123916626,35.394683837890625,34.901702880859375,8.850920677185059,-1.2418649196624756,19.109935760498047,23.13878059387207,17.262781143188477,2.1094422340393066,-0.8591387867927551,4.442905902862549,18.111652374267578,0.33339107036590576,-2.172053575515747,6.545624732971191,5.48471736907959,2.4955432415008545,0.5067856311798096,2.906827449798584,2.446039915084839
3.433334,206,7.731878280639648,11.133671760559082,8.603558540344238,4.972900390625,6.815460681915283,19.493606567382812,17.527114868164062,5.414262294769287,3.294814109802246,35.41109085083008,34.90852355957031,8.843536376953125,-1.2367281913757324,19.103355407714844,23.126522064208984,17.18447494506836,2.097038507461548,-0.8907362818717957,4.414947986602783,18.06877899169922,0.331747829914093,-2.1909539699554443,6.523978233337402,5.484160423278809,2.488119602203369,0.5150839686393738,2.9053378105163574,2.4538629055023193
3.450000,207,7.738277912139893,11.141416549682617,8.619638442993164,5.002094268798828,6.815110683441162,19.487468719482422,17.54311180114746,5.446474552154541,3.2845582962036133,35.397342681884766,34.916168212890625,8.866361618041992,-1.257664680480957,19.08311653137207,23.140104293823242,17.279172897338867,2.0905661582946777,-0.8788198232650757,4.45463752746582,18.142250061035156,0.32810401916503906,-2.2063093185424805,6.521035194396973,5.493775367736816,2.4860541820526123,0.5068215131759644,2.9133858680725098,2.4599361419677734
3.466667,208,7.725403308868408,11.139267921447754,8.602314949035645,4.9565582275390625,6.813266277313232,19.483795166015625,17.512779235839844,5.425471782684326,3.288808822631836,35.390037536621094,34.88987350463867,8.827195167541504,-1.2734367847442627,19.10059928894043,23.109495162963867,17.160276412963867,2.086519241333008,-0.9026075601577759,4.3974080085754395,18.053979873657227,0.3310636281967163,-2.185116767883301,6.521162509918213,5.482365608215332,2.4902896881103516,0.5134901404380798,2.9072957038879395,2.472277879714966
3.483334,209,7.72041654586792,11.156668663024902,8.62868881225586,5.008450508117676,6.789681434631348,19.447954177856445,17.530296325683594,5.468314170837402,3.272826671600342,35.31736755371094,34.87287521362305,8.868783950805664,-1.274975061416626,19.037187576293945,23.107975006103516,17.299205780029297,2.080655813217163,-0.8844584822654724,4.481907844543457,18.172645568847656,0.3287239670753479,-2.194406747817993,6.5384416580200195,5.478945732116699,2.484907388687134,0.5044975280761719,2.9387388229370117,2.448821783065796
3.500000,210,7.71542501449585,11.145757675170898,8.61340045928955,5.000751972198486,6.782474040985107,19.460134506225586,17.555011749267578,5.4794511795043945,3.263296604156494,35.287654876708984,34.84528732299805,8.852087020874023,-1.317089319229126,19.004236221313477,23.083171844482422,17.24337387084961,2.0566015243530273,-0.9264841079711914,4.447332859039307,18.141345977783203,0.31589841842651367,-2.2348053455352783,6.494965076446533,5.484560966491699,2.483278751373291,0.5036333799362183,2.929274082183838,2.491727828979492
3.516667,211,7.705972194671631,11.145265579223633,8.608689308166504,4.982094764709473,6.787659168243408,19.44356918334961,17.52626609802246,5.455955982208252,3.286834716796875,35.309593200683594,34.858028411865234,8.85735034942627,-1.2926464080810547,19.008798599243164,23.064414978027344,17.21040916442871,2.047295331954956,-0.9416949152946472,4.430208206176758,18.09685707092285,0.3295519948005676,-2.1963675022125244,6.510759353637695,5.47317361831665,2.479339599609375,0.5188306570053101,2.9207615852355957,2.4600987434387207
3.533334,212,7.676828861236572,11.135787963867188,8.589380264282227,4.962374210357666,6.761746883392334,19.397945404052734,17.486248016357422,5.456713676452637,3.2667958736419678,35.22146987915039,34.7787971496582,8.825089454650879,-1.3053135871887207,18.972537994384766,23.007160186767578,17.14850425720215,2.038344621658325,-0.9684187769889832,4.400385856628418,18.050397872924805,0.32307863235473633,-2.1956088542938232,6.493582725524902,5.451868057250977,2.479978561401367,0.5227702856063843,2.925020694732666,2.477410078048706
3.550000,213,7.685641765594482,11.144084930419922,8.600261688232422,4.965713024139404,6.774017810821533,19.403791427612305,17.49936294555664,5.457516193389893,3.276285409927368,35.25426483154297,34.81585693359375,8.838875770568848,-1.3130700588226318,18.985504150390625,23.0335636138916,17.159914016723633,2.034635066986084,-0.9758082032203674,4.4096903800964355,18.074907302856445,0.33533692359924316,-2.198195695877075,6.4919281005859375,5.458406448364258,2.4791393280029297,0.5255305171012878,2.925231456756592,2.467313051223755
3.566667,214,7.6777567863464355,11.145574569702148,8.59255313873291,4.956591606140137,6.7675580978393555,19.416719436645508,17.51810073852539,5.465156078338623,3.2795588970184326,35.2503662109375,34.815311431884766,8.831016540527344,-1.3227431774139404,18.9776554107666,23.017349243164062,17.1110782623291,2.028635263442993,-1.003440022468567,4.3850836753845215,18.047943115234375,0.3210262060165405,-2.2134604454040527,6.481168746948242,5.453825950622559,2.477675199508667,0.5271126627922058,2.930293560028076,2.4906082153320312
3.583334,215,7.70366096496582,11.147322654724121,8.614307403564453,4.9970316886901855,6.7574076652526855,19.427663803100586,17.54422950744629,5.492687702178955,3.2289013862609863,35.18709945678711,34.76609802246094,8.810433387756348,-1.3593931198120117,18.931854248046875,23.015975952148438,17.189720153808594,2.0453453063964844,-0.9428709149360657,4.438117980957031,18.128528594970703,0.31487202644348145,-2.2315220832824707,6.498621940612793,5.475259304046631,2.4800891876220703,0.4918086528778076,2.944204330444336,2.5046236515045166
3.600000,216,7.668231010437012,11.13892936706543,8.590898513793945,4.958003997802734,6.745259761810303,19.36402702331543,17.48542022705078,5.468080997467041,3.2303454875946045,35.104610443115234,34.692893981933594,8.785148620605469,-1.3721280097961426,18.894113540649414,22.94820785522461,17.081768035888672,2.0075724124908447,-1.0083026885986328,4.390212059020996,18.042219161987305,0.3276199698448181,-2.210676431655884,6.479248046875,5.445274353027344,2.4758567810058594,0.5150962471961975,2.9380784034729004,2.490180730819702
3.616667,217,7.664462089538574,11.140015602111816,8.593371391296387,4.963293552398682,6.766805171966553,19.346710205078125,17.469409942626953,5.479341983795166,3.2467613220214844,35.13944625854492,34.729732513427734,8.807867050170898,-1.3551311492919922,18.925861358642578,22.976728439331055,17.117773056030273,2.026932954788208,-0.9996277689933777,4.402256965637207,18.075674057006836,0.34331369400024414,-2.1875877380371094,6.492750644683838,5.449513912200928,2.470158815383911,0.5203776359558105,2.9363155364990234,2.4768266677856445
3.633334,218,7.664306163787842,11.147148132324219,8.59286880493164,4.964691162109375,6.743677616119385,19.39250946044922,17.53794288635254,5.501243591308594,3.2378218173980713,35.132530212402344,34.73721694946289,8.804449081420898,-1.396772861480713,18.882171630859375,22.95608901977539,17.081932067871094,1.9971427917480469,-1.0369086265563965,4.388828754425049,18.066768646240234,0.3173065781593323,-2.23659610748291,6.468921184539795,5.454375267028809,2.4667246341705322,0.511955201625824,2.9484333992004395,2.5140063762664795
3.650000,219,7.661932945251465,11.142168998718262,8.59530258178711,4.945621013641357,6.729371070861816,19.35770606994629,17.490245819091797,5.46075439453125,3.230722188949585,35.106605529785156,34.703800201416016,8.775307655334473,-1.3798129558563232,18.87592315673828,22.92654800415039,17.033174514770508,2.00390362739563,-1.0412319898605347,4.363945960998535,18.01970672607422,0.3222924470901489,-2.2234838008880615,6.462447166442871,5.439357757568359,2.472580909729004,0.515350341796875,2.941439628601074,2.5064568519592285
3.666667,220,7.650859832763672,11.150677680969238,8.59426498413086,4.965175151824951,6.7205657958984375,19.37419319152832,17.54187774658203,5.506950855255127,3.2475552558898926,35.113155364990234,34.735679626464844,8.815526008605957,-1.394390344619751,18.849388122558594,22.934904098510742,17.073280334472656,1.9810106754302979,-1.0680208206176758,4.385470867156982,18.062238693237305,0.31223735213279724,-2.2507922649383545,6.448472023010254,5.44502067565918,2.4685280323028564,0.5210378766059875,2.952383041381836,2.5200817584991455
3.683334,221,7.653055667877197,11.162471771240234,8.613540649414062,4.988215923309326,6.710974216461182,19.313722610473633,17.50916290283203,5.526252269744873,3.185426712036133,34.967185974121094,34.62526321411133,8.779865264892578,-1.4523341655731201,18.795652389526367,22.907855987548828,17.107942581176758,1.9801921844482422,-1.0541059970855713,4.42166805267334,18.126192092895508,0.321786493062973,-2.2448313236236572,6.463778495788574,5.438216686248779,2.468496322631836,0.4991980195045471,2.973879814147949,2.518275022506714
3.700000,222,7.637003421783447,11.150208473205566,8.600329399108887,4.959940433502197,6.7123918533325195,19.29785919189453,17.481773376464844,5.507220268249512,3.2159910202026367,34.99882125854492,34.64825439453125,8.777752876281738,-1.4253287315368652,18.798419952392578,22.876995086669922,17.042186737060547,1.9861772060394287,-1.073331594467163,4.382943630218506,18.06479263305664,0.3272321820259094,-2.215104103088379,6.467825412750244,5.430859088897705,2.461603879928589,0.5120376944541931,2.962113380432129,2.510316848754883
3.716667,223,7.6516242027282715,11.166003227233887,8.608502388000488,5.000352382659912,6.717345237731934,19.354881286621094,17.57029914855957,5.5602264404296875,3.206212043762207,35.00090789794922,34.66521453857422,8.805713653564453,-1.4523911476135254,18.781370162963867,22.906049728393555,17.11167335510254,1.9720535278320312,-1.070048213005066,4.423041343688965,18.136695861816406,0.30145594477653503,-2.2670722007751465,6.458785533905029,5.445859909057617,2.4563677310943604,0.49901553988456726,2.983092784881592,2.5358715057373047
3.733334,224,7.611505508422852,11.135664939880371,8.56713581085205,4.94078254699707,6.702112197875977,19.28162956237793,17.476808547973633,5.5123395919799805,3.209841012954712,34.92687225341797,34.5755500793457,8.751726150512695,-1.4387595653533936,18.762157440185547,22.825714111328125,16.95263671875,1.966909408569336,-1.1198506355285645,4.342105388641357,18.00270652770996,0.32062798738479614,-2.2286362648010254,6.441537857055664,5.414384841918945,2.456799268722534,0.5195733904838562,2.9586262702941895,2.5306804180145264
3.750000,225,7.614241600036621,11.147974014282227,8.586392402648926,4.9603705406188965,6.689675807952881,19.270421981811523,17.483856201171875,5.539675235748291,3.1906094551086426,34.89042282104492,34.56180953979492,8.760634422302246,-1.463014841079712,18.74533462524414,22.835132598876953,17.024263381958008,1.9665894508361816,-1.0969650745391846,4.380619525909424,18.06620979309082,0.31571152806282043,-2.242708206176758,6.441428184509277,5.42013692855835,2.4567949771881104,0.5078344345092773,2.9744133949279785,2.540391445159912
3.766667,226,7.605384826660156,11.147894859313965,8.578145980834961,4.938449859619141,6.684323310852051,19.269458770751953,17.480714797973633,5.518835067749023,3.200500011444092,34.90542984008789,34.57173156738281,8.744072914123535,-1.4581599235534668,18.732763290405273,22.800390243530273,16.930139541625977,1.9530611038208008,-1.1453777551651,4.3351521492004395,18.001415252685547,0.31293827295303345,-2.2437260150909424,6.4296441078186035,5.407594203948975,2.4542906284332275,0.5203084349632263,2.9760398864746094,2.5418055057525635
3.783334,227,7.599140167236328,11.140390396118164,8.581693649291992,4.934117317199707,6.677679538726807,19.229772567749023,17.454530715942383,5.5096940994262695,3.184318780899048,34.84907913208008,34.53192901611328,8.727997779846191,-1.4817273616790771,18.690532684326172,22.767751693725586,16.90992546081543,1.9343464374542236,-1.1604223251342773,4.332221984863281,17.995071411132812,0.32717475295066833,-2.2323505878448486,6.424222469329834,5.404936790466309,2.4521658420562744,0.5205218195915222,2.97001314163208,2.531139850616455
3.800000,228,7.587518692016602,11.141275405883789,8.57819938659668,4.925332546234131,6.668862819671631,19.18191146850586,17.406421661376953,5.491859436035156,3.1868269443511963,34.80412673950195,34.493202209472656,8.719193458557129,-1.467139482498169,18.677021026611328,22.74261474609375,16.89407730102539,1.9384596347808838,-1.1646331548690796,4.333911895751953,17.980180740356445,0.3408518135547638,-2.2013256549835205,6.442410469055176,5.385329723358154,2.453054428100586,0.526768684387207,2.9743165969848633,2.5024189949035645
3.816667,229,7.550512313842773,11.148873329162598,8.565759658813477,4.915244102478027,6.648681163787842,19.15418815612793,17.410213470458984,5.534800052642822,3.2034997940063477,34.756263732910156,34.470375061035156,8.733780860900879,-1.476184368133545,18.661821365356445,22.719425201416016,16.8680419921875,1.9328174591064453,-1.2039111852645874,4.317191123962402,17.976564407348633,0.3270913362503052,-2.214170455932617,6.418866157531738,5.370608329772949,2.445950508117676,0.5353226065635681,2.9871578216552734,2.5375561714172363
3.833334,230,7.568767070770264,11.146885871887207,8.573956489562988,4.914716720581055,6.641538143157959,19.17961311340332,17.423337936401367,5.51077127456665,3.204747438430786,34.77947235107422,34.488861083984375,8.730735778808594,-1.481189489364624,18.65184783935547,22.71807098388672,16.86235237121582,1.923095464706421,-1.1958166360855103,4.32078742980957,17.96323585510254,0.32327237725257874,-2.221885919570923,6.420947551727295,5.377601623535156,2.452968120574951,0.5315340161323547,2.9842233657836914,2.5246872901916504
3.850000,231,7.571117401123047,11.149659156799316,8.586585998535156,4.967714309692383,6.649613857269287,19.173524856567383,17.479604721069336,5.596133232116699,3.1377885341644287,34.65019226074219,34.40644073486328,8.723251342773438,-1.5697567462921143,18.55864143371582,22.692272186279297,16.952850341796875,1.8975803852081299,-1.181544303894043,4.377593994140625,18.078088760375977,0.3133835196495056,-2.254725933074951,6.418828964233398,5.399424076080322,2.431307315826416,0.4986079931259155,3.0074915885925293,2.557344436645508
3.866667,232,7.558091163635254,11.163816452026367,8.598974227905273,4.940967559814453,6.619417667388916,19.13095474243164,17.444257736206055,5.555775165557861,3.165238380432129,34.65657424926758,34.424224853515625,8.724472999572754,-1.5469703674316406,18.55864715576172,22.67637062072754,16.890775680541992,1.8976387977600098,-1.2322826385498047,4.345114707946777,18.034772872924805,0.32072943449020386,-2.2440030574798584,6.407407283782959,5.372323513031006,2.4385626316070557,0.5139874219894409,3.0062613487243652,2.5476088523864746
3.883334,233,7.531847953796387,11.152434349060059,8.565991401672363,4.915818214416504,6.608113765716553,19.112939834594727,17.429462432861328,5.560687065124512,3.1555042266845703,34.598060607910156,34.36429214477539,8.704710960388184,-1.5732440948486328,18.53873062133789,22.64666748046875,16.821979522705078,1.873013973236084,-1.269917607307434,4.316242218017578,17.98578453063965,0.3198358416557312,-2.2636282444000244,6.374932289123535,5.359210014343262,2.4355573654174805,0.5230907201766968,3.006472110748291,2.5611624717712402
3.900000,234,7.530745029449463,11.170610427856445,8.58713436126709,4.96256685256958,6.5971221923828125,19.084957122802734,17.454675674438477,5.6109771728515625,3.1392078399658203,34.521514892578125,34.33352279663086,8.72862720489502,-1.5976793766021729,18.48076057434082,22.642105102539062,16.904842376708984,1.870173454284668,-1.2665077447891235,4.374422073364258,18.085006713867188,0.3195481598377228,-2.265408515930176,6.393737316131592,5.35958194732666,2.431776762008667,0.5118316411972046,3.030538558959961,2.552673101425171
3.916667,235,7.504626750946045,11.142706871032715,8.549092292785645,4.872462272644043,6.5913848876953125,19.07489776611328,17.391408920288086,5.520843029022217,3.1686863899230957,34.56790542602539,34.33466339111328,8.67715835571289,-1.565180778503418,18.513084411621094,22.58660125732422,16.6855411529541,1.8538248538970947,-1.3356486558914185,4.25076961517334,17.88215446472168,0.32684648036956787,-2.2426981925964355,6.3618388175964355,5.3344645500183105,2.4323344230651855,0.5411028265953064,2.993381977081299,2.5540854930877686
3.933334,236,7.522680759429932,11.159432411193848,8.578652381896973,4.932252883911133,6.592599868774414,19.088701248168945,17.45099639892578,5.580844402313232,3.152484893798828,34.54584503173828,34.354248046875,8.718119621276855,-1.5992558002471924,18.47926902770996,22.621267318725586,16.832298278808594,1.8586022853851318,-1.3046526908874512,4.329584121704102,18.023088455200195,0.31787818670272827,-2.2654776573181152,6.382584095001221,5.355599880218506,2.423417091369629,0.5162109136581421,3.0163168907165527,2.5591111183166504
3.950000,237,7.505337238311768,11.14530086517334,8.558004379272461,4.897434711456299,6.583881855010986,19.076595306396484,17.42816162109375,5.564988613128662,3.1515355110168457,34.53074645996094,34.329811096191406,8.689370155334473,-1.6099905967712402,18.467899322509766,22.58136749267578,16.742595672607422,1.8446719646453857,-1.3360302448272705,4.281619548797607,17.95094871520996,0.3165845274925232,-2.271446943283081,6.356564998626709,5.346874237060547,2.421086311340332,0.5238358974456787,3.0101776123046875,2.5734264850616455
3.966667,238,7.494737148284912,11.145515441894531,8.569375991821289,4.92878532409668,6.566371440887451,18.99127960205078,17.388463973999023,5.5995988845825195,3.1195027828216553,34.38752365112305,34.232994079589844,8.688775062561035,-1.6494839191436768,18.389179229736328,22.548673629760742,16.813617706298828,1.8392527103424072,-1.31815505027771,4.338037490844727,18.0343074798584,0.3374634385108948,-2.257478952407837,6.363873481750488,5.344812870025635,2.418153762817383,0.5141304731369019,3.024139404296875,2.5560574531555176
3.983334,239,7.475973606109619,11.156268119812012,8.552661895751953,4.911036968231201,6.558472156524658,19.0513858795166,17.451061248779297,5.612557411193848,3.147796392440796,34.42915344238281,34.2624397277832,8.697443008422852,-1.6292405128479004,18.392803192138672,22.521955490112305,16.71999168395996,1.809786319732666,-1.375097393989563,4.282894134521484,17.95058822631836,0.29806530475616455,-2.282191514968872,6.340944290161133,5.3319854736328125,2.4145307540893555,0.5297712683677673,3.0273265838623047,2.5905234813690186
4.000000,240,7.458065032958984,11.15788745880127,8.56033992767334,4.915584564208984,6.55141019821167,18.96161651611328,17.405540466308594,5.622866630554199,3.1463072299957275,34.34721374511719,34.220054626464844,8.698026657104492,-1.6512815952301025,18.34142303466797,22.493669509887695,16.7178897857666,1.8110342025756836,-1.4087262153625488,4.29327917098999,17.989683151245117,0.32781246304512024,-2.256695508956909,6.342860221862793,5.318729400634766,2.40663480758667,0.5333800315856934,3.031744956970215,2.5689592361450195
4.016667,241,7.44158935546875,11.147891998291016,8.540069580078125,4.884947776794434,6.534062385559082,18.957897186279297,17.374755859375,5.591084957122803,3.169759511947632,34.37373352050781,34.22806167602539,8.699098587036133,-1.6061859130859375,18.362749099731445,22.483505249023438,16.686023712158203,1.8110392093658447,-1.404955267906189,4.276702880859375,17.927919387817383,0.3247998356819153,-2.253174304962158,6.3333563804626465,5.302219867706299,2.4082813262939453,0.5449755787849426,3.0287413597106934,2.556431531906128
4.033334,242,7.4428277015686035,11.158730506896973,8.563263893127441,4.9108500480651855,6.5229268074035645,18.898155212402344,17.36964988708496,5.6134562492370605,3.1083896160125732,34.21169662475586,34.11368942260742,8.663555145263672,-1.6818926334381104,18.272544860839844,22.436023712158203,16.687232971191406,1.790808916091919,-1.4254546165466309,4.296623229980469,17.982709884643555,0.3301782011985779,-2.252163887023926,6.340962886810303,5.296370506286621,2.400723934173584,0.5240147709846497,3.0432705879211426,2.560512065887451
4.050000,243,7.442759037017822,11.144752502441406,8.546829223632812,4.883382320404053,6.525435924530029,18.939430236816406,17.393627166748047,5.601484298706055,3.1094090938568115,34.24357604980469,34.12784957885742,8.640948295593262,-1.7074499130249023,18.27546501159668,22.417919158935547,16.6029052734375,1.7775654792785645,-1.4513647556304932,4.244181156158447,17.91448402404785,0.31369179487228394,-2.273190975189209,6.321267127990723,5.306204319000244,2.3939857482910156,0.5201772451400757,3.032576560974121,2.5943667888641357
4.066667,244,7.402082920074463,11.138891220092773,8.525583267211914,4.863273620605469,6.504097938537598,18.86600685119629,17.335956573486328,5.584745407104492,3.139253616333008,34.189334869384766,34.092369079589844,8.65660285949707,-1.6704938411712646,18.24815559387207,22.378259658813477,16.55645179748535,1.7524895668029785,-1.501013994216919,4.233467102050781,17.869020462036133,0.3345395028591156,-2.242051124572754,6.311225891113281,5.271542072296143,2.399383544921875,0.5523714423179626,3.0267066955566406,2.550119400024414
4.083334,245,7.389163494110107,11.141985893249512,8.529232025146484,4.890866279602051,6.502433776855469,18.836313247680664,17.338274002075195,5.649703025817871,3.137355089187622,34.15727233886719,34.084693908691406,8.688080787658691,-1.6937377452850342,18.240196228027344,22.39790916442871,16.65223503112793,1.7748405933380127,-1.4837754964828491,4.267037868499756,17.96308708190918,0.3389546275138855,-2.2482495307922363,6.306083679199219,5.285583019256592,2.3902833461761475,0.5428287982940674,3.035658359527588,2.575667381286621
4.100000,246,7.40860652923584,11.138161659240723,8.536852836608887,4.864734649658203,6.500922203063965,18.855546951293945,17.35045623779297,5.596218585968018,3.1045596599578857,34.125755310058594,34.045928955078125,8.623109817504883,-1.7352335453033447,18.201614379882812,22.349464416503906,16.514328002929688,1.7489535808563232,-1.5231069326400757,4.21227502822876,17.876619338989258,0.3324923515319824,-2.260132312774658,6.298490524291992,5.28427267074585,2.3881847858428955,0.5329993367195129,3.026888370513916,2.58400559425354
4.116667,247,7.400267124176025,11.149579048156738,8.544710159301758,4.901966094970703,6.4955902099609375,18.805362701416016,17.323251724243164,5.643693447113037,3.0872578620910645,34.07332229614258,34.01884078979492,8.65817928314209,-1.7350618839263916,18.213899612426758,22.403194427490234,16.675092697143555,1.779658555984497,-1.465889811515808,4.301202297210693,18.011003494262695,0.34892451763153076,-2.25656795501709,6.3172173500061035,5.282986640930176,2.3898372650146484,0.5245166420936584,3.050328254699707,2.5652689933776855
4.133334,248,7.3578267097473145,11.135188102722168,8.51101303100586,4.831839084625244,6.4590864181518555,18.77008628845215,17.285934448242188,5.580750942230225,3.1181602478027344,34.02628707885742,33.96514892578125,8.617501258850098,-1.7126412391662598,18.15948486328125,22.288246154785156,16.447158813476562,1.7279980182647705,-1.5723153352737427,4.192377090454102,17.816781997680664,0.3375159502029419,-2.239640235900879,6.283677101135254,5.235881328582764,2.3858413696289062,0.5535155534744263,3.032686710357666,2.5603859424591064
4.150000,249,7.363742828369141,11.15001392364502,8.528203964233398,4.881947994232178,6.475027084350586,18.786300659179688,17.332551956176758,5.656390190124512,3.1288955211639404,34.06372833251953,34.02903366088867,8.679588317871094,-1.724872350692749,18.16687774658203,22.342615127563477,16.593090057373047,1.7396066188812256,-1.5429805517196655,4.256211757659912,17.94696807861328,0.33915865421295166,-2.2538857460021973,6.2898149490356445,5.2644734382629395,2.380150318145752,0.5452902317047119,3.049689292907715,2.5707056522369385
4.166667,250,7.3628692626953125,11.135980606079102,8.525836944580078,4.839880466461182,6.451923370361328,18.752382278442383,17.27878189086914,5.5832133293151855,3.081688642501831,33.96843338012695,33.92240905761719,8.5936861038208,-1.7445149421691895,18.118690490722656,22.261398315429688,16.450576782226562,1.7130272388458252,-1.5622565746307373,4.203372955322266,17.832679748535156,0.343854695558548,-2.2375223636627197,6.287068843841553,5.242087364196777,2.387009382247925,0.5461050271987915,3.038137912750244,2.557377815246582
4.183334,251,7.332119464874268,11.127447128295898,8.510875701904297,4.833625316619873,6.435719966888428,18.693021774291992,17.245176315307617,5.6013383865356445,3.075906753540039,33.89729690551758,33.8726692199707,8.582829475402832,-1.7512989044189453,18.071208953857422,22.20924186706543,16.40846824645996,1.7116236686706543,-1.5886279344558716,4.188307285308838,17.821781158447266,0.3489840030670166,-2.2212915420532227,6.282451152801514,5.229622840881348,2.3764073848724365,0.5487239360809326,3.0456056594848633,2.5578720569610596
4.200000,252,7.327873229980469,11.115596771240234,8.508035659790039,4.809727191925049,6.433331489562988,18.661245346069336,17.236722946166992,5.574784278869629,3.0579516887664795,33.814842224121094,33.8104362487793,8.549445152282715,-1.8014960289001465,18.02806854248047,22.178089141845703,16.32877540588379,1.6874516010284424,-1.6338629722595215,4.16239070892334,17.78845977783203,0.3576405644416809,-2.227175235748291,6.267297744750977,5.219451904296875,2.366408348083496,0.540599524974823,3.03419828414917,2.5569825172424316
4.216667,253,7.302502632141113,11.12889289855957,8.501837730407715,4.820735931396484,6.410876274108887,18.629871368408203,17.221336364746094,5.601492404937744,3.0820436477661133,33.79801940917969,33.80507278442383,8.592844009399414,-1.7581396102905273,18.027307510375977,22.187898635864258,16.40645980834961,1.6919100284576416,-1.6151952743530273,4.208309650421143,17.828882217407227,0.3596836030483246,-2.214498519897461,6.27554988861084,5.199567794799805,2.369244337081909,0.5532736778259277,3.050550937652588,2.530693531036377
4.233334,254,7.292518615722656,11.110395431518555,8.487852096557617,4.791218280792236,6.411786079406738,18.596235275268555,17.178878784179688,5.566460132598877,3.101987600326538,33.79539489746094,33.796142578125,8.575672149658203,-1.7538564205169678,18.021697998046875,22.154449462890625,16.31422233581543,1.6917407512664795,-1.6611692905426025,4.151672840118408,17.757442474365234,0.3726769983768463,-2.199289083480835,6.255460739135742,5.191962242126465,2.3682186603546143,0.5664145350456238,3.0259218215942383,2.5326948165893555
4.250000,255,7.305554389953613,11.128599166870117,8.518006324768066,4.821597099304199,6.3985395431518555,18.581024169921875,17.192813873291016,5.578133583068848,3.060127019882202,33.72808837890625,33.76310348510742,8.57289981842041,-1.7952039241790771,17.996082305908203,22.171674728393555,16.374649047851562,1.682457685470581,-1.6532294750213623,4.1943359375,17.83248519897461,0.369292676448822,-2.213160753250122,6.2685370445251465,5.194338798522949,2.3731987476348877,0.5471535325050354,3.0457301139831543,2.5284976959228516
4.266667,256,7.275784969329834,11.123688697814941,8.491668701171875,4.829978942871094,6.400450706481934,18.553787231445312,17.202407836914062,5.62281608581543,3.0776164531707764,33.68280029296875,33.73125457763672,8.601020812988281,-1.789247751235962,17.961467742919922,22.151887893676758,16.395898818969727,1.6705684661865234,-1.6740710735321045,4.206482410430908,17.852739334106445,0.3694429397583008,-2.2193353176116943,6.250646114349365,5.183533668518066,2.354797124862671,0.5550370812416077,3.0509653091430664,2.5292210578918457
4.283334,257,7.266722679138184,11.140215873718262,8.504389762878418,4.8551812171936035,6.39699125289917,18.525413513183594,17.20600700378418,5.671835899353027,3.0792722702026367,33.64597702026367,33.717803955078125,8.6310396194458,-1.7983076572418213,17.94355583190918,22.161035537719727,16.473709106445312,1.678159236907959,-1.6566689014434814,4.247132778167725,17.9285888671875,0.37662196159362793,-2.211313009262085,6.256470680236816,5.1876044273376465,2.349358081817627,0.5507545471191406,3.065107822418213,2.528996229171753
4.300000,258,7.236566543579102,11.112225532531738,8.473109245300293,4.792616367340088,6.382424354553223,18.489362716674805,17.161128997802734,5.621580600738525,3.0756049156188965,33.602901458740234,33.67121124267578,8.572275161743164,-1.8154044151306152,17.91179656982422,22.080978393554688,16.269323348999023,1.650665283203125,-1.7356024980545044,4.149489402770996,17.784378051757812,0.3797502815723419,-2.2003226280212402,6.224232196807861,5.165410995483398,2.3452072143554688,0.561902642250061,3.0434584617614746,2.5381672382354736
4.316667,259,7.242227554321289,11.124591827392578,8.49557113647461,4.825520992279053,6.374053478240967,18.46998405456543,17.197141647338867,5.652643203735352,3.0565690994262695,33.51815414428711,33.627784729003906,8.595619201660156,-1.8552587032318115,17.861064910888672,22.093889236450195,16.362882614135742,1.6416280269622803,-1.7255191802978516,4.209535598754883,17.87828826904297,0.3736448585987091,-2.2214510440826416,6.23206090927124,5.168726444244385,2.32997989654541,0.5417178273200989,3.0606207847595215,2.532278060913086
4.333334,260,7.241627216339111,11.120843887329102,8.495945930480957,4.836575031280518,6.36665153503418,18.44232749938965,17.169668197631836,5.659427642822266,3.0323731899261475,33.48592758178711,33.595882415771484,8.58314323425293,-1.862187147140503,17.855403900146484,22.095848083496094,16.391950607299805,1.65156888961792,-1.7139273881912231,4.218691825866699,17.90605354309082,0.38674476742744446,-2.2194926738739014,6.227719306945801,5.169551849365234,2.3411731719970703,0.5418825745582581,3.056595802307129,2.5357158184051514
4.350000,261,7.191462516784668,11.103586196899414,8.458816528320312,4.784104347229004,6.351407051086426,18.36532211303711,17.091581344604492,5.62026309967041,3.061326026916504,33.421844482421875,33.539676666259766,8.574880599975586,-1.8345398902893066,17.853981018066406,22.04970932006836,16.27480697631836,1.6339671611785889,-1.7802677154541016,4.1646809577941895,17.803089141845703,0.40197068452835083,-2.1819283962249756,6.216193675994873,5.130379676818848,2.3362412452697754,0.5673134326934814,3.0419750213623047,2.509387254714966
4.366667,262,7.207941055297852,11.120633125305176,8.47900104522705,4.829990863800049,6.352619171142578,18.399578094482422,17.165699005126953,5.673462867736816,3.0259363651275635,33.38652038574219,33.52941131591797,8.587896347045898,-1.8746113777160645,17.805803298950195,22.056175231933594,16.3608341217041,1.6114201545715332,-1.755536437034607,4.221039772033691,17.89389991760254,0.38313236832618713,-2.2244389057159424,6.212739944458008,5.147259712219238,2.3276681900024414,0.5468940138816833,3.067746162414551,2.5213563442230225
4.383334,263,7.200648307800293,11.117467880249023,8.479325294494629,4.819972515106201,6.333995819091797,18.37619400024414,17.15406036376953,5.67265510559082,3.0376334190368652,33.37476348876953,33.52760314941406,8.596136093139648,-1.8930332660675049,17.79517364501953,22.059429168701172,16.35798454284668,1.6153788566589355,-1.7718307971954346,4.214029312133789,17.898645401000977,0.38966894149780273,-2.228156328201294,6.197995185852051,5.147934913635254,2.329728603363037,0.5461075305938721,3.0585317611694336,2.5285487174987793
4.400000,264,7.186703681945801,11.11355209350586,8.472992897033691,4.818405628204346,6.335788249969482,18.31484603881836,17.105459213256836,5.664326190948486,3.0218636989593506,33.3045539855957,33.46589660644531,8.577509880065918,-1.8825037479400635,17.78034019470215,22.039934158325195,16.33942413330078,1.6213374137878418,-1.7802414894104004,4.21720552444458,17.89655113220215,0.40723416209220886,-2.2026712894439697,6.206144332885742,5.128217697143555,2.3296267986297607,0.553128719329834,3.0596909523010254,2.5062313079833984
4.416667,265,7.16078519821167,11.123132705688477,8.467897415161133,4.837095260620117,6.320494174957275,18.265254974365234,17.097108840942383,5.703135967254639,3.031714677810669,33.2234001159668,33.41761779785156,8.622864723205566,-1.8857357501983643,17.76089096069336,22.058162689208984,16.42705535888672,1.6125047206878662,-1.7825063467025757,4.266684532165527,17.965883255004883,0.41353240609169006,-2.2064411640167236,6.197060585021973,5.114291191101074,2.3245980739593506,0.5539270043373108,3.0702881813049316,2.494582414627075
4.433334,266,7.152541637420654,11.117063522338867,8.466294288635254,4.849806785583496,6.315608024597168,18.236099243164062,17.102792739868164,5.728597640991211,3.0157766342163086,33.15275955200195,33.3669319152832,8.620331764221191,-1.9082727432250977,17.704111099243164,22.02509307861328,16.442119598388672,1.608640432357788,-1.7839525938034058,4.277825832366943,17.996212005615234,0.4155648350715637,-2.2064287662506104,6.1932172775268555,5.116116046905518,2.3081607818603516,0.5416485071182251,3.0727362632751465,2.4981436729431152
4.450000,267,7.1506757736206055,11.10503101348877,8.457634925842285,4.784634590148926,6.31218147277832,18.250263214111328,17.083833694458008,5.63983678817749,3.019556760787964,33.189369201660156,33.37821960449219,8.553186416625977,-1.894294261932373,17.702524185180664,21.95928382873535,16.216773986816406,1.5821161270141602,-1.8532650470733643,4.174437522888184,17.816835403442383,0.40724194049835205,-2.1883645057678223,6.1910624504089355,5.095895290374756,2.3111679553985596,0.5611658692359924,3.0545783042907715,2.4881815910339355
4.466667,268,7.117164611816406,11.096384048461914,8.442329406738281,4.79552698135376,6.30076789855957,18.152334213256836,17.025543212890625,5.6691575050354,3.021977424621582,33.064186096191406,33.29105758666992,8.582268714904785,-1.9002974033355713,17.673954010009766,21.95815658569336,16.29790687561035,1.5800950527191162,-1.8497508764266968,4.222063064575195,17.885160446166992,0.43052658438682556,-2.174088716506958,6.179831504821777,5.075865268707275,2.3050780296325684,0.5609206557273865,3.057316780090332,2.46500563621521
4.483334,269,7.110878944396973,11.101778030395508,8.445610046386719,4.800388336181641,6.2927069664001465,18.13255500793457,17.027311325073242,5.688530445098877,2.9984960556030273,33.00834274291992,33.25163269042969,8.578353881835938,-1.9383399486541748,17.65959358215332,21.970670700073242,16.31244659423828,1.5794835090637207,-1.8525394201278687,4.237687587738037,17.921812057495117,0.43964001536369324,-2.1769564151763916,6.182326316833496,5.079207420349121,2.3058412075042725,0.5547131896018982,3.0606894493103027,2.467055082321167
4.500000,270,7.103924751281738,11.073015213012695,8.425851821899414,4.750014305114746,6.286332607269287,18.106130599975586,16.971942901611328,5.630529880523682,2.9891719818115234,32.9837760925293,33.21315383911133,8.51701831817627,-1.9530918598175049,17.65229606628418,21.917816162109375,16.159574508666992,1.5775656700134277,-1.8854511976242065,4.165372848510742,17.807802200317383,0.4450342357158661,-2.1626462936401367,6.171729564666748,5.070888042449951,2.3075830936431885,0.558046817779541,3.0420775413513184,2.469656467437744
4.516667,271,7.1128926277160645,11.117711067199707,8.462425231933594,4.8251447677612305,6.27680778503418,18.119388580322266,17.0795955657959,5.707215785980225,2.975545644760132,32.92385482788086,33.20222854614258,8.583771705627441,-1.966874599456787,17.583763122558594,21.949201583862305,16.32452964782715,1.5621757507324219,-1.879518747329712,4.262704372406006,17.964750289916992,0.41860151290893555,-2.2015180587768555,6.180067539215088,5.067429542541504,2.2863969802856445,0.5374239087104797,3.0776872634887695,2.4652936458587646
4.533334,272,7.072251319885254,11.093541145324707,8.438334465026855,4.804106712341309,6.261851787567139,18.017419815063477,17.00254249572754,5.701992511749268,2.998309373855591,32.834476470947266,33.13815689086914,8.59508228302002,-1.9567499160766602,17.55217933654785,21.914798736572266,16.310991287231445,1.5562381744384766,-1.9091882705688477,4.254906177520752,17.949626922607422,0.4471430480480194,-2.1670024394989014,6.165112018585205,5.04583215713501,2.2808375358581543,0.5490823984146118,3.060178279876709,2.439988136291504
4.550000,273,7.058230876922607,11.110431671142578,8.4339599609375,4.825683116912842,6.262393951416016,18.05099868774414,17.071395874023438,5.7592692375183105,3.0020298957824707,32.830482482910156,33.15916442871094,8.633500099182129,-1.9730758666992188,17.532766342163086,21.923791885375977,16.334659576416016,1.534602165222168,-1.9322713613510132,4.271962642669678,17.994035720825195,0.43327412009239197,-2.186753273010254,6.15659236907959,5.051409721374512,2.2692761421203613,0.5395153760910034,3.0746827125549316,2.452521800994873
4.566667,274,7.061822414398193,11.113142967224121,8.437745094299316,4.837655544281006,6.264660358428955,17.99892807006836,17.051555633544922,5.754647731781006,2.9740641117095947,32.73066329956055,33.072479248046875,8.615007400512695,-1.9986131191253662,17.50289535522461,21.921794891357422,16.341930389404297,1.5328586101531982,-1.9444719552993774,4.288219928741455,18.019149780273438,0.4402623772621155,-2.185900926589966,6.16054630279541,5.03754997253418,2.266357898712158,0.5359938144683838,3.075545310974121,2.4390053749084473
4.583334,275,7.031081199645996,11.109254837036133,8.43117904663086,4.82811975479126,6.245788097381592,17.94924545288086,17.012590408325195,5.768862724304199,2.9947147369384766,32.71150207519531,33.07365417480469,8.646234512329102,-1.9861249923706055,17.514333724975586,21.934017181396484,16.375553131103516,1.5459299087524414,-1.9515029191970825,4.295413494110107,18.044095993041992,0.4549330472946167,-2.1680209636688232,6.150871753692627,5.028012752532959,2.2671048641204834,0.5391041040420532,3.0692124366760254,2.436941623687744
4.600000,276,7.049899578094482,11.109371185302734,8.431021690368652,4.822197914123535,6.258663177490234,17.988012313842773,17.036317825317383,5.752262115478516,2.9870450496673584,32.75266647338867,33.08771896362305,8.612378120422363,-1.9919829368591309,17.500762939453125,21.900875091552734,16.294296264648438,1.5429346561431885,-1.964138150215149,4.252165794372559,17.98659896850586,0.44520819187164307,-2.1708741188049316,6.150154113769531,5.03643274307251,2.2633018493652344,0.5387002825737,3.064760208129883,2.448932647705078
4.616667,277,7.004702568054199,11.110926628112793,8.409629821777344,4.817333221435547,6.238982677459717,17.94489097595215,17.02666664123535,5.78073787689209,3.0258123874664307,32.7030143737793,33.07067108154297,8.668994903564453,-1.9725096225738525,17.493331909179688,21.904563903808594,16.31026840209961,1.5315570831298828,-2.0081117153167725,4.255738735198975,17.99452018737793,0.4444965422153473,-2.162064790725708,6.130454063415527,5.015048980712891,2.2552881240844727,0.5460769534111023,3.0599546432495117,2.4449307918548584
4.633334,278,7.003707408905029,11.098756790161133,8.393860816955566,4.792550086975098,6.257021903991699,17.968082427978516,17.04156494140625,5.770599842071533,3.006654977798462,32.694236755371094,33.05015182495117,8.625112533569336,-2.011160135269165,17.49280548095703,21.881088256835938,16.192977905273438,1.521496295928955,-2.0396108627319336,4.202201843261719,17.92784309387207,0.4373742640018463,-2.162196159362793,6.131697654724121,5.021053314208984,2.247903823852539,0.5425530076026917,3.0506701469421387,2.463481903076172
4.650000,279,6.953059196472168,11.100082397460938,8.364363670349121,4.798089504241943,6.243164539337158,17.961353302001953,17.07345962524414,5.837643146514893,3.072826862335205,32.712406158447266,33.103275299072266,8.725604057312012,-1.9972286224365234,17.505992889404297,21.923128128051758,16.260089874267578,1.5107347965240479,-2.0822324752807617,4.220945358276367,17.977781295776367,0.43591591715812683,-2.1744062900543213,6.099239826202393,5.018648624420166,2.237797975540161,0.5526119470596313,3.0427427291870117,2.4750583171844482
4.666667,280,6.513341903686523,14.42521858215332,13.894760131835938,14.540532112121582,1.7522361278533936,15.384303092956543,25.997220993041992,17.11121940612793,6.632552146911621,26.465938568115234,33.5866584777832,28.43185043334961,3.423549175262451,16.693941116333008,35.54941177368164,56.69861602783203,3.3677074909210205,4.555163860321045,25.144933700561523,48.7235107421875,2.7127950191497803,1.4770941734313965,8.97307014465332,3.3669705390930176,1.6182750463485718,-0.637840211391449,3.7963624000549316,-3.0322980880737305
4.683334,281,1.7014483213424683,10.628023147583008,12.937328338623047,13.040665626525879,-3.5559966564178467,11.438271522521973,25.120864868164062,24.531156539916992,5.580939292907715,18.781475067138672,25.049545288085938,31.718881607055664,10.884273529052734,17.955167770385742,33.8681755065918,60.303977966308594,8.309778213500977,16.04848289489746,30.692054748535156,52.24270248413086,3.012497663497925,5.244858264923096,10.117799758911133,3.960570812225342,-2.3487660884857178,-1.774681568145752,2.4337005615234375,-2.567593574523926
4.700000,282,4.757901191711426,13.76701545715332,14.093658447265625,1.5271412134170532,7.251659393310547,18.25179100036621,17.305593490600586,13.376785278320312,17.86481475830078,28.182205200195312,21.594192504882812,19.984050750732422,50.399845123291016,47.94917297363281,24.185731887817383,22.521589279174805,32.95579528808594,41.61604690551758,18.9011173248291,23.00258445739746,14.413129806518555,20.881746292114258,19.734180450439453,0.8261435031890869,-8.80576229095459,-12.19485092163086,6.443836688995361,-2.437649965286255
4.716667,283,16.140531539916992,8.026395797729492,16.508838653564453,20.6264705657959,21.1267147064209,14.576899528503418,21.67828369140625,33.88159942626953,28.72291374206543,25.732528686523438,30.48381996154785,35.72074890136719,105.1102523803711,72.75711822509766,55.78357696533203,89.5827865600586,68.74677276611328,39.54949951171875,28.13408660888672,78.760009765625,52.77842712402344,68.88516998291016,94.5511245727539,40.0320930480957,11.521456718444824,7.659266948699951,76.91021728515625,74.70826721191406
4.733334,284,26.35333251953125,2.253079891204834,20.70054817199707,60.40425491333008,39.04728698730469,9.130438804626465,31.17051887512207,78.6357192993164,46.63749694824219,34.29195785522461,52.505859375,90.06090545654297,220.797119140625,164.5064697265625,176.81015014648438,275.8312072753906,91.02911376953125,42.00023651123047,60.07015609741211,187.4327392578125,75.01194763183594,114.64036560058594,165.9007568359375,121.58152770996094,45.32112503051758,98.7703857421875,169.60357666015625,190.22865295410156
4.750000,285,41.26904296875,7.874337673187256,25.67710304260254,98.86044311523438,59.28287124633789,11.327156066894531,31.259933471679688,121.3783187866211,71.1865005493164,45.01640701293945,70.41513061523438,142.8033905029297,325.3944396972656,267.0278625488281,288.2520751953125,435.3913269042969,123.01607513427734,60.779998779296875,90.14224243164062,283.8763732910156,99.20911407470703,163.3595733642578,230.3550567626953,184.53768920898438,64.6141586303711,151.81793212890625,235.35848999023438,268.6204528808594
4.766667,286,56.871463775634766,13.4196138381958,38.60953140258789,136.03848266601562,85.67588806152344,18.972930908203125,46.99628829956055,167.6254425048828,94.84947967529297,49.03166580200195,86.16478729248047,186.71292114257812,401.8313293457031,330.4358215332031,365.3143615722656,551.3027954101562,152.17503356933594,80.37057495117188,128.2089385986328,361.2848205566406,120.3108901977539,187.0208740234375,266.5250549316406,234.97300720214844,83.57379150390625,186.61566162109375,279.4188537597656,335.7344970703125
4.783334,287,89.2247085571289,76.11590576171875,89.38770294189453,138.70323181152344,129.61325073242188,102.96067810058594,105.70926666259766,155.46546936035156,139.3095703125,111.45719146728516,131.6797637939453,189.01409912109375,469.0050964355469,410.14202880859375,420.2264099121094,522.036865234375,204.76077270507812,146.27508544921875,205.4715118408203,348.0223083496094,119.2778549194336,186.1802978515625,257.40887451171875,196.49221801757812,79.83830261230469,195.597412109375,241.4795379638672,235.45748901367188
4.800000,288,107.30940246582031,92.0128173828125,127.79598236083984,172.6905975341797,161.3987579345703,123.3934555053711,137.53732299804688,186.38119506835938,160.41213989257812,106.88970184326172,137.89707946777344,215.3640594482422,492.4778137207031,403.88134765625,439.400634765625,538.4140625,207.93231201171875,136.4588623046875,241.72772216796875,393.99359130859375,124.40261840820312,150.30807495117188,232.7743682861328,213.29595947265625,88.88888549804688,193.81478881835938,230.31622314453125,245.06117248535156
4.816667,289,152.41258239746094,170.24606323242188,194.42318725585938,177.66995239257812,232.2382049560547,215.95712280273438,222.7670135498047,197.34214782714844,218.01577758789062,185.19430541992188,202.09384155273438,216.55517578125,586.9046630859375,562.309814453125,560.2886962890625,523.3456420898438,267.2639465332031,289.44549560546875,395.56640625,387.02069091796875,145.28440856933594,176.922607421875,185.96859741210938,146.40155029296875,70.21478271484375,210.3323974609375,131.10609436035156,72.31245422363281
4.833334,290,144.29014587402344,131.57911682128906,212.258056640625,249.2217559814453,241.2023468017578,171.83535766601562,239.81646728515625,300.4015197753906,202.51065063476562,108.28617095947266,176.2777862548828,290.3636169433594,539.7113037109375,427.3191223144531,526.9161987304688,631.7280883789062,210.02259826660156,135.0294647216797,328.582763671875,492.9150390625,119.0677261352539,117.6681900024414,229.84283447265625,261.40460205078125,65.12627410888672,151.90106201171875,227.36900329589844,282.09613037109375
4.850000,291,157.39422607421875,182.18319702148438,252.9496307373047,253.5738525390625,285.8067626953125,233.31825256347656,315.1380920410156,356.3303527832031,247.84848022460938,193.14971923828125,245.3623504638672,307.3849792480469,545.2359619140625,568.9682006835938,608.5570068359375,534.6332397460938,249.36463928222656,284.4466247558594,452.98388671875,449.492431640625,130.214599609375,120.14451599121094,212.98431396484375,237.3638916015625,60.27701950073242,157.8370361328125,202.9907989501953,191.1208953857422
4.866667,292,175.9007110595703,176.30148315429688,290.00555419921875,312.66973876953125,320.7030334472656,241.5545654296875,349.11700439453125,415.12255859375,242.4869842529297,140.2030029296875,222.79151916503906,340.6161804199219,572.7902221679688,557.861572265625,645.2445068359375,638.1262817382812,231.5587615966797,226.66734313964844,417.7209777832031,517.4346313476562,128.7685546875,156.4202117919922,260.7811279296875,274.67291259765625,54.46931076049805,199.0081024169922,297.5998229980469,324.75421142578125
4.883334,293,178.0572967529297,190.53187561035156,247.44908142089844,265.5771484375,343.38616943359375,265.3548278808594,340.68756103515625,384.6101989746094,286.7459411621094,181.5853729248047,235.02659606933594,321.39605712890625,709.9563598632812,769.5052490234375,797.5597534179688,706.4591064453125,326.77044677734375,332.8353271484375,460.4778747558594,497.6267395019531,166.63294982910156,165.86004638671875,293.2173767089844,315.0832214355469,69.13383483886719,172.39109802246094,273.71148681640625,293.7666320800781
4.900000,294,165.1798553466797,132.03912353515625,260.9408264160156,298.0712585449219,334.4521789550781,237.52891540527344,388.08660888671875,435.93060302734375,262.7146911621094,129.97555541992188,238.36358642578125,355.68560791015625,712.9746704101562,725.80712890625,840.9437866210938,811.4813842773438,294.7646789550781,281.18328857421875,502.53057861328125,622.8436889648438,148.29049682617188,185.0103759765625,386.1069030761719,437.45367431640625,57.95982360839844,180.7889862060547,392.79779052734375,518.4871826171875
4.916667,295,190.01763916015625,158.21188354492188,229.65850830078125,317.8183898925781,390.83013916015625,249.3839569091797,360.79888916015625,484.36761474609375,315.4991455078125,158.09580993652344,239.23504638671875,399.5408935546875,811.7650146484375,852.3998413085938,919.3480834960938,908.2422485351562,369.0552062988281,311.98834228515625,492.6401672363281,666.3236694335938,189.63250732421875,142.8897247314453,302.5126647949219,450.0508728027344,82.93769073486328,111.64707946777344,252.84596252441406,457.3421936035156
4.933334,296,191.68858337402344,127.04476928710938,248.54684448242188,329.5853271484375,379.0863037109375,230.8509521484375,378.6201477050781,464.9288635253906,316.1905212402344,139.42041015625,250.93922424316406,410.7554931640625,862.1785278320312,884.9837036132812,995.7985229492188,1002.403076171875,393.4269714355469,347.2779235839844,549.7927856445312,736.8768920898438,210.99609375,185.29629516601562,391.0281066894531,531.3341064453125,69.01069641113281,103.44136810302734,368.60516357421875,623.88916015625
4.950000,297,219.0897216796875,183.93580627441406,283.6358642578125,368.43170166015625,463.3170166015625,313.9476013183594,434.1492614746094,572.905517578125,368.1155700683594,191.2476806640625,258.6341247558594,442.7014465332031,822.5591430664062,878.6304321289062,872.165771484375,855.1224365234375,418.2997741699219,399.7861328125,512.1485595703125,693.6026611328125,229.3644561767578,196.2578887939453,334.2284240722656,531.4793090820312,67.03591918945312,69.99899291992188,287.16253662109375,610.1031494140625
4.966667,298,240.9976348876953,159.87937927246094,290.7674865722656,365.39691162109375,445.81182861328125,263.04901123046875,428.3445129394531,518.3309326171875,380.9548645019531,186.3872528076172,303.1446838378906,470.8902587890625,1006.955810546875,1069.0435791015625,1158.4598388671875,1099.5484619140625,505.9635925292969,458.71990966796875,641.6856689453125,793.2943115234375,240.9562225341797,142.16583251953125,314.2884216308594,521.500244140625,49.24836349487305,-38.79167556762695,246.87628173828125,601.5322265625
4.983334,299,258.9906005859375,257.4259338378906,366.3236083984375,364.47064208984375,493.59478759765625,408.70458984375,499.2967224121094,526.2752075195312,451.8423767089844,304.2891845703125,346.4718017578125,451.15997314453125,1017.7439575195312,1101.4307861328125,1006.7625122070312,845.39111328125,547.7907104492188,563.8719482421875,593.5325317382812,631.1347045898438,292.4904479980469,194.4095458984375,312.455810546875,506.76641845703125,90.84046173095703,85.36028289794922,368.366943359375,641.5623168945312
5.000000,300,274.2845458984375,205.2914581298828,369.31787109375,399.951904296875,517.4410400390625,346.05517578125,544.1632080078125,585.6206665039062,424.7182312011719,210.91748046875,342.3306884765625,500.6614990234375,1018.6254272460938,1099.7142333984375,1192.69189453125,1089.3570556640625,573.3904418945312,563.7852783203125,776.3469848632812,861.9031982421875,310.2864990234375,170.73834228515625,401.6595153808594,623.1665649414062,81.86854553222656,-15.103982925415039,371.50018310546875,735.9614868164062
5.016667,301,320.99859619140625,332.8465881347656,478.8554382324219,397.89068603515625,600.3888549804688,505.75384521484375,618.4673461914062,568.0682983398438,515.2952270507812,335.8294677734375,389.4975280761719,453.7469482421875,1075.066162109375,1156.19970703125,1068.4110107421875,797.1283569335938,606.215087890625,644.861572265625,743.1318969726562,685.6396484375,351.7624816894531,205.93060302734375,403.55059814453125,588.2976684570312,113.89126586914062,72.09623718261719,456.2340087890625,716.4226684570312
5.033334,302,264.4000549316406,211.70401000976562,386.5890197753906,399.5811767578125,514.3941040039062,370.1798095703125,589.1067504882812,595.9255981445312,432.4906921386719,227.29490661621094,371.65106201171875,517.1194458007812,1088.8262939453125,1124.84423828125,1238.4637451171875,1178.9735107421875,586.404052734375,558.1832885742188,818.2481079101562,912.4087524414062,289.744140625,151.41558837890625,452.5121765136719,673.17626953125,71.93827819824219,-26.949634552001953,415.7757873535156,782.7669067382812
5.050000,303,309.59368896484375,328.368408203125,496.6640930175781,391.55145263671875,581.5842895507812,505.9801940917969,639.5914306640625,545.9044799804688,487.9810485839844,305.6949768066406,382.6194763183594,434.2489929199219,1042.9661865234375,1139.9713134765625,1104.9599609375,794.6619873046875,570.8013916015625,633.919189453125,799.6848754882812,699.0050659179688,333.6827697753906,266.84521484375,544.254638671875,626.9484252929688,109.67171478271484,126.7610092163086,566.5665283203125,762.5897827148438
5.066667,304,247.3916473388672,193.23110961914062,358.6715087890625,388.580078125,501.229248046875,362.4974670410156,555.0045166015625,587.5623779296875,431.0699157714844,221.62684631347656,352.7459411621094,515.771484375,1094.7174072265625,1107.6412353515625,1198.1011962890625,1188.6429443359375,573.969482421875,553.162353515625,777.9943237304688,905.2975463867188,295.90460205078125,206.10162353515625,482.858154296875,682.9699096679688,87.49772644042969,23.594562530517578,424.2742614746094,810.9624633789062
5.083334,305,288.5616455078125,334.1773376464844,505.2643127441406,392.0387878417969,576.99267578125,543.2013549804688,656.4146118164062,564.9898681640625,465.8115539550781,287.7821960449219,354.89813232421875,421.89971923828125,1004.9591674804688,1167.717529296875,1085.199951171875,773.3961791992188,561.71435546875,655.7089233398438,726.4943237304688,649.595458984375,331.05035400390625,251.41358947753906,469.70428466796875,606.8914794921875,101.951171875,122.9482650756836,544.6937866210938,782.555419921875
5.100000,306,246.5598907470703,192.58953857421875,335.166748046875,384.42132568359375,507.7074279785156,363.633544921875,515.4945068359375,577.8310546875,422.1516418457031,212.19715881347656,322.17144775390625,491.8910827636719,1092.621337890625,1173.6754150390625,1219.5201416015625,1163.3206787109375,557.1488037109375,570.5252075195312,733.6568603515625,864.5390625,283.7723388671875,269.9376220703125,476.6618347167969,652.8308715820312,78.00193786621094,68.22296905517578,391.1165771484375,782.0135498046875
5.116667,307,251.5077667236328,257.5550231933594,418.1712341308594,371.12847900390625,507.0681457519531,467.5183410644531,628.8567504882812,539.2286987304688,449.4278259277344,315.19427490234375,391.9804382324219,442.12188720703125,969.8682861328125,1103.0103759765625,1092.9931640625,801.3007202148438,492.7650146484375,605.4797973632812,787.06640625,689.375,270.39599609375,312.60113525390625,587.5237426757812,610.6275024414062,77.59111022949219,140.80213928222656,539.7263793945312,728.8165893554688
5.133334,308,244.39479064941406,187.10289001464844,338.51019287109375,380.4710693359375,499.2991943359375,364.4771423339844,536.7064208984375,568.0789184570312,421.4280090332031,211.7921600341797,335.8466796875,497.0667724609375,1105.0660400390625,1174.5594482421875,1266.8076171875,1211.6666259765625,544.0004272460938,574.8153076171875,796.0814819335938,905.2838134765625,297.9640197753906,304.87640380859375,523.55419921875,671.0466918945312,101.99153900146484,141.92202758789062,423.320068359375,776.6329956054688
5.150000,309,226.503662109375,259.0091552734375,432.4427490234375,373.4137268066406,491.1234130859375,497.03857421875,657.8450317382812,566.1776733398438,422.0629577636719,297.94580078125,368.1737365722656,439.45355224609375,862.7717895507812,1062.56298828125,1025.627197265625,756.401611328125,463.61236572265625,626.5498046875,742.9866943359375,669.3436279296875,277.30908203125,329.69403076171875,595.3884887695312,652.7742919921875,55.88356018066406,131.26596069335938,587.5862426757812,823.2221069335938
5.166667,310,245.707763671875,177.8850860595703,327.00885009765625,362.4317321777344,497.797119140625,351.2151184082031,525.254638671875,544.2423095703125,430.1515197753906,216.36610412597656,343.3480224609375,478.9877624511719,1149.311767578125,1270.2935791015625,1370.0980224609375,1211.501953125,545.7991333007812,590.2667846679688,813.0648193359375,859.7232055664062,295.3940124511719,329.9948425292969,536.802734375,623.5075073242188,103.34754180908203,166.51446533203125,423.22052001953125,717.4228515625
5.183334,311,249.92079162597656,246.22157287597656,412.5434265136719,372.0622253417969,506.4976806640625,457.9154052734375,613.2645874023438,539.1612548828125,448.15606689453125,309.4327697753906,381.0882568359375,440.8391418457031,977.7843017578125,1117.848876953125,1107.186279296875,799.54833984375,483.3249816894531,580.2117309570312,750.5381469726562,672.4061889648438,281.5533752441406,309.6357727050781,557.9747314453125,600.9196166992188,84.46880340576172,132.05001831054688,515.8639526367188,727.0248413085938
5.200000,312,226.88018798828125,165.5125274658203,321.6983337402344,360.8095703125,462.84356689453125,332.552490234375,515.60302734375,535.5747680664062,412.0680847167969,207.83335876464844,340.22418212890625,485.252197265625,1131.910400390625,1244.0823974609375,1367.3961181640625,1243.5909423828125,520.8543701171875,569.0050048828125,804.4024658203125,862.23388671875,272.62567138671875,318.4757385253906,542.5022583007812,616.6187744140625,85.06394958496094,125.74781799316406,409.5179443359375,719.8289794921875
5.216667,313,221.57789611816406,268.0956115722656,415.9462890625,345.3274841308594,482.9129333496094,487.43768310546875,622.4635620117188,538.730712890625,402.69671630859375,292.56011962890625,353.3697204589844,406.50567626953125,829.641845703125,1028.326416015625,988.1096801757812,731.4348754882812,447.9008483886719,609.9577026367188,717.4605102539062,652.77587890625,279.8919982910156,345.4793701171875,579.9723510742188,629.5459594726562,83.15985107421875,205.62551879882812,563.5067138671875,751.8113403320312
5.233334,314,242.67601013183594,197.14073181152344,351.5865173339844,368.51434326171875,508.9817810058594,381.7880859375,567.0511474609375,573.5005493164062,412.35186767578125,211.15097045898438,336.6082763671875,473.1204833984375,1049.2667236328125,1176.75146484375,1271.2884521484375,1143.6651611328125,515.1637573242188,561.2776489257812,777.6044921875,834.397705078125,249.499755859375,269.1505126953125,518.6455688476562,626.2656860351562,72.00990295410156,108.60893249511719,430.835205078125,730.082763671875
5.250000,315,222.19322204589844,246.3241729736328,394.2263488769531,361.3155517578125,461.38250732421875,433.841064453125,565.7594604492188,543.3248901367188,391.0303649902344,270.2995910644531,344.45745849609375,426.7045593261719,906.9244384765625,1119.3267822265625,1084.3721923828125,812.8378295898438,476.6353454589844,611.961669921875,726.8494873046875,666.8626708984375,248.30528259277344,258.4281005859375,499.6307373046875,581.8034057617188,40.9100227355957,73.81488037109375,494.5256042480469,719.6543579101562
5.266667,316,240.0902862548828,187.4986114501953,359.85736083984375,382.04034423828125,508.0289306640625,374.77496337890625,564.4953002929688,587.4019775390625,410.4398193359375,190.40280151367188,324.0300598144531,474.1435852050781,1074.8599853515625,1196.2166748046875,1304.2279052734375,1148.57373046875,497.0326843261719,523.7188720703125,750.7635498046875,815.0313720703125,246.89743041992188,268.10382080078125,533.0263671875,631.6543579101562,65.34114074707031,81.9783935546875,458.4275817871094,771.9470825195312
5.283334,317,220.83193969726562,266.05902099609375,427.1812744140625,356.2275390625,494.9087219238281,476.2536315917969,627.69580078125,579.3087158203125,403.2910461425781,283.80877685546875,349.588134765625,420.0955505371094,816.6926879882812,1027.8338623046875,985.7467651367188,724.7819213867188,449.2398376464844,613.2562255859375,715.2727661132812,663.2542114257812,297.0444641113281,355.9063415527344,594.7909545898438,649.7261352539062,82.32026672363281,199.3076171875,589.2826538085938,780.2408447265625
5.300000,318,239.88926696777344,187.9298553466797,335.9646301269531,362.0920104980469,496.9562072753906,366.5000305175781,534.2388305664062,551.440673828125,424.06927490234375,216.54852294921875,336.03546142578125,476.0311584472656,1120.3790283203125,1217.464111328125,1298.440185546875,1180.2130126953125,542.5414428710938,571.5642700195312,772.1749267578125,838.93603515625,273.35650634765625,285.4469909667969,509.837890625,614.4016723632812,78.35611724853516,80.50198364257812,391.8601379394531,714.29638671875
5.316667,319,221.59664916992188,282.19964599609375,447.5942077636719,352.50164794921875,492.830078125,502.0029296875,659.4120483398438,570.7799072265625,399.6475830078125,300.0418701171875,363.8094482421875,404.69244384765625,825.1976318359375,1079.4224853515625,1034.7640380859375,699.4518432617188,433.0476379394531,618.3908081054688,714.9954223632812,598.5318603515625,251.56346130371094,314.89605712890625,537.1511840820312,582.284912109375,42.37179183959961,142.76577758789062,531.52490234375,713.068603515625
5.333334,320,245.2254180908203,185.7373504638672,337.1731262207031,375.0252990722656,506.59503173828125,364.5501403808594,531.7552490234375,564.1715087890625,424.9033203125,210.1667022705078,331.55841064453125,485.6815185546875,1126.517578125,1212.2305908203125,1295.4476318359375,1206.1668701171875,537.5157470703125,567.7473754882812,766.7880249023438,854.792236328125,274.3949279785156,304.2987060546875,516.4773559570312,622.1588134765625,82.1352310180664,109.12999725341797,405.103759765625,738.0897216796875
5.350000,321,275.01556396484375,279.0998229980469,464.5110168457031,390.1197814941406,571.1431884765625,470.4064025878906,628.10205078125,596.2677001953125,460.5366516113281,268.7427062988281,354.89752197265625,436.55828857421875,984.9968872070312,1114.0477294921875,1092.2532958984375,785.83837890625,520.6832275390625,622.433837890625,762.0233764648438,668.277587890625,350.4688720703125,308.31158447265625,587.0628662109375,642.504638671875,119.96858215332031,132.0159149169922,597.7505493164062,803.0343627929688
5.366667,322,242.07675170898438,188.59120178222656,350.3701171875,391.0354919433594,508.01727294921875,364.0333251953125,557.3319091796875,606.8577880859375,406.0485534667969,195.61122131347656,327.9327392578125,497.284912109375,1031.9376220703125,1131.6806640625,1234.5927734375,1162.130615234375,515.75439453125,537.4694213867188,758.206298828125,869.7022094726562,253.94207763671875,242.24708557128906,490.6653137207031,638.9434814453125,72.1785659790039,78.6866226196289,422.4441223144531,761.8457641601562
5.383334,323,248.62371826171875,259.929931640625,438.76226806640625,372.8475646972656,537.5512084960938,477.26092529296875,618.0833740234375,591.1469116210938,421.12689208984375,250.8997039794922,339.7232666015625,423.8109436035156,955.7794799804688,1119.577880859375,1100.609375,811.2404174804688,491.73345947265625,594.4772338867188,725.0354614257812,656.1239624023438,294.7967529296875,249.92872619628906,519.3524780273438,606.9462890625,88.49940490722656,100.32691955566406,564.5505981445312,786.767333984375
5.400000,324,227.9666290283203,189.0266571044922,336.4767150878906,361.6782531738281,484.2828674316406,378.7216796875,537.6434326171875,552.3392333984375,398.0562744140625,204.07208251953125,317.4979248046875,457.5521240234375,1056.4388427734375,1219.005615234375,1287.3338623046875,1127.0040283203125,498.49102783203125,583.0888671875,768.4464721679688,810.3629760742188,252.764404296875,324.5885314941406,540.1158447265625,616.2958374023438,69.05231475830078,140.5041961669922,439.9276428222656,736.6544189453125
5.416667,325,228.1862030029297,242.9475860595703,402.768310546875,352.6091613769531,469.4481201171875,439.2067565917969,592.383056640625,519.2550659179688,414.1020202636719,303.5841064453125,373.6748352050781,420.15643310546875,929.8328247070312,1086.2401123046875,1072.642333984375,774.9352416992188,443.38873291015625,567.34619140625,728.1848754882812,637.9095458984375,236.75326538085938,332.94195556640625,582.8983764648438,571.2631225585938,51.54837417602539,137.9532470703125,517.8535766601562,686.09521484375
5.433334,326,236.89108276367188,174.73199462890625,328.50079345703125,368.31402587890625,482.10382080078125,345.8675231933594,521.189208984375,545.0568237304688,415.8282470703125,207.66598510742188,337.27142333984375,485.34075927734375,1142.2166748046875,1221.8619384765625,1329.887451171875,1243.02490234375,525.7373657226562,563.475830078125,785.1504516601562,859.2138671875,258.6922912597656,313.3684387207031,535.3129272460938,607.020751953125,64.37720489501953,97.9780502319336,399.8966064453125,714.588623046875
5.450000,327,203.18934631347656,270.2030029296875,427.8074645996094,354.6322937011719,441.96356201171875,472.1908264160156,615.3690795898438,537.9991455078125,372.8204650878906,287.9848937988281,349.8299865722656,407.28387451171875,777.6102905273438,1016.7174682617188,977.0630493164062,708.7954711914062,407.0484924316406,592.5965576171875,687.377685546875,622.434814453125,221.6479034423828,331.03668212890625,572.5018920898438,610.48046875,14.241158485412598,145.22340393066406,565.64111328125,759.0010375976562
5.466667,328,231.16456604003906,174.26271057128906,322.3827819824219,373.3394470214844,470.6200866699219,339.37969970703125,510.85443115234375,554.2018432617188,409.45001220703125,210.17152404785156,337.6335754394531,497.68896484375,1137.6136474609375,1231.758544921875,1327.9940185546875,1261.0997314453125,535.6614379882812,592.6213989257812,800.4500732421875,890.4598388671875,257.6388244628906,327.6831970214844,533.5800170898438,616.612060546875,50.8345832824707,86.24071502685547,378.8795166015625,721.1328125
5.483334,329,204.6961669921875,218.33094787597656,387.2088317871094,353.718994140625,449.78192138671875,438.1695251464844,612.4546508789062,541.3445434570312,396.53863525390625,285.4507141113281,368.3733215332031,433.8669738769531,872.9423828125,1007.4976806640625,1032.2828369140625,798.0535278320312,402.22247314453125,522.91748046875,723.237060546875,673.533447265625,215.23040771484375,335.175537109375,626.240234375,614.8271484375,42.17398452758789,144.17498779296875,557.4078979492188,741.590087890625
5.500000,330,233.92738342285156,173.03770446777344,321.6552734375,369.5234680175781,477.6940002441406,343.81512451171875,510.8692321777344,546.736572265625,418.5812072753906,213.61280822753906,337.9534912109375,493.0494689941406,1168.0150146484375,1271.9542236328125,1369.7294921875,1268.0550537109375,534.3629760742188,592.7215576171875,799.157470703125,873.1959838867188,268.416259765625,342.9789733886719,533.251220703125,603.17919921875,70.89421844482422,114.96522521972656,372.90655517578125,706.5263061523438
5.516667,331,209.35366821289062,255.80599975585938,415.7326354980469,362.8622131347656,467.4866027832031,469.5176696777344,619.5457763671875,570.5159912109375,382.3717956542969,277.6088562011719,342.83746337890625,419.2321472167969,786.9487915039062,1032.567138671875,995.6652221679688,729.3759765625,412.2421569824219,587.5016479492188,681.801025390625,640.9273071289062,235.4355010986328,321.3260498046875,551.2159423828125,617.33935546875,24.515625,124.61519622802734,531.5653076171875,762.0835571289062
5.533334,332,234.5408172607422,175.048583984375,321.663818359375,364.6895446777344,480.6611328125,346.6390380859375,509.08624267578125,542.490478515625,416.04107666015625,210.31092834472656,330.8783264160156,482.6913757324219,1142.4619140625,1244.6331787109375,1336.6878662109375,1233.0784912109375,529.8818969726562,582.9892578125,783.802490234375,857.2175903320312,275.2735900878906,343.3028564453125,528.6101684570312,602.1126708984375,83.07189178466797,134.96946716308594,377.81640625,703.078125
5.550000,333,198.1898651123047,251.9501953125,409.168701171875,361.4722595214844,454.1824645996094,463.04559326171875,604.447021484375,567.0161743164062,367.6711730957031,264.1240539550781,325.9230651855469,411.8543701171875,763.8423461914062,1021.5007934570312,969.923828125,722.6532592773438,398.605712890625,609.3550415039062,674.5645141601562,641.0286865234375,255.0363006591797,401.4077453613281,618.2211303710938,646.3574829101562,44.05510711669922,216.04489135742188,602.9920654296875,811.4218139648438
5.566667,334,241.66665649414062,187.37449645996094,344.3455810546875,375.5945129394531,495.66900634765625,361.5458984375,542.5859985351562,563.16357421875,417.4895935058594,204.05091857910156,335.62225341796875,487.67156982421875,1135.6453857421875,1233.216796875,1349.9415283203125,1246.3538818359375,519.5413818359375,564.0390625,797.074462890625,869.5540771484375,264.7972412109375,311.9853820800781,537.4668579101562,623.9610595703125,76.71279907226562,124.78624725341797,419.29754638671875,733.315185546875
5.583334,335,234.1820068359375,242.69427490234375,408.1402893066406,358.1519470214844,475.40911865234375,435.8277587890625,602.4210205078125,525.4678955078125,422.50750732421875,302.9908142089844,381.3829650878906,428.30462646484375,940.302734375,1080.8382568359375,1083.1983642578125,786.02099609375,450.76287841796875,556.8692626953125,739.947021484375,650.3284912109375,234.38290405273438,316.9875793457031,585.6444091796875,572.2514038085938,48.00720977783203,112.88788604736328,509.9245910644531,676.7761840820312
5.600000,336,234.57913208007812,174.46371459960938,335.23052978515625,383.14080810546875,482.1267395019531,348.4518127441406,540.649169921875,572.97216796875,411.59912109375,200.92910766601562,338.7328796386719,506.5807800292969,1128.8721923828125,1208.86376953125,1340.7818603515625,1281.30712890625,520.9173583984375,562.1060180664062,807.7108154296875,906.8862915039062,268.2081604003906,320.8913269042969,546.3612670898438,639.440185546875,73.94042205810547,114.62761688232422,407.4024658203125,746.0457763671875
5.616667,337,212.43545532226562,231.50851440429688,402.0071105957031,358.3977966308594,458.48272705078125,448.7507629394531,619.679443359375,540.76806640625,404.14337158203125,286.810791015625,367.6246337890625,431.30169677734375,876.1527099609375,1065.5064697265625,1051.5908203125,777.6425170898438,448.393798828125,601.6909790039062,756.3357543945312,679.3447265625,251.3667755126953,330.96429443359375,629.8663940429688,647.9699096679688,47.99797821044922,125.25184631347656,587.5530395507812,795.5523071289062
5.633334,338,231.52072143554688,175.2707061767578,329.3104553222656,359.08392333984375,462.2735900878906,335.4281921386719,508.5269775390625,523.2033081054688,408.0882873535156,206.9297637939453,335.8830261230469,472.39862060546875,1154.9776611328125,1298.4697265625,1406.3216552734375,1236.5487060546875,531.138427734375,613.0614013671875,833.486328125,856.7762451171875,275.74652099609375,357.18157958984375,559.5740966796875,599.5270385742188,69.66024017333984,137.0511474609375,415.2711486816406,704.4409790039062
5.650000,339,241.51747131347656,252.57049560546875,423.1968688964844,367.4501037597656,496.2030334472656,461.914794921875,622.7073974609375,543.344482421875,429.2586669921875,305.8047790527344,377.9581298828125,431.733154296875,918.2883911132812,1058.9678955078125,1048.5887451171875,753.2841796875,447.6506652832031,563.5886840820312,724.501220703125,631.3115234375,250.66505432128906,310.9893798828125,554.8029174804688,569.4674072265625,57.20708465576172,121.39594268798828,509.1482238769531,693.2374267578125
5.666667,340,243.1499481201172,177.24835205078125,322.5933837890625,368.7280578613281,491.8268737792969,342.0750427246094,511.718505859375,551.9209594726562,426.1322937011719,211.83628845214844,337.009521484375,488.0958251953125,1152.093994140625,1239.21142578125,1341.3123779296875,1237.7178955078125,537.7279663085938,560.6597290039062,773.0533447265625,856.267822265625,267.6949462890625,302.576904296875,504.5212097167969,597.3516235351562,77.40909576416016,96.75533294677734,365.62652587890625,693.602783203125
5.683334,341,206.02227783203125,234.53611755371094,393.13262939453125,369.8819885253906,443.5062255859375,435.06591796875,569.4197998046875,553.015380859375,374.2966003417969,259.5635681152344,329.3437194824219,435.9159240722656,838.3380126953125,1022.6094360351562,988.8226928710938,788.0469360351562,435.2941589355469,579.8087158203125,681.923095703125,672.3875122070312,251.896484375,301.5365905761719,523.4883422851562,611.1190795898438,46.48992919921875,116.43387603759766,522.5689086914062,779.5853881835938
5.700000,342,239.24053955078125,169.61558532714844,326.70245361328125,380.03106689453125,491.25103759765625,339.8097229003906,518.2428588867188,565.3392333984375,417.0232238769531,196.88645935058594,328.14691162109375,496.8196716308594,1136.5430908203125,1197.4873046875,1312.7313232421875,1252.4093017578125,521.2416381835938,546.6563110351562,773.3277587890625,878.179931640625,281.8638610839844,323.3842468261719,534.862548828125,628.1207885742188,98.48822784423828,140.35133361816406,412.5259704589844,744.4889526367188
5.716667,343,238.22862243652344,246.32676696777344,412.03021240234375,369.3850402832031,491.3913269042969,443.54864501953125,603.2881469726562,548.2850341796875,422.8502197265625,288.0462646484375,365.8753967285156,436.87835693359375,920.1445922851562,1065.1973876953125,1060.1611328125,791.7387084960938,452.13653564453125,574.6475830078125,734.9334106445312,665.1551513671875,255.85089111328125,320.1833801269531,574.5767211914062,602.942626953125,56.58669662475586,128.9700469970703,529.9368286132812,732.7279052734375
5.733334,344,234.2845001220703,171.86399841308594,317.8487243652344,374.736328125,477.45318603515625,334.3554382324219,499.3994140625,556.1593017578125,414.89605712890625,207.80062866210938,331.7080383300781,498.7509460449219,1135.94287109375,1213.22998046875,1307.09375,1253.380126953125,536.2142333984375,575.3021240234375,776.362060546875,885.00244140625,272.2867736816406,340.4634094238281,536.9564819335938,621.4017944335938,73.41910552978516,118.94241333007812,388.58599853515625,728.2373657226562
5.750000,345,186.27597045898438,244.33030700683594,412.2060852050781,376.13214111328125,434.9189453125,479.8309631347656,632.2772216796875,569.9353637695312,369.3865051269531,272.5739440917969,343.160400390625,439.2973327636719,786.2822875976562,1019.1613159179688,987.101806640625,786.5147705078125,400.2001953125,612.6909790039062,721.0164184570312,693.7696533203125,225.3201141357422,366.63739013671875,635.8126831054688,677.58154296875,10.154922485351562,160.05213928222656,620.3412475585938,866.3209228515625
5.766667,346,236.1381072998047,176.3421630859375,315.57379150390625,359.6269226074219,484.6435852050781,342.0528869628906,486.2375793457031,533.7427978515625,417.5409240722656,202.8295135498047,314.739501953125,471.17608642578125,1152.9423828125,1247.914794921875,1325.7447509765625,1219.0306396484375,525.8786010742188,559.664306640625,742.8073120117188,835.6982421875,283.7981262207031,325.4425354003906,504.3989562988281,606.5582275390625,91.53620910644531,145.4873046875,395.39007568359375,717.5429077148438
5.783334,347,235.2982940673828,260.2781066894531,429.33856201171875,370.12335205078125,500.8843994140625,472.8575439453125,622.8758544921875,557.3336791992188,421.7825927734375,289.8138122558594,358.9712219238281,428.99786376953125,897.139892578125,1045.4324951171875,1019.7889404296875,758.7814331054688,438.5309753417969,584.5946655273438,713.9197387695312,637.4124755859375,268.86602783203125,380.1999206542969,614.06005859375,602.3460083007812,63.222232818603516,181.50579833984375,569.4025268554688,745.6366577148438
5.800000,348,238.5351104736328,174.98439025878906,315.2337951660156,366.9297790527344,480.760009765625,331.6322937011719,493.14501953125,543.4405517578125,418.79473876953125,208.46563720703125,330.07147216796875,482.3021545410156,1151.06201171875,1249.635498046875,1342.777587890625,1231.7376708984375,528.5571899414062,556.1753540039062,761.3056640625,848.9193115234375,255.14710998535156,293.91339111328125,492.0758056640625,597.3671264648438,64.87553405761719,81.43328094482422,356.1106262207031,695.3038330078125
5.816667,349,227.6095428466797,270.2032165527344,417.7972412109375,380.59710693359375,466.16632080078125,466.69415283203125,578.0232543945312,548.5172119140625,396.85687255859375,292.05584716796875,346.7840881347656,437.7254333496094,898.285888671875,1108.2296142578125,1035.574951171875,793.5653076171875,470.373291015625,615.7695922851562,679.0425415039062,644.22314453125,240.27313232421875,261.21038818359375,436.62982177734375,557.9617919921875,20.001543045043945,71.76521301269531,456.6646728515625,722.0479736328125
5.833334,350,232.65682983398438,174.97023010253906,319.8699645996094,362.964599609375,475.314697265625,338.9010009765625,488.394775390625,536.720458984375,412.2862548828125,206.39862060546875,319.2073974609375,479.2921142578125,1139.1981201171875,1237.0025634765625,1306.8995361328125,1216.6536865234375,536.6458740234375,584.3572998046875,753.916748046875,844.1600952148438,286.9175720214844,334.1689147949219,503.8354187011719,598.957275390625,89.61063385009766,136.927490234375,382.27105712890625,712.2540893554688
5.850000,351,256.89544677734375,265.0740661621094,429.3169860839844,385.873291015625,529.2992553710938,456.4018859863281,596.7717895507812,575.1451416015625,438.5933532714844,299.3968505859375,363.50958251953125,438.0704040527344,965.8792724609375,1159.2958984375,1113.59814453125,794.7709350585938,461.11895751953125,595.4470825195312,699.779541015625,625.7202758789062,257.7839050292969,300.0740661621094,488.8133850097656,556.2968139648438,43.64241409301758,97.5576171875,466.4725036621094,691.7646484375
5.866667,352,235.35903930664062,173.0192413330078,312.0548400878906,383.2715759277344,479.4415588378906,331.1193542480469,489.1002502441406,569.5384521484375,404.9612731933594,200.38136291503906,319.947021484375,499.8108215332031,1098.675048828125,1190.14208984375,1271.449951171875,1236.5218505859375,524.5972900390625,560.1021728515625,739.763916015625,878.1589965820312,246.62118530273438,300.3221130371094,491.41156005859375,617.0642700195312,46.74556350708008,68.63758087158203,358.77508544921875,732.09765625
5.883334,353,235.1597900390625,250.72918701171875,396.8353271484375,384.76739501953125,501.406494140625,449.7955322265625,555.6394653320312,578.64111328125,420.4212951660156,272.2987976074219,334.43170166015625,453.0914001464844,969.4564819335938,1101.59814453125,1026.1927490234375,844.6605834960938,500.6302795410156,600.3951416015625,674.6040649414062,682.5380859375,263.77099609375,280.13690185546875,492.6866455078125,596.02734375,43.34897994995117,69.89783477783203,493.8623352050781,768.6913452148438
5.900000,354,254.45559692382812,181.80999755859375,341.4559326171875,410.1752014160156,523.21923828125,350.52288818359375,522.7935180664062,613.1430053710938,419.7906799316406,184.01556396484375,312.33251953125,513.6567993164062,1103.880126953125,1167.90185546875,1263.58935546875,1236.3590087890625,519.98095703125,523.6881103515625,723.5455932617188,888.99169921875,267.742919921875,288.5687255859375,489.7191467285156,642.518798828125,82.61181640625,101.67189025878906,396.3871765136719,784.0274047851562
5.916667,355,249.79049682617188,303.51934814453125,476.2349853515625,394.62542724609375,539.2454223632812,511.2189636230469,637.2433471679688,605.74951171875,425.2106628417969,264.43585205078125,331.5574645996094,433.3342590332031,874.0087890625,1065.944580078125,987.4815063476562,735.5359497070312,503.0475158691406,670.114013671875,725.87548828125,673.151611328125,353.1404724121094,348.01971435546875,560.8209838867188,667.839111328125,111.81575775146484,213.04466247558594,631.0154418945312,865.1720581054688
5.933334,356,239.0294647216797,185.0093994140625,316.9399719238281,360.0534973144531,494.9097595214844,345.7767639160156,477.256103515625,542.8995361328125,418.3196716308594,208.38528442382812,306.3672790527344,468.6698303222656,1117.91845703125,1240.5870361328125,1271.69677734375,1155.095458984375,557.9656372070312,591.7446899414062,713.4766235351562,810.2764282226562,300.029541015625,295.88409423828125,462.0033874511719,590.648681640625,89.15330505371094,87.4393539428711,362.74090576171875,700.116943359375
5.950000,357,253.74710083007812,284.0600280761719,452.85015869140625,395.0899658203125,536.7725830078125,484.1091613769531,610.0142211914062,610.0418090820312,413.7466125488281,247.7041473388672,325.6908264160156,435.40020751953125,950.1644287109375,1119.142822265625,1074.8240966796875,838.4711303710938,476.8746032714844,584.8706665039062,661.411865234375,642.3707885742188,256.7993469238281,204.81968688964844,410.99261474609375,571.5130615234375,41.11520767211914,42.90855407714844,480.1263732910156,762.4903564453125
5.966667,358,255.89865112304688,173.6585693359375,318.91217041015625,371.3629455566406,501.8429260253906,323.61224365234375,470.73480224609375,541.7488403320312,424.9313049316406,199.33924865722656,312.2288513183594,472.52850341796875,1122.987548828125,1232.052734375,1296.822265625,1161.474365234375,545.0487060546875,586.242919921875,746.0534057617188,824.9556274414062,297.546142578125,310.33856201171875,474.50897216796875,591.459716796875,91.0425796508789,96.51024627685547,367.7015686035156,717.1245727539062
5.983334,359,237.2833251953125,289.77569580078125,454.3087463378906,381.2145080566406,504.0184020996094,514.9176635742188,648.794921875,563.8253173828125,426.0284118652344,311.05670166015625,364.2142333984375,431.2900390625,883.686279296875,1080.2396240234375,1005.0132446289062,729.6136474609375,456.1677551269531,610.7679443359375,681.9501342773438,616.4065551757812,246.1074676513672,307.89276123046875,520.16064453125,593.4927978515625,24.480960845947266,119.6493148803711,537.8441162109375,763.1929931640625
6.000000,360,236.58677673339844,182.2499237060547,311.309814453125,361.7828674316406,485.83660888671875,347.20318603515625,454.55267333984375,531.8721923828125,419.277587890625,208.22178649902344,297.9718017578125,473.63348388671875,1168.3592529296875,1255.1845703125,1274.0263671875,1217.6966552734375,544.5498657226562,593.4573364257812,693.860595703125,823.2796630859375,292.1448059082031,352.35858154296875,463.2629699707031,579.90185546875,86.0137939453125,143.57960510253906,342.0107421875,706.3167724609375
6.016667,361,240.855224609375,238.340576171875,409.90911865234375,383.91436767578125,493.2747802734375,418.8828430175781,572.2177124023438,552.0637817382812,414.9384460449219,252.96029663085938,341.413818359375,440.3213806152344,937.7548217773438,1071.5455322265625,1090.3115234375,848.51220703125,443.75537109375,548.3497314453125,718.590576171875,696.9074096679688,255.46163940429688,311.9798278808594,569.2582397460938,625.7601318359375,59.2472038269043,108.73702239990234,519.927734375,771.2884521484375
6.033334,362,242.11842346191406,182.44044494628906,317.61785888671875,373.546875,498.400146484375,342.5605773925781,478.3553771972656,564.9529418945312,418.45379638671875,203.22251892089844,306.213134765625,493.9952087402344,1114.7589111328125,1183.89501953125,1245.73828125,1225.330078125,539.9050903320312,559.8973999023438,702.6050415039062,858.5631103515625,299.4079284667969,314.4047546386719,452.1831359863281,597.8267211914062,104.20648956298828,132.536865234375,330.3195495605469,698.909423828125
6.050000,363,202.91915893554688,224.54010009765625,375.3204650878906,366.49072265625,435.4867248535156,423.3947448730469,537.3528442382812,528.2327270507812,377.0785217285156,240.65921020507812,312.2608947753906,429.6748962402344,892.9474487304688,1043.979248046875,1007.9286499023438,848.0120849609375,440.7923278808594,580.104736328125,676.48486328125,694.32568359375,245.01943969726562,326.3494873046875,579.2365112304688,652.020263671875,35.28193664550781,117.13662719726562,566.4258422851562,850.318603515625
6.066667,364,242.64816284179688,179.97476196289062,312.49920654296875,365.3497619628906,495.5100402832031,345.43896484375,464.4164123535156,536.2738647460938,424.04901123046875,201.38214111328125,300.2950744628906,475.508056640625,1187.1759033203125,1247.467529296875,1295.49169921875,1242.71142578125,537.9003295898438,556.5294189453125,692.9475708007812,829.079345703125,292.0949401855469,345.13671875,471.81494140625,581.6366577148438,98.66107177734375,149.39083862304688,341.73101806640625,697.7833862304688
6.083334,365,235.0911865234375,247.43505859375,403.34295654296875,376.09918212890625,485.4567565917969,433.5390625,562.84326171875,543.788818359375,409.2449951171875,264.6978454589844,332.6287841796875,428.6888732910156,918.9440307617188,1081.2391357421875,1046.5289306640625,801.7159423828125,445.8711242675781,582.7758178710938,690.603515625,656.364501953125,258.76959228515625,337.6090393066406,545.6083984375,606.8311157226562,57.07160186767578,145.1697998046875,513.194580078125,766.3984375
6.100000,366,244.67726135253906,192.99661254882812,326.01348876953125,369.41192626953125,497.2726135253906,353.27154541015625,479.7730407714844,548.7027587890625,424.08453369140625,213.40072631835938,312.8842468261719,488.9429016113281,1153.340576171875,1220.4017333984375,1265.3187255859375,1235.9586181640625,563.064208984375,596.0692138671875,725.5645751953125,857.5433349609375,306.95123291015625,337.8090515136719,480.1092529296875,598.1297607421875,93.56747436523438,125.08648681640625,345.896728515625,699.4555053710938
6.116667,367,212.1773223876953,266.00006103515625,425.41815185546875,378.50238037109375,469.6092834472656,484.77911376953125,614.870849609375,568.3238525390625,392.56231689453125,277.41094970703125,333.82159423828125,430.58001708984375,826.0804443359375,1039.8521728515625,973.6098022460938,753.5294189453125,428.530517578125,614.403564453125,678.407958984375,654.6295166015625,255.19146728515625,352.8540954589844,567.5614013671875,650.031494140625,34.09016799926758,154.95762634277344,572.0090942382812,839.6978759765625
6.133334,368,227.8006591796875,179.25357055664062,324.51165771484375,361.7695007324219,470.16162109375,341.7421569824219,482.3512268066406,534.0447998046875,400.8664855957031,196.07846069335938,301.8340759277344,475.11279296875,1112.177978515625,1197.7265625,1269.1944580078125,1214.2730712890625,524.78173828125,577.2063598632812,732.739990234375,845.5859375,305.6086120605469,343.44378662109375,498.0429382324219,606.6898803710938,101.67312622070312,158.62109375,389.97760009765625,725.2711181640625
6.150000,369,231.052734375,243.47720336914062,397.7327880859375,382.3671875,495.06622314453125,447.5050964355469,570.12255859375,564.0191040039062,414.1182861328125,281.90521240234375,339.19793701171875,439.6760559082031,910.6678466796875,1109.5574951171875,1049.2474365234375,794.7437133789062,446.49237060546875,591.1739501953125,674.6976928710938,661.3309326171875,243.3085479736328,330.8096008300781,524.110595703125,601.0238647460938,34.08555221557617,120.87796020507812,492.35223388671875,761.4373779296875
6.166667,370,228.24191284179688,191.72068786621094,325.06756591796875,359.00933837890625,481.5201110839844,362.57354736328125,485.80133056640625,541.794677734375,408.7001037597656,207.87303161621094,303.51116943359375,466.5945129394531,1129.3277587890625,1247.438232421875,1283.0523681640625,1198.8616943359375,525.8865356445312,586.1904907226562,712.1430053710938,818.0578002929688,273.805908203125,335.3514099121094,487.60870361328125,596.612548828125,70.06603240966797,130.90818786621094,369.6825256347656,708.7587280273438
6.183334,371,232.89158630371094,244.12982177734375,409.90289306640625,384.92926025390625,503.9693908691406,436.99237060546875,576.239013671875,578.027587890625,412.2814636230469,262.6690368652344,336.0008239746094,437.5486145019531,936.8321533203125,1136.78662109375,1105.252685546875,832.148193359375,439.53350830078125,590.6751708984375,703.7503662109375,668.8890991210938,254.97677612304688,344.4394836425781,573.4059448242188,617.505615234375,46.38239288330078,134.3433380126953,537.1912231445312,773.753173828125
6.200000,372,245.765625,191.1072235107422,326.212646484375,363.7529602050781,508.4808349609375,361.7696533203125,506.03924560546875,550.8573608398438,423.236083984375,208.21054077148438,317.5264587402344,469.45611572265625,1121.4271240234375,1197.1331787109375,1255.2987060546875,1171.775634765625,541.3021240234375,546.8655395507812,712.5888061523438,817.2825927734375,263.3525085449219,284.1660461425781,481.92498779296875,592.3388671875,72.23976135253906,86.88004302978516,367.9144287109375,692.6035766601562
6.216667,373,213.78268432617188,220.1529083251953,370.3240661621094,356.8760681152344,445.6866149902344,414.7066650390625,536.4208374023438,511.9526672363281,391.7862854003906,260.1932678222656,332.4927673339844,421.19427490234375,933.635498046875,1099.7938232421875,1053.7935791015625,825.901611328125,465.52178955078125,598.1692504882812,702.559814453125,669.80126953125,241.54563903808594,307.7122802734375,566.8496704101562,610.587890625,33.70463943481445,86.58211517333984,534.9801025390625,779.0867919921875
6.233334,374,241.73995971679688,178.8721466064453,331.6487121582031,372.93408203125,489.270751953125,345.1877136230469,508.4373474121094,547.5126342773438,416.58587646484375,198.2320556640625,323.0293273925781,476.22930908203125,1149.3497314453125,1258.45458984375,1356.86376953125,1223.2587890625,509.50311279296875,558.4026489257812,764.1361083984375,826.2854614257812,254.9481201171875,338.7591857910156,533.6282958984375,585.2021484375,64.39498901367188,122.8489761352539,399.2127990722656,702.9716186523438
6.250000,375,232.13511657714844,239.52334594726562,392.2529296875,365.63604736328125,494.489013671875,454.6600646972656,589.33984375,548.0294799804688,419.2239685058594,292.5747375488281,357.61151123046875,432.0834045410156,931.5398559570312,1105.73291015625,1065.6551513671875,804.2622680664062,448.2908020019531,577.6729125976562,703.93212890625,661.5606079101562,226.9075164794922,311.9388427734375,548.6570434570312,591.822998046875,33.126708984375,111.29845428466797,498.0613708496094,723.1421508789062
6.266667,376,232.85910034179688,168.08041381835938,303.2760314941406,349.5873718261719,467.8543395996094,318.5137023925781,456.5093994140625,509.760009765625,415.4167785644531,208.3363494873047,315.9278259277344,460.4563903808594,1144.593505859375,1281.1275634765625,1340.46435546875,1182.3336181640625,528.7482299804688,588.845703125,746.0347900390625,801.3380126953125,277.9420166015625,338.7275390625,505.6088562011719,577.553955078125,81.99319458007812,136.52406311035156,383.4481506347656,686.3167114257812
6.283334,377,248.3983154296875,242.76638793945312,398.8240051269531,368.46441650390625,507.1092224121094,436.406982421875,567.3455810546875,532.283447265625,424.3647155761719,278.81768798828125,348.8943786621094,421.9878845214844,963.713134765625,1123.7708740234375,1097.4171142578125,812.7206420898438,459.85504150390625,566.7975463867188,698.0635375976562,650.6707153320312,240.5416717529297,296.9557800292969,526.5401611328125,571.2698364257812,44.203636169433594,92.46906280517578,476.5744934082031,700.0660400390625
6.300000,378,238.6865234375,163.46896362304688,300.03057861328125,368.43585205078125,485.0935363769531,314.5638732910156,465.1301574707031,547.8976440429688,415.5938720703125,195.53042602539062,311.3052673339844,481.5117492675781,1105.2099609375,1164.0677490234375,1247.03271484375,1199.6817626953125,518.2958374023438,513.5902099609375,694.7664184570312,832.5557250976562,270.85235595703125,277.9323425292969,473.83233642578125,607.8700561523438,86.949951171875,112.11134338378906,386.72174072265625,721.6822509765625
6.316667,379,231.08082580566406,254.96507263183594,407.12646484375,374.1013488769531,488.73187255859375,480.43206787109375,603.5574951171875,548.1614990234375,416.55426025390625,288.0107116699219,348.3857116699219,430.1230163574219,947.1670532226562,1129.6090087890625,1070.203369140625,815.1527709960938,477.6069641113281,597.8434448242188,682.906005859375,637.173828125,242.57810974121094,272.4175720214844,497.04156494140625,579.5553588867188,19.35807228088379,45.85519027709961,490.0997314453125,750.2349243164062
6.333334,380,234.31724548339844,176.0982666015625,317.6706848144531,365.5279541015625,487.3656005859375,346.57080078125,494.0379333496094,549.6552124023438,411.1410217285156,199.75924682617188,309.52447509765625,473.4227600097656,1104.3533935546875,1186.1405029296875,1258.7884521484375,1191.301025390625,508.4340515136719,533.36474609375,702.873291015625,821.8920288085938,277.3529357910156,301.860595703125,473.004638671875,602.6329956054688,89.47167205810547,146.4351806640625,395.7655944824219,724.5415649414062
6.350000,381,251.36505126953125,255.6022186279297,417.17755126953125,382.61627197265625,512.9843139648438,449.5501708984375,592.9453735351562,557.4767456054688,432.4631652832031,290.555419921875,360.4385070800781,438.657470703125,954.0630493164062,1139.827880859375,1112.3468017578125,816.3849487304688,463.6448669433594,593.775390625,719.706787109375,659.5850830078125,258.4103698730469,307.851806640625,526.0333862304688,588.1590576171875,50.02067565917969,104.60099792480469,489.1134948730469,724.234619140625
6.366667,382,232.40771484375,178.23028564453125,315.9653625488281,359.8418884277344,485.51800537109375,344.932861328125,477.4935302734375,541.8208618164062,414.9322204589844,206.30393981933594,306.31756591796875,470.1390686035156,1120.8353271484375,1212.007080078125,1255.1871337890625,1183.6292724609375,526.5223999023438,559.3639526367188,690.586181640625,810.8012084960938,279.43701171875,294.33233642578125,456.9630432128906,595.9901123046875,81.57438659667969,106.51084899902344,363.9049377441406,714.2600708007812
6.383334,383,261.7992248535156,242.65011596679688,396.5033874511719,385.7210693359375,547.3392333984375,433.95709228515625,566.8317260742188,583.6808471679688,441.88330078125,268.07135009765625,339.49383544921875,439.6231994628906,987.1484375,1166.91748046875,1130.50732421875,849.1878662109375,480.6065673828125,573.5672607421875,682.7513427734375,674.095947265625,264.6666259765625,285.3594055175781,495.68060302734375,588.3723754882812,51.95629119873047,68.0115966796875,450.32611083984375,715.6026611328125
6.400000,384,237.2113494873047,167.32217407226562,307.2164306640625,374.4838562011719,487.3821716308594,321.3574523925781,477.82757568359375,563.8317260742188,410.22491455078125,191.91763305664062,309.6614685058594,486.2587890625,1083.9237060546875,1152.50048828125,1239.9422607421875,1201.121826171875,511.28271484375,507.9442443847656,690.2687377929688,843.4203491210938,264.739501953125,259.290283203125,463.0520935058594,625.2431640625,82.11345672607422,94.7650375366211,385.128662109375,742.78466796875
6.416667,385,227.0149688720703,284.2926330566406,427.53857421875,366.5758056640625,474.07281494140625,493.3974304199219,597.11181640625,538.7378540039062,404.4527587890625,295.3516845703125,340.318603515625,415.51153564453125,899.4630737304688,1111.6654052734375,1018.2080688476562,763.8782348632812,469.278076171875,622.4744262695312,650.72265625,602.6689453125,255.28475952148438,303.280029296875,475.54913330078125,574.4927368164062,25.909639358520508,107.47482299804688,501.08575439453125,748.1997680664062
6.433334,386,234.6357421875,174.2499542236328,317.1646423339844,363.5747985839844,487.17852783203125,345.0266418457031,479.9590759277344,541.0120849609375,415.3432922363281,203.93023681640625,306.11322021484375,471.5941467285156,1114.09228515625,1188.7841796875,1237.890625,1175.978271484375,517.2404174804688,544.7495727539062,686.700927734375,807.3101806640625,284.04168701171875,312.6684875488281,464.7484130859375,588.9689331054688,98.02751922607422,152.3782958984375,382.47869873046875,719.6004638671875
6.450000,387,265.7331237792969,254.3421630859375,405.0395202636719,372.78314208984375,523.6297607421875,433.0972595214844,567.5355834960938,531.2845458984375,440.4064025878906,285.9247131347656,359.8253479003906,422.89111328125,987.9402465820312,1151.0872802734375,1132.3394775390625,813.0910034179688,482.68890380859375,587.338134765625,735.758056640625,657.7085571289062,256.47528076171875,295.6484375,535.38818359375,577.018798828125,57.833255767822266,104.09998321533203,493.197998046875,698.4112548828125
6.466667,388,229.81597900390625,159.9926300048828,298.3634948730469,366.2979431152344,467.39483642578125,306.23626708984375,463.3289489746094,544.077392578125,409.2569580078125,198.73956298828125,315.66534423828125,490.2659912109375,1087.9521484375,1157.18115234375,1242.97412109375,1204.163330078125,530.8685302734375,534.9671020507812,717.1484985351562,859.5457763671875,289.12335205078125,271.4004211425781,470.25750732421875,627.7753295898438,97.76393127441406,105.25233459472656,385.2371520996094,738.4051513671875
6.483334,389,247.41758728027344,285.1121826171875,424.6627502441406,376.1461181640625,510.7377014160156,480.9107971191406,570.6693725585938,558.8555297851562,422.22100830078125,278.73291015625,334.36102294921875,430.29791259765625,958.7241821289062,1136.8955078125,1040.7779541015625,799.9534912109375,522.6317138671875,652.9979858398438,698.73681640625,649.6976928710938,282.0356750488281,283.3908996582031,480.13409423828125,582.56103515625,58.071685791015625,99.01715850830078,504.7212829589844,753.7286376953125
6.500000,390,258.82293701171875,183.77554321289062,341.3437194824219,402.16107177734375,531.713134765625,357.76251220703125,512.547119140625,601.897705078125,421.0710754394531,188.569580078125,303.0484924316406,483.0500793457031,1094.4083251953125,1181.130615234375,1230.6409912109375,1140.0487060546875,509.54376220703125,501.5094909667969,655.1682739257812,801.103271484375,234.0079803466797,208.8416290283203,401.3991394042969,595.4227905273438,51.56594467163086,22.706836700439453,358.3635559082031,758.2857666015625
6.516667,391,295.07855224609375,271.571533203125,442.7770690917969,403.630126953125,600.012451171875,457.683349609375,588.97802734375,599.2020263671875,483.7879943847656,264.14117431640625,342.5424499511719,448.76666259765625,1047.7630615234375,1157.373779296875,1103.4932861328125,824.852783203125,568.6920776367188,622.7597045898438,725.3916625976562,691.8487548828125,350.5856018066406,276.3319091796875,532.3306884765625,633.9024047851562,103.60104370117188,71.13512420654297,544.2265014648438,801.8438720703125
6.533334,392,244.40573120117188,181.1131134033203,328.92376708984375,392.60797119140625,507.0086364746094,341.84552001953125,504.9326171875,596.8184204101562,411.3250427246094,191.6851043701172,311.6391906738281,495.49591064453125,1059.1954345703125,1159.3052978515625,1232.7403564453125,1172.21826171875,523.2129516601562,533.7440185546875,711.88671875,857.7182006835938,264.3507995605469,230.0719451904297,452.59442138671875,643.1511840820312,72.58627319335938,70.5343017578125,409.34637451171875,778.2538452148438
6.550000,393,258.9203796386719,295.5584411621094,453.3896789550781,388.9544677734375,554.1846313476562,516.2495727539062,620.5366821289062,600.4155883789062,430.7081604003906,260.79046630859375,325.04705810546875,429.7015380859375,949.668701171875,1131.214599609375,1049.392822265625,799.6121826171875,518.795654296875,644.3392333984375,692.724365234375,651.3809204101562,319.8804931640625,302.9566650390625,506.0240173339844,611.399658203125,86.64399719238281,146.61709594726562,566.6961059570312,799.2381591796875
6.566667,394,253.40802001953125,204.1678009033203,348.7912902832031,399.30889892578125,534.250244140625,382.7207946777344,519.7210083007812,611.3432006835938,409.4386901855469,190.79000854492188,290.2386169433594,479.044921875,1034.2772216796875,1176.620361328125,1206.89208984375,1121.0484619140625,507.9654235839844,550.010009765625,674.3468017578125,821.2368774414062,277.2518005371094,264.2725830078125,427.14910888671875,633.9157104492188,89.93920135498047,139.73406982421875,413.0697326660156,787.6433715820312
6.583334,395,272.15301513671875,296.00433349609375,470.4068908691406,381.4953918457031,582.6744384765625,506.25970458984375,647.2955932617188,597.4361572265625,456.1273498535156,275.2739562988281,348.0954895019531,417.6078186035156,959.53564453125,1151.3265380859375,1103.3236083984375,757.1558837890625,512.26611328125,636.3036499023438,723.99853515625,621.430908203125,345.3998718261719,309.57513427734375,525.8876953125,608.6492919921875,112.2479476928711,169.99603271484375,577.8050537109375,770.4837036132812
6.600000,396,224.99240112304688,177.41488647460938,317.8733825683594,361.80804443359375,484.29925537109375,356.5715026855469,494.32470703125,559.7676391601562,399.4797668457031,198.06724548339844,297.5198974609375,462.2227478027344,1046.0496826171875,1173.5242919921875,1206.411376953125,1110.39599609375,501.95361328125,541.3980102539062,670.0110473632812,789.1015625,257.4154968261719,259.2474670410156,430.8705749511719,601.2966918945312,78.8336181640625,108.22733306884766,379.7762451171875,735.45263671875
6.616667,397,290.22210693359375,306.3777770996094,488.0690002441406,383.0186462402344,598.4348754882812,500.22332763671875,650.579345703125,593.5980224609375,466.8512878417969,274.5130920410156,354.3884582519531,408.50787353515625,996.6097412109375,1194.6422119140625,1160.0906982421875,744.4124145507812,519.386474609375,618.6203002929688,720.1956176757812,580.1365966796875,323.8470458984375,244.47393798828125,458.37945556640625,549.9252319335938,92.0970458984375,92.47642517089844,523.4246826171875,712.250244140625
6.633334,398,242.38340759277344,177.32174682617188,327.2451477050781,383.84942626953125,505.6278076171875,348.9678955078125,505.1777648925781,588.5880737304688,414.00146484375,199.1928253173828,310.63409423828125,490.1855773925781,1052.6964111328125,1146.771728515625,1207.1771240234375,1144.5816650390625,518.90625,539.0247192382812,693.2075805664062,831.5689697265625,282.68817138671875,269.6627502441406,441.8846435546875,616.4302368164062,93.8243408203125,121.9404067993164,402.62457275390625,763.0518798828125
6.650000,399,243.7766571044922,236.54188537597656,389.3146057128906,357.9390869140625,510.9440612792969,442.3847351074219,587.2111206054688,546.4686279296875,434.9072265625,300.8555603027344,365.59332275390625,424.1561279296875,961.0275268554688,1155.9024658203125,1118.76171875,790.4163818359375,466.2083435058594,587.2964477539062,714.3076171875,635.8802490234375,252.19912719726562,312.39801025390625,531.8753051757812,569.0127563476562,56.80081558227539,108.34439086914062,468.9471130371094,680.1334838867188
6.666667,400,239.0765838623047,166.21267700195312,322.07696533203125,379.2220458984375,497.79296875,343.6562805175781,525.7107543945312,576.984375,428.7841491699219,203.33238220214844,333.89581298828125,505.57647705078125,1119.689208984375,1151.8194580078125,1265.4583740234375,1236.208251953125,531.5175170898438,530.8788452148438,755.5387573242188,885.5769653320312,309.6127014160156,302.5102844238281,515.8628540039062,647.82861328125,128.29432678222656,168.73046875,435.40692138671875,766.2197875976562
6.683334,401,243.368408203125,222.4349365234375,382.35125732421875,370.9691467285156,504.12811279296875,420.09051513671875,565.7319946289062,547.1216430664062,433.9215393066406,280.7763366699219,353.7558898925781,439.5297546386719,973.7908325195312,1121.0625,1100.006103515625,831.5498657226562,469.9295349121094,556.3692016601562,695.4771728515625,674.5046997070312,253.39625549316406,300.6111755371094,535.401123046875,593.8469848632812,54.844932556152344,75.3338394165039,463.354736328125,720.1588745117188
6.700000,402,228.28387451171875,164.8954315185547,310.2482604980469,365.60784912109375,468.8347473144531,326.3370361328125,496.6087646484375,550.4694213867188,407.65020751953125,201.03814697265625,322.52789306640625,487.2447509765625,1074.0404052734375,1176.5159912109375,1278.8763427734375,1204.672119140625,514.946044921875,545.6533813476562,746.2666625976562,857.5894165039062,285.19482421875,297.0279541015625,499.5978088378906,627.4832763671875,98.85079193115234,140.7391815185547,405.8802185058594,733.7728271484375
6.716667,403,233.35708618164062,212.11541748046875,372.3487548828125,372.27764892578125,488.99383544921875,401.4736328125,554.6511840820312,558.8775024414062,416.26220703125,258.0131530761719,341.5291748046875,444.483642578125,959.3671264648438,1101.451904296875,1096.0313720703125,853.8250732421875,475.8662109375,571.1431274414062,721.892578125,697.6448974609375,280.34515380859375,333.8731689453125,576.3416137695312,605.5172729492188,73.32699584960938,107.81623840332031,512.0046997070312,740.84228515625
6.733334,404,236.1610870361328,166.8365478515625,330.1385803222656,380.4842834472656,480.0265808105469,323.3564147949219,518.5474853515625,570.3790893554688,414.0518493652344,193.93006896972656,332.18792724609375,501.50762939453125,1132.633544921875,1227.3424072265625,1358.387939453125,1261.4300537109375,522.0921020507812,538.187255859375,771.0070190429688,872.1441040039062,277.5986022949219,277.769287109375,495.1119689941406,614.61669921875,88.15070343017578,96.38880157470703,393.8087158203125,729.8524780273438
6.750000,405,266.30560302734375,254.11073303222656,414.9385986328125,376.62103271484375,521.12060546875,429.00408935546875,573.7189331054688,540.7033081054688,450.5138854980469,298.9807434082031,371.8623352050781,438.5451965332031,1004.1610107421875,1146.9193115234375,1121.3720703125,811.9353637695312,494.9957580566406,584.2958984375,726.8712768554688,656.4578247070312,267.60845947265625,283.25726318359375,505.6842346191406,562.1121215820312,57.28389358520508,66.36831665039062,452.8796081542969,679.8341674804688
6.766667,406,240.4045867919922,157.90475463867188,320.080078125,376.8819885253906,475.46722412109375,303.63623046875,494.15350341796875,552.8675537109375,414.3645935058594,184.88717651367188,324.572998046875,495.8326416015625,1120.1531982421875,1191.865478515625,1330.3929443359375,1242.3463134765625,522.6094360351562,533.9874877929688,777.9890747070312,878.2838745117188,295.9888916015625,305.3908386230469,527.8615112304688,628.9278564453125,107.53315734863281,123.98574829101562,416.2053527832031,745.3632202148438
6.783334,407,234.0719451904297,209.45822143554688,371.5616760253906,360.2358093261719,490.0640563964844,405.44659423828125,551.43212890625,532.9481811523438,425.5152893066406,269.7409973144531,343.9529724121094,431.0445556640625,950.256103515625,1068.487548828125,1052.587890625,801.5491943359375,455.84674072265625,533.4566040039062,683.7088623046875,667.7391357421875,257.2364501953125,317.8834228515625,568.117919921875,600.3135986328125,74.15545654296875,116.84251403808594,503.3818359375,736.517822265625
6.800000,408,243.06185913085938,175.0379638671875,330.6436462402344,375.3251953125,486.1595764160156,331.7794189453125,504.8332824707031,553.3018188476562,423.8415222167969,202.68307495117188,329.2313537597656,489.7537536621094,1157.2315673828125,1257.70458984375,1365.10888671875,1244.2764892578125,528.55615234375,548.6148681640625,752.7451782226562,839.725830078125,286.9729919433594,289.2581481933594,473.6438903808594,587.8203125,94.70613861083984,109.17327117919922,372.92901611328125,701.4586181640625
6.816667,409,246.39755249023438,289.5816650390625,437.7791748046875,359.0341491699219,494.8465881347656,472.81298828125,598.9381713867188,524.9922485351562,424.8638916015625,314.731689453125,366.21502685546875,409.06689453125,903.3291015625,1120.4141845703125,1054.93603515625,722.9766235351562,469.1629333496094,614.5298461914062,688.9872436523438,597.196044921875,260.9876403808594,323.6511535644531,501.1501159667969,549.14453125,50.197776794433594,144.1104736328125,474.67706298828125,664.6468505859375
6.833334,410,244.12538146972656,186.74331665039062,327.5087585449219,353.3352355957031,485.6047058105469,343.66619873046875,492.5699157714844,514.9163818359375,422.1164855957031,215.2209014892578,327.6180419921875,456.9648742675781,1164.8046875,1308.7596435546875,1377.80322265625,1188.6488037109375,537.058349609375,593.25390625,768.18115234375,797.6824340820312,273.0581970214844,308.8931884765625,481.8763427734375,561.684326171875,78.70248413085938,105.58724975585938,353.22314453125,659.0385131835938
6.850000,411,256.82586669921875,279.2683410644531,435.598876953125,370.6374816894531,520.80615234375,488.8280334472656,622.920166015625,541.9599609375,453.4590759277344,326.7678527832031,382.1373596191406,424.88934326171875,975.9610595703125,1157.379638671875,1086.7010498046875,746.0962524414062,495.4623107910156,601.1351928710938,699.7587280273438,608.49365234375,244.79136657714844,266.98516845703125,496.12432861328125,560.4903564453125,30.388498306274414,48.7187385559082,469.2900695800781,693.0091552734375
6.866667,412,226.71945190429688,154.55462646484375,300.13482666015625,345.65277099609375,452.4876708984375,303.9107971191406,458.6670837402344,494.3238525390625,404.4024353027344,193.24099731445312,311.48162841796875,451.5721130371094,1142.7003173828125,1264.582763671875,1361.8846435546875,1198.3314208984375,499.2852478027344,550.7510986328125,743.1895751953125,787.059814453125,260.1869201660156,328.25396728515625,513.5051879882812,561.6383056640625,66.99299621582031,108.64686584472656,374.8974609375,668.7139892578125
6.883334,413,239.77639770507812,240.85348510742188,394.2302551269531,366.5394287109375,491.9557189941406,444.0508728027344,593.9963989257812,543.4170532226562,428.62725830078125,297.3348388671875,369.4107666015625,440.1900329589844,939.473388671875,1074.20947265625,1062.4097900390625,816.5955200195312,460.79400634765625,558.5701904296875,714.042236328125,674.337158203125,244.40989685058594,307.8182678222656,549.3341674804688,592.74951171875,54.04711151123047,113.48318481445312,488.5899658203125,709.8831176757812
6.900000,414,236.47164916992188,167.8175506591797,311.54132080078125,354.8968811035156,476.8570861816406,324.89984130859375,478.3934631347656,519.5247192382812,417.31158447265625,204.0702667236328,319.8941650390625,466.11376953125,1153.416015625,1254.501708984375,1338.76318359375,1212.1348876953125,519.5748901367188,559.793701171875,741.3405151367188,805.060546875,263.437744140625,310.3001403808594,491.8753356933594,565.2787475585938,71.99773406982422,100.78885650634766,358.437744140625,670.2659301757812
6.916667,415,219.50064086914062,286.1650390625,436.0176696777344,361.0550842285156,471.4613952636719,496.65325927734375,622.1468505859375,542.2706909179688,400.51605224609375,301.5367736816406,348.7987060546875,407.5759582519531,826.93701171875,1056.3175048828125,976.519287109375,699.2313842773438,438.8680419921875,615.28564453125,662.2365112304688,596.592041015625,244.64324951171875,349.8276062011719,549.800537109375,590.4332885742188,20.817380905151367,136.89146423339844,534.959228515625,743.10107421875
6.933334,416,234.76470947265625,172.00186157226562,320.404052734375,370.2731018066406,483.06890869140625,337.32525634765625,500.6181640625,553.31396484375,410.4680480957031,196.50950622558594,316.75360107421875,483.0456848144531,1112.3165283203125,1187.86669921875,1283.75732421875,1222.3033447265625,507.6056823730469,539.5323486328125,733.1602172851562,841.0966186523438,273.2720642089844,317.3978576660156,502.2595520019531,601.2200317382812,88.02814483642578,142.4994354248047,394.47235107421875,718.1640014648438
6.950000,417,235.11927795410156,238.5233612060547,393.3905944824219,356.9931640625,485.43707275390625,431.24053955078125,576.410888671875,522.8106689453125,413.7556457519531,276.5097351074219,351.9461669921875,413.7451477050781,939.0673217773438,1113.8641357421875,1100.1141357421875,798.0087890625,450.0071105957031,576.0098266601562,723.947998046875,646.4187622070312,237.54832458496094,328.7220153808594,590.1301879882812,593.3340454101562,44.56318664550781,116.35907745361328,521.9815063476562,718.0596313476562
6.966667,418,229.6616973876953,156.13990783691406,305.1370849609375,368.7401428222656,470.3900451660156,310.3506774902344,477.5268859863281,549.8613891601562,409.66717529296875,192.7073516845703,316.1454162597656,489.80316162109375,1094.962890625,1155.4359130859375,1255.631103515625,1211.893798828125,514.4721069335938,524.2578735351562,722.7051391601562,851.676513671875,281.2655334472656,294.8148193359375,500.6160583496094,621.9917602539062,97.87677001953125,121.46574401855469,403.2479248046875,743.584228515625
6.983334,419,211.07345581054688,257.8601379394531,417.8946228027344,367.5472412109375,462.2253112792969,493.6105651855469,637.4666748046875,546.594970703125,400.9877624511719,301.3489685058594,359.5047607421875,420.93798828125,854.7780151367188,1084.7154541015625,1026.2947998046875,739.6115112304688,434.4464416503906,621.6058349609375,710.9751586914062,625.7318115234375,230.9839324951172,336.201416015625,580.4771728515625,619.9589233398438,17.208620071411133,117.45979309082031,562.0762329101562,798.9609985351562
7.000000,420,216.213623046875,147.9315643310547,287.0553283691406,336.82965087890625,438.04815673828125,299.6581726074219,433.22705078125,482.3616638183594,396.6138916015625,194.09414672851562,298.5771789550781,441.5827331542969,1128.88720703125,1246.49755859375,1308.7630615234375,1156.238037109375,491.2174377441406,552.0277099609375,706.6056518554688,762.1489868164062,266.9709777832031,338.9346618652344,500.2753601074219,558.7508544921875,88.4663314819336,164.2215118408203,403.8616027832031,697.98095703125
7.016667,421,243.4240264892578,231.12857055664062,385.268798828125,360.8089294433594,507.3938903808594,428.0546569824219,570.4671020507812,534.2313232421875,428.68890380859375,268.7734069824219,343.6708068847656,421.9269714355469,946.8585815429688,1063.013671875,1051.86767578125,802.1610107421875,457.9086608886719,548.6340942382812,701.3779296875,663.6524658203125,264.5293884277344,347.20233154296875,605.8575439453125,607.42431640625,76.02754211425781,152.945068359375,537.2894287109375,731.1754760742188
7.033334,422,232.0832061767578,162.30731201171875,304.6828308105469,357.2541809082031,466.93218994140625,312.255126953125,469.3226013183594,526.1359252929688,406.8422546386719,197.25350952148438,314.59112548828125,465.2317199707031,1098.935302734375,1214.7940673828125,1303.2987060546875,1170.3699951171875,505.4662780761719,533.1273803710938,722.5380249023438,800.935791015625,262.41204833984375,280.6357727050781,481.27105712890625,586.5902709960938,84.63760375976562,107.45664978027344,384.3493957519531,696.085693359375
7.050000,423,250.25685119628906,249.39556884765625,383.563232421875,358.6610107421875,499.0029296875,435.6577453613281,545.5192260742188,520.14990234375,428.5585021972656,295.2486267089844,353.56378173828125,417.9468994140625,1000.9986572265625,1152.7769775390625,1088.207763671875,805.5488891601562,502.55780029296875,605.731201171875,706.4011840820312,637.4841918945312,265.0685729980469,304.1767883300781,503.4716796875,548.4741821289062,57.46980285644531,104.92752838134766,471.5018005371094,677.8016967773438
7.066667,424,225.24134826660156,157.8133544921875,304.9381408691406,352.2248229980469,461.7481384277344,317.9921875,472.55938720703125,518.2177734375,402.9197692871094,195.38137817382812,309.72320556640625,457.87396240234375,1110.41064453125,1199.977294921875,1285.0894775390625,1170.4779052734375,486.21514892578125,518.2330932617188,700.8734130859375,776.7400512695312,251.52024841308594,292.3734130859375,482.5827941894531,568.94189453125,79.85092163085938,116.73649597167969,386.5711975097656,695.5388793945312
7.083334,425,228.7238006591797,275.59466552734375,417.23406982421875,357.79486083984375,496.64300537109375,484.7462158203125,594.3430786132812,544.2918090820312,400.45751953125,283.03765869140625,329.10089111328125,392.28204345703125,849.1761474609375,1108.70556640625,1022.9236450195312,703.4325561523438,436.8395690917969,620.2628173828125,658.383544921875,590.1738891601562,256.0037536621094,366.9315490722656,546.1278686523438,589.4341430664062,45.30866241455078,187.44126892089844,535.5936279296875,737.4256591796875
7.100000,426,223.95321655273438,172.51036071777344,313.5386657714844,354.8031311035156,465.4827575683594,344.4161682128906,490.3255615234375,531.7320556640625,405.94256591796875,211.3979034423828,316.365234375,469.1199951171875,1084.3326416015625,1191.313232421875,1251.883544921875,1161.8016357421875,509.6962585449219,558.2147216796875,713.0277099609375,802.6065063476562,280.4330139160156,314.11669921875,483.64788818359375,592.4169921875,93.50907897949219,164.5615997314453,414.16986083984375,720.8895874023438
7.116667,427,269.4381103515625,256.1417541503906,412.2777404785156,370.607421875,569.5392456054688,456.0259094238281,595.9938354492188,577.7368774414062,454.2789611816406,266.6133117675781,339.4163818359375,415.3520812988281,1007.21435546875,1167.001220703125,1135.5091552734375,813.8052978515625,493.26715087890625,582.2206420898438,702.0930786132812,637.1915893554688,301.7576599121094,299.5265197753906,532.2083129882812,595.87939453125,92.57315826416016,119.44666290283203,513.2820434570312,731.4906616210938
7.133334,428,245.23622131347656,169.41104125976562,316.3591613769531,395.105224609375,507.39190673828125,323.24957275390625,481.8231201171875,595.559326171875,412.3097229003906,184.4574432373047,301.9824523925781,502.0556945800781,1072.673583984375,1104.6123046875,1180.012451171875,1190.2557373046875,517.714599609375,489.423828125,659.6477661132812,852.1292114257812,262.3943176269531,224.1143035888672,439.60296630859375,631.6825561523438,81.70685577392578,56.60112762451172,389.80108642578125,783.8907470703125
7.150000,429,250.94683837890625,294.01068115234375,444.62841796875,373.6913757324219,510.359619140625,489.78564453125,590.3641357421875,545.6695556640625,422.7881774902344,266.4465026855469,331.4001159667969,422.0497741699219,949.6190185546875,1106.0682373046875,1031.8739013671875,794.370849609375,525.3081665039062,640.26123046875,710.7708129882812,659.3850708007812,300.2897644042969,262.4571228027344,502.93096923828125,614.93505859375,73.00617980957031,97.13374328613281,550.8907470703125,794.7388916015625
7.166667,430,242.69827270507812,178.31997680664062,307.77374267578125,377.9904479980469,509.40106201171875,340.4170837402344,461.0787353515625,577.39306640625,417.5027770996094,202.01486206054688,294.0754089355469,482.587890625,1082.1856689453125,1176.492431640625,1182.3685302734375,1132.2283935546875,537.1099853515625,553.032958984375,649.3507690429688,813.8136596679688,281.0916748046875,252.57748413085938,397.3786926269531,603.7003173828125,90.43533325195312,83.59075164794922,342.72113037109375,740.7047119140625
7.183334,431,284.08203125,260.3643798828125,409.7015380859375,382.1695861816406,582.10888671875,461.912841796875,564.5576782226562,569.3671875,467.8791809082031,258.20001220703125,328.7785339355469,425.2044982910156,1097.202392578125,1189.0133056640625,1124.6038818359375,863.6359252929688,555.8228759765625,592.114990234375,676.5805053710938,647.6253051757812,311.47296142578125,249.87469482421875,479.60076904296875,576.5713500976562,96.25465393066406,63.82958984375,496.13037109375,753.6805419921875
7.200000,432,237.0668182373047,174.1981658935547,315.4200744628906,392.2705078125,509.632080078125,340.3961486816406,480.72552490234375,609.9547119140625,405.4975891113281,181.69418334960938,286.5920104980469,499.071044921875,1059.66455078125,1149.6785888671875,1192.65673828125,1178.9281005859375,518.318115234375,532.135986328125,665.0740966796875,859.3876342773438,288.1319580078125,274.797119140625,434.307861328125,644.837158203125,106.67205810546875,130.939697265625,384.39129638671875,792.9547729492188
7.216667,433,311.5162353515625,278.85845947265625,442.326416015625,395.26068115234375,634.2576293945312,465.11865234375,596.2125244140625,599.3679809570312,500.9143371582031,262.6753845214844,338.95916748046875,432.43634033203125,1099.4176025390625,1185.6888427734375,1147.153564453125,836.3086547851562,565.8004760742188,592.0755615234375,706.47802734375,655.1780395507812,374.71630859375,292.8402099609375,506.17486572265625,593.0824584960938,149.83982849121094,142.98191833496094,522.6701049804688,744.1425170898438
7.233334,434,247.0804901123047,171.1207275390625,330.9800720214844,397.711669921875,508.6839904785156,331.0882263183594,502.5733642578125,596.9862670898438,414.79144287109375,179.00648498535156,305.0569763183594,500.43243408203125,1081.4908447265625,1147.5916748046875,1237.368896484375,1190.820068359375,519.0319213867188,511.05340576171875,705.4947509765625,866.2156372070312,273.4996643066406,269.4724426269531,473.0347900390625,639.0571899414062,86.93595123291016,95.37544250488281,404.3428955078125,785.7129516601562
7.250000,435,269.42437744140625,297.6500244140625,456.3105773925781,375.0318908691406,564.5416870117188,508.1037902832031,622.143798828125,566.8799438476562,448.2012634277344,273.9942626953125,335.5514221191406,406.6932067871094,977.8433227539062,1158.1385498046875,1080.1549072265625,763.9149169921875,531.1658325195312,636.2302856445312,693.6307373046875,618.5900268554688,331.5263671875,276.41790771484375,468.54449462890625,590.9899291992188,101.87983703613281,137.79737854003906,533.2571411132812,765.6279296875
7.266667,436,243.42376708984375,189.15377807617188,327.4894714355469,390.1018981933594,526.1900024414062,371.97747802734375,502.4541320800781,612.72119140625,408.7764892578125,192.3561248779297,285.6154479980469,481.4254455566406,1036.4007568359375,1159.3492431640625,1173.8157958984375,1121.0225830078125,510.9436340332031,541.0256958007812,642.3189697265625,812.2509155273438,279.69122314453125,267.7870178222656,409.3061828613281,621.859130859375,98.42597198486328,146.43740844726562,393.72772216796875,779.8088989257812
7.283334,437,268.0500183105469,292.27386474609375,442.0453796386719,366.33624267578125,571.8876342773438,517.8601684570312,622.0306396484375,580.8778076171875,446.9761962890625,269.9187316894531,331.8818359375,408.0054626464844,1008.5374755859375,1195.1866455078125,1114.478515625,794.087158203125,539.3780517578125,656.1863403320312,719.393798828125,627.948974609375,331.0174865722656,283.37408447265625,480.1368103027344,583.098876953125,109.75209045410156,135.87838745117188,517.0257568359375,743.2329711914062
7.300000,438,230.0210418701172,176.56521606445312,315.1377868652344,371.205322265625,498.2034912109375,359.87640380859375,481.2061767578125,574.5159301757812,408.9496765136719,198.52784729003906,290.32733154296875,472.2543640136719,1094.172119140625,1212.858642578125,1221.5943603515625,1141.2979736328125,507.7840576171875,551.3150024414062,647.8350830078125,788.1804809570312,261.4990539550781,268.54339599609375,409.0604248046875,597.691162109375,85.04137420654297,105.58842468261719,355.7625427246094,754.079833984375
7.316667,439,284.2847900390625,286.37872314453125,456.7334899902344,379.6319885253906,601.66650390625,493.5498046875,632.3099365234375,591.5631103515625,469.4254455566406,254.37986755371094,333.773193359375,409.868896484375,1003.9388427734375,1169.6014404296875,1132.66455078125,767.24072265625,535.6078491210938,643.322998046875,753.1470947265625,636.416015625,377.9426574707031,317.22821044921875,548.7203369140625,624.099609375,160.31671142578125,199.4196014404297,594.0740966796875,791.2183227539062
7.333334,440,243.52232360839844,179.00494384765625,331.1383056640625,399.0293273925781,515.406982421875,354.5743408203125,518.2291259765625,616.6759033203125,415.05133056640625,192.00294494628906,309.984619140625,510.4905700683594,1049.46142578125,1120.263671875,1191.550537109375,1182.9788818359375,523.1512451171875,535.5355224609375,707.6951293945312,885.2752685546875,297.98114013671875,295.6214904785156,474.2167053222656,655.7324829101562,116.8382568359375,171.7947540283203,434.25390625,808.0722045898438
7.350000,441,217.44837951660156,269.5213623046875,406.5448303222656,331.78411865234375,483.84136962890625,491.6788024902344,612.3748168945312,521.2278442382812,397.478759765625,289.50250244140625,335.37481689453125,373.5374450683594,840.1200561523438,1104.6175537109375,1027.35595703125,696.8216552734375,440.4488525390625,647.4159545898438,697.8378295898438,586.3413696289062,290.5276794433594,417.96954345703125,616.2205200195312,615.1597290039062,84.27477264404297,263.37664794921875,601.4254760742188,756.5958862304688
7.366667,442,228.4296112060547,156.5710906982422,300.2728271484375,363.63812255859375,475.9728088378906,323.85150146484375,474.64581298828125,546.853515625,409.27838134765625,197.09657287597656,310.3412780761719,483.3628234863281,1123.9429931640625,1175.7789306640625,1253.4783935546875,1220.249267578125,512.7421875,529.5703125,701.2955322265625,834.0304565429688,279.92767333984375,309.739501953125,474.5704345703125,592.7097778320312,102.14312744140625,148.25799560546875,378.6970520019531,720.2454833984375
7.383334,443,239.80711364746094,241.39739990234375,400.4722900390625,358.39208984375,504.872802734375,439.62786865234375,583.6239624023438,534.2427368164062,423.1397705078125,266.0094299316406,339.6290588378906,408.07598876953125,943.0403442382812,1114.7667236328125,1090.877197265625,782.3986206054688,458.7345275878906,607.447509765625,734.3381958007812,643.9707641601562,300.32135009765625,405.6726989746094,644.9761962890625,622.1703491210938,103.23750305175781,224.46336364746094,591.625,763.7095947265625
7.400000,444,233.0213165283203,156.10914611816406,303.73077392578125,364.4498291015625,472.8902282714844,315.4048156738281,474.86846923828125,537.1233520507812,417.52227783203125,203.1219024658203,322.13055419921875,486.83709716796875,1131.583740234375,1184.640380859375,1269.998046875,1215.3299560546875,526.839111328125,543.5476684570312,726.8465576171875,834.159912109375,286.6972351074219,308.5211486816406,492.3674011230469,596.8895874023438,101.10115814208984,127.973388671875,385.7540283203125,717.7035522460938
7.416667,445,204.72506713867188,280.739990234375,416.89239501953125,348.8335266113281,445.19964599609375,495.975830078125,596.6854858398438,513.990234375,383.3320007324219,288.74237060546875,323.79541015625,390.3937683105469,814.9754028320312,1048.9129638671875,942.9930419921875,696.754638671875,437.9354553222656,637.007568359375,653.3394775390625,606.03466796875,266.1568603515625,390.0000305175781,570.2655639648438,625.4794921875,46.28850555419922,198.09828186035156,562.8082275390625,797.4971313476562
7.433334,446,211.4626922607422,154.9373321533203,295.1046447753906,340.0080261230469,438.7651062011719,319.4964294433594,454.2218017578125,499.1260681152344,392.03253173828125,203.624755859375,304.612548828125,453.1264953613281,1114.3955078125,1243.712646484375,1296.3363037109375,1168.2476806640625,495.3204345703125,576.4257202148438,715.00341796875,778.6033935546875,265.6903991699219,340.804931640625,478.3289489746094,555.833984375,82.19508361816406,164.42820739746094,374.63226318359375,685.6043701171875
7.450000,447,264.1427307128906,243.44564819335938,399.03460693359375,364.5491943359375,520.2854614257812,420.2590637207031,557.4961547851562,514.5218505859375,443.052001953125,272.5884094238281,348.86737060546875,413.5970153808594,1001.3662109375,1137.8818359375,1130.9796142578125,807.1516723632812,484.3344421386719,576.6630249023438,734.9912719726562,650.7396240234375,285.9491271972656,319.09161376953125,567.4247436523438,586.6043090820312,93.20899200439453,138.3502960205078,517.9376220703125,710.4119262695312
7.466667,448,225.5917510986328,154.2220001220703,304.5047912597656,357.984619140625,464.8966064453125,316.972900390625,478.9271545410156,533.32958984375,405.3096618652344,196.1834716796875,314.3928527832031,470.15692138671875,1115.314208984375,1211.2587890625,1298.6500244140625,1189.1876220703125,499.21417236328125,531.5097045898438,711.4998168945312,793.6346435546875,257.79925537109375,299.6450500488281,487.4264221191406,575.6660766601562,74.7492904663086,107.50333404541016,387.0993957519531,705.1439819335938
7.483334,449,292.05267333984375,287.4052429199219,437.6407470703125,378.5328369140625,560.970947265625,469.57470703125,601.4589233398438,538.9290771484375,473.36505126953125,317.4896240234375,383.3272399902344,423.5581359863281,1053.6024169921875,1191.2440185546875,1155.72119140625,807.7717895507812,519.4171142578125,596.5540771484375,728.15673828125,626.364501953125,280.32464599609375,260.1167297363281,460.094482421875,531.2587280273438,75.99406433105469,89.92903137207031,444.3370666503906,644.5851440429688
7.500000,450,222.0204620361328,160.91307067871094,290.9344787597656,355.47418212890625,477.0631408691406,340.86651611328125,467.4461364746094,544.2184448242188,396.3660583496094,197.72157287597656,292.8984375,449.9753723144531,1076.17529296875,1221.773681640625,1247.5645751953125,1117.42138671875,482.81201171875,535.262939453125,651.7070922851562,749.07421875,226.14630126953125,285.0538330078125,433.18255615234375,563.4130249023438,50.93901062011719,100.1082992553711,353.2138671875,706.0517578125
7.516667,451,241.24049377441406,269.9846496582031,402.4563903808594,360.1579284667969,487.73748779296875,463.7493896484375,563.8353271484375,523.318115234375,415.74267578125,284.6357116699219,340.5783386230469,416.0013122558594,950.5821533203125,1150.7581787109375,1078.14794921875,796.7528076171875,506.9088439941406,654.5489501953125,733.6678466796875,659.589111328125,288.88836669921875,325.91619873046875,524.2564697265625,587.9393920898438,79.85497283935547,158.91058349609375,510.8799133300781,725.5238037109375
7.533334,452,234.1471405029297,162.03004455566406,316.22503662109375,364.9620666503906,478.01568603515625,323.4504089355469,485.1894226074219,542.8800659179688,416.0744323730469,195.9755859375,315.9560852050781,478.31707763671875,1124.0838623046875,1196.469482421875,1290.49609375,1203.1265869140625,506.5025939941406,523.4398803710938,712.6387939453125,817.151123046875,284.0997619628906,296.9457092285156,480.597900390625,597.9073486328125,102.07500457763672,140.75564575195312,405.8630065917969,731.5142822265625
7.550000,453,221.4519500732422,268.66259765625,403.4896240234375,346.1266174316406,467.396484375,460.9579772949219,569.9910888671875,516.0237426757812,400.00299072265625,290.8546447753906,335.36517333984375,395.08837890625,864.5283813476562,1091.797607421875,1003.0370483398438,716.28466796875,453.5537109375,627.7036743164062,664.5065307617188,600.0103759765625,269.5374755859375,382.2403564453125,568.0601806640625,595.1461181640625,57.56170654296875,212.06410217285156,561.255859375,744.3097534179688
7.566667,454,229.94947814941406,154.8706817626953,296.0658874511719,356.0303955078125,470.1670837402344,315.05206298828125,457.8609313964844,523.9193725585938,410.2832336425781,199.81219482421875,309.4728088378906,465.4821472167969,1131.224365234375,1222.97119140625,1292.61865234375,1185.2657470703125,497.3096008300781,535.1270751953125,696.6724243164062,784.5092163085938,257.325439453125,328.4222717285156,481.01556396484375,560.7372436523438,80.69532775878906,140.83993530273438,366.35833740234375,686.4833374023438
7.583334,455,229.0762176513672,248.87889099121094,398.4474792480469,354.3163757324219,504.3998718261719,487.26171875,611.6083984375,538.9235229492188,425.102294921875,283.89794921875,336.6304931640625,404.8543701171875,905.88232421875,1105.12646484375,1025.8109130859375,744.8532104492188,476.6195373535156,637.4827270507812,701.9730224609375,632.0601196289062,298.4054260253906,389.85186767578125,625.5858154296875,643.4281005859375,79.51368713378906,187.93423461914062,602.3599243164062,816.7857666015625
7.600000,456,207.85641479492188,159.51344299316406,295.36846923828125,330.11773681640625,433.267822265625,322.93438720703125,451.689697265625,486.36199951171875,387.3866882324219,205.8561248779297,302.17303466796875,436.9129638671875,1098.395263671875,1258.410400390625,1304.8951416015625,1135.426513671875,483.07745361328125,577.85107421875,705.6242065429688,741.3314819335938,256.8025817871094,352.1294250488281,485.4630432128906,541.3744506835938,73.4355697631836,175.8045654296875,382.2330017089844,667.3009643554688
7.616667,457,286.4577941894531,265.24200439453125,418.45330810546875,375.27740478515625,543.7988891601562,436.4366760253906,571.2192993164062,517.6470336914062,466.3956298828125,299.2615966796875,372.66754150390625,420.19586181640625,1060.8270263671875,1192.118896484375,1177.4788818359375,821.1502075195312,510.1659851074219,575.0714721679688,731.4468994140625,636.1880493164062,271.6034851074219,262.9930725097656,489.8266906738281,541.8886108398438,73.12506103515625,76.92029571533203,452.2298583984375,654.9716796875
7.633334,458,226.57766723632812,157.0862274169922,299.2294921875,370.9910583496094,469.7527160644531,317.0015563964844,463.85882568359375,551.5844116210938,402.6880798339844,190.58743286132812,303.0342712402344,490.7424621582031,1093.58740234375,1154.861328125,1231.7403564453125,1218.3875732421875,508.8962097167969,534.8766479492188,698.7464599609375,847.309326171875,283.2441101074219,323.509521484375,488.5174255371094,604.9782104492188,99.56849670410156,151.1434326171875,387.3186950683594,734.5421752929688
7.650000,459,232.8624725341797,267.7333679199219,415.2697448730469,350.2272644042969,478.4568786621094,463.7829284667969,591.5833740234375,508.6729431152344,411.6009826660156,294.6798095703125,351.202392578125,396.7845764160156,883.7508544921875,1085.366943359375,1036.52294921875,717.8602294921875,454.4263610839844,596.4116821289062,691.117431640625,601.3277587890625,260.6854553222656,334.5142822265625,560.1290283203125,585.177734375,58.68632507324219,157.71942138671875,544.0848999023438,726.1685180664062
7.666667,460,229.8112030029297,158.51158142089844,306.1804504394531,363.2986755371094,475.18133544921875,325.9075012207031,482.008544921875,542.49658203125,412.9696960449219,198.15492248535156,313.89599609375,480.30145263671875,1114.3106689453125,1174.3424072265625,1258.834716796875,1201.2469482421875,511.2103271484375,526.7052612304688,705.6346435546875,821.9674072265625,286.1783447265625,305.70697021484375,483.82763671875,596.6886596679688,104.75714111328125,149.8447723388672,401.3139343261719,726.9647216796875
7.683334,461,256.74822998046875,270.51678466796875,419.1197814941406,367.6177978515625,517.7064208984375,470.127197265625,586.6897583007812,525.8477783203125,445.0122375488281,299.3168029785156,353.00079345703125,414.2063903808594,977.4677734375,1155.13818359375,1081.8316650390625,763.0210571289062,500.7513732910156,620.689697265625,700.0225830078125,622.3760375976562,282.5932922363281,312.2055358886719,524.1484375,590.8564453125,65.23072814941406,113.90166473388672,510.7957458496094,746.4346923828125
7.700000,462,225.55845642089844,155.216064453125,294.56500244140625,358.5147399902344,467.0224304199219,317.1250915527344,456.78594970703125,527.8871459960938,405.12872314453125,193.23321533203125,300.2894287109375,467.455810546875,1124.669677734375,1213.0323486328125,1275.81640625,1191.450927734375,503.1866760253906,539.5765380859375,692.7581176757812,796.94873046875,264.0126037597656,325.55230712890625,483.5917053222656,572.4241333007812,77.82745361328125,130.06312561035156,372.5937194824219,701.8594360351562
7.716667,463,241.9901580810547,252.69602966308594,404.3260498046875,365.6003723144531,489.1539611816406,446.6836853027344,575.4412231445312,514.9864501953125,427.36773681640625,287.4655456542969,352.4312438964844,419.62939453125,943.9608764648438,1114.3455810546875,1082.847900390625,783.2083740234375,470.4452819824219,601.7074584960938,728.6935424804688,650.6303100585938,271.1980895996094,335.27740478515625,578.2379760742188,611.83203125,69.27446746826172,142.19351196289062,541.343505859375,759.7184448242188
7.733334,464,231.28794860839844,165.4110565185547,305.1185302734375,357.78857421875,479.37017822265625,331.96160888671875,469.8349304199219,533.85498046875,419.1019592285156,204.00729370117188,309.59527587890625,475.9029541015625,1139.2989501953125,1198.413330078125,1261.041259765625,1204.9317626953125,524.7157592773438,547.7359008789062,701.723876953125,814.2550659179688,291.2606506347656,323.5516052246094,490.1414794921875,593.555908203125,107.07951354980469,147.49044799804688,381.16534423828125,713.5569458007812
7.750000,465,219.2764434814453,276.7305908203125,412.2137756347656,356.8900451660156,458.9869689941406,476.5524597167969,566.9431762695312,511.7170715332031,398.1878967285156,285.8228759765625,322.1455383300781,400.53240966796875,863.2938842773438,1064.7255859375,954.7444458007812,719.5143432617188,463.8674621582031,627.0078125,641.880859375,616.0081176757812,272.01812744140625,361.17864990234375,536.2944946289062,613.4717407226562,49.49616241455078,169.21932983398438,544.5394287109375,795.1807250976562
7.766667,466,230.5406951904297,150.7870330810547,295.42657470703125,361.7435607910156,468.3515319824219,305.94390869140625,454.65557861328125,528.5859375,412.094970703125,194.09410095214844,308.48876953125,474.77484130859375,1140.420166015625,1212.5137939453125,1291.8681640625,1210.044677734375,508.195068359375,531.82568359375,704.5347900390625,811.2593994140625,271.2091369628906,322.7091064453125,489.6572570800781,576.5108642578125,89.69869995117188,134.7661590576172,379.8433837890625,708.5205078125
7.783334,467,247.01437377929688,239.3070068359375,395.8258361816406,366.04010009765625,496.45599365234375,425.9878845214844,566.8305053710938,518.9502563476562,434.42742919921875,278.8403625488281,352.362060546875,424.9333801269531,975.7068481445312,1112.3759765625,1103.6221923828125,814.8213500976562,471.98504638671875,566.559326171875,717.0511474609375,658.4575805664062,276.1224365234375,327.6386413574219,573.2971801757812,605.5383911132812,79.08890533447266,136.11404418945312,525.340576171875,742.9042358398438
7.800000,468,231.01783752441406,156.79296875,295.9512939453125,359.71484375,475.77374267578125,318.754150390625,454.2478942871094,532.9599609375,412.1663818359375,197.4425048828125,303.51983642578125,473.5235290527344,1146.733642578125,1214.047607421875,1275.52880859375,1211.408447265625,510.98126220703125,538.3826293945312,688.4342041015625,805.0574340820312,271.0496826171875,322.0718994140625,468.38934326171875,570.4572143554688,90.63751220703125,139.41802978515625,357.0118713378906,696.4946899414062
7.816667,469,218.41036987304688,265.060546875,404.6122131347656,349.36724853515625,470.6092834472656,473.0523376464844,575.7791748046875,520.2293701171875,401.6412658691406,286.6200866699219,326.94268798828125,396.2594909667969,851.7100830078125,1052.882080078125,951.9575805664062,700.9654541015625,455.18194580078125,625.8206176757812,650.0532836914062,606.9354248046875,284.4037170410156,390.4605712890625,582.5624389648438,621.5938110351562,71.33341979980469,210.569580078125,582.510986328125,801.186767578125
7.833334,470,229.35418701171875,154.5243377685547,302.9999694824219,361.76318359375,470.7784118652344,318.8192443847656,476.9738464355469,533.8522338867188,413.23388671875,198.2144317626953,316.2455749511719,477.29339599609375,1141.512939453125,1207.84326171875,1295.7921142578125,1216.0631103515625,511.74591064453125,529.2210693359375,716.0011596679688,820.2271118164062,275.2840270996094,308.1487731933594,488.1803283691406,590.5375366210938,92.53174591064453,130.0215301513672,384.95526123046875,716.5789184570312
7.850000,471,249.6120147705078,245.0429229736328,407.6768493652344,366.85369873046875,505.8340759277344,432.70013427734375,581.8999633789062,528.978271484375,435.0212707519531,268.3902282714844,348.19989013671875,421.56915283203125,960.4417724609375,1101.91357421875,1100.528564453125,799.2967529296875,472.0169372558594,584.6339721679688,742.05419921875,662.6593017578125,295.63751220703125,351.5439453125,611.3773803710938,621.3406372070312,97.68606567382812,168.62994384765625,564.6041870117188,759.691162109375
7.866667,472,229.48719787597656,153.11964416503906,297.27783203125,363.75445556640625,472.9321594238281,317.6280822753906,466.3642578125,539.552001953125,411.21148681640625,195.81883239746094,308.57177734375,479.9715881347656,1148.1314697265625,1219.7066650390625,1296.4024658203125,1224.958251953125,511.6931457519531,535.4296875,701.3004150390625,816.7461547851562,274.15582275390625,310.1370544433594,461.40045166015625,573.895751953125,90.77742767333984,123.82653045654297,353.132080078125,702.2757568359375
7.883334,473,218.1342010498047,272.38543701171875,407.714111328125,343.8422546386719,473.2350769042969,485.9708251953125,584.980712890625,513.1500244140625,400.2055969238281,286.0146179199219,323.977294921875,385.4320068359375,842.7459716796875,1051.1572265625,947.08740234375,685.5452880859375,455.7234802246094,633.6312255859375,658.3242797851562,600.9581909179688,291.512451171875,412.3346252441406,611.150146484375,627.6294555664062,76.6989974975586,236.22007751464844,603.9572143554688,797.6051635742188
7.900000,474,231.44337463378906,157.5188446044922,304.1751708984375,359.1405944824219,471.9432373046875,321.2303466796875,469.8834228515625,526.1000366210938,415.3382873535156,201.23033142089844,313.5607604980469,473.27301025390625,1145.8563232421875,1203.5174560546875,1281.020751953125,1207.905517578125,514.6264038085938,530.4718017578125,701.0145874023438,807.2252197265625,277.9824523925781,302.7418212890625,468.86749267578125,574.3004150390625,91.47142028808594,124.84236907958984,376.0814208984375,705.6423950195312
7.916667,475,225.9355926513672,226.0830078125,382.3872375488281,351.69122314453125,476.60693359375,427.2501220703125,571.1050415039062,518.2136840820312,408.13507080078125,258.85479736328125,336.95556640625,411.234619140625,912.7965087890625,1063.555908203125,1055.1661376953125,800.177734375,450.32537841796875,591.126220703125,738.7579345703125,680.1110229492188,290.00994873046875,412.6494445800781,680.1476440429688,647.2501220703125,99.10135650634766,241.35093688964844,623.8267211914062,792.10205078125
7.933334,476,223.43032836914062,152.55917358398438,287.2631530761719,355.3824768066406,460.8505859375,311.98370361328125,448.40185546875,523.2314453125,406.6571044921875,200.46102905273438,307.2017822265625,470.48602294921875,1136.89453125,1224.705078125,1285.71044921875,1207.9598388671875,503.4105529785156,547.3959350585938,699.1922607421875,803.0353393554688,252.08465576171875,325.44464111328125,478.9778137207031,568.4456176757812,69.4452133178711,122.0438232421875,356.05657958984375,695.4804077148438
7.950000,477,202.35409545898438,268.30181884765625,398.67657470703125,346.9961853027344,440.89453125,479.6687316894531,575.7868041992188,509.9895935058594,383.9952087402344,287.435546875,321.3464050292969,394.1642761230469,831.5596313476562,1056.0009765625,947.1240234375,720.723388671875,443.8511962890625,637.1834106445312,645.5808715820312,611.1488037109375,266.6522216796875,397.00274658203125,569.9169921875,619.61083984375,45.69523620605469,204.384521484375,563.2465209960938,796.1848754882812
7.966667,478,216.2582550048828,163.35784912109375,308.5959167480469,336.053955078125,447.4672546386719,330.61834716796875,470.4550476074219,495.8025207519531,393.84600830078125,201.9039764404297,305.13690185546875,440.3157043457031,1099.299560546875,1225.0496826171875,1290.2503662109375,1136.5322265625,485.3312683105469,551.2523193359375,700.2874145507812,747.2888793945312,259.38043212890625,325.6950378417969,478.8443298339844,543.5302734375,74.54112243652344,145.6892852783203,381.2686462402344,669.7626342773438
7.983334,479,266.52215576171875,239.193359375,394.78265380859375,364.9046325683594,513.4986572265625,409.6369934082031,550.6739501953125,506.5999755859375,450.4990234375,286.0328063964844,362.79962158203125,420.30462646484375,1034.265380859375,1152.9495849609375,1144.2821044921875,820.0410766601562,497.8948974609375,561.192626953125,723.9216918945312,649.44140625,272.6477355957031,285.44091796875,533.1967163085938,565.8070678710938,78.5297622680664,89.34716033935547,480.77685546875,687.4920654296875
8.000000,480,226.15184020996094,151.51165771484375,291.9515686035156,352.9718933105469,464.5104675292969,310.5446472167969,450.66912841796875,519.083984375,407.243896484375,196.0705108642578,303.86322021484375,464.0152587890625,1132.840576171875,1209.14208984375,1274.576904296875,1188.0986328125,501.9406433105469,525.1830444335938,679.912353515625,784.4611206054688,258.8298034667969,291.3847351074219,454.9420166015625,561.377197265625,77.04025268554688,99.88917541503906,354.6643981933594,689.868408203125
8.016667,481,258.3114318847656,230.136962890625,383.2580261230469,365.39044189453125,531.943115234375,418.56024169921875,555.671142578125,541.0121459960938,443.3224792480469,257.55462646484375,336.07684326171875,421.049560546875,997.7579956054688,1103.150634765625,1092.104248046875,837.0899658203125,484.4659423828125,558.6025390625,702.3533935546875,667.9776611328125,300.8405456542969,335.9300231933594,590.1549072265625,611.3936767578125,109.14124298095703,163.44061279296875,550.7505493164062,749.7509155273438
8.033334,482,237.26246643066406,182.1616973876953,315.55902099609375,353.79541015625,494.6532287597656,351.8841247558594,495.2823486328125,542.003662109375,414.76348876953125,210.69271850585938,314.72967529296875,456.24920654296875,1088.6094970703125,1207.4669189453125,1260.169189453125,1135.212158203125,515.5901489257812,546.1569213867188,698.8507080078125,780.8038330078125,263.753173828125,248.0408172607422,444.42547607421875,591.1292724609375,78.61434936523438,97.8962173461914,392.17535400390625,707.8533325195312
8.050000,483,230.80662536621094,258.1287536621094,398.7737731933594,357.5263977050781,473.97601318359375,459.1376647949219,577.3585815429688,525.1530151367188,404.08135986328125,274.99285888671875,340.7940368652344,418.3841857910156,924.9842529296875,1120.4442138671875,1070.4149169921875,800.4835815429688,493.8311462402344,635.503662109375,730.836181640625,663.0074462890625,285.1102600097656,315.2377014160156,531.7300415039062,599.3966064453125,78.18766021728516,147.36830139160156,519.2716064453125,739.5377807617188
8.066667,484,235.41587829589844,158.88670349121094,315.328125,367.9360046386719,479.1330871582031,321.2368469238281,484.0889892578125,545.2898559570312,411.4866638183594,194.58392333984375,314.7975158691406,478.6130676269531,1129.079833984375,1182.8775634765625,1272.1790771484375,1204.8902587890625,504.35662841796875,519.0706787109375,701.5277709960938,809.1078491210938,265.4429626464844,288.2745361328125,463.1893005371094,572.5258178710938,86.6461181640625,109.21137237548828,373.0045166015625,711.0769653320312
8.083334,485,259.2456970214844,240.4571075439453,401.57025146484375,365.1428527832031,516.2738037109375,426.1069030761719,577.8200073242188,520.262451171875,443.1840515136719,272.8412780761719,356.8113098144531,421.9770812988281,987.2630004882812,1097.07763671875,1113.3123779296875,813.467529296875,479.0802307128906,550.0809326171875,739.0848388671875,670.0534057617188,282.0634460449219,313.40673828125,585.6013793945312,597.5587768554688,93.80182647705078,141.8816375732422,534.8286743164062,714.1365356445312
8.100000,486,229.79745483398438,154.660400390625,297.74017333984375,363.028076171875,464.6015930175781,306.7566833496094,457.4053955078125,529.4807739257812,413.041015625,199.31004333496094,314.98553466796875,487.3653564453125,1138.1688232421875,1181.53173828125,1266.4671630859375,1234.391845703125,524.667236328125,531.5177001953125,709.0656127929688,839.6599731445312,285.1207580566406,300.4030456542969,479.8055725097656,593.529052734375,98.63703155517578,122.72041320800781,381.11810302734375,717.4820556640625
8.116667,487,194.09866333007812,266.9681701660156,403.45172119140625,344.59246826171875,436.0804138183594,478.4844665527344,581.004150390625,515.5274658203125,374.67626953125,280.1635437011719,319.98284912109375,393.967041015625,808.4219360351562,1024.17431640625,930.5018920898438,719.2623901367188,425.9372253417969,627.7890625,654.2281494140625,628.7335815429688,281.53692626953125,431.0440979003906,623.8030395507812,656.5473022460938,67.89640808105469,263.7803955078125,616.7415771484375,828.4816284179688
8.133334,488,222.04957580566406,161.22003173828125,292.9034423828125,344.418212890625,454.8078918457031,322.790771484375,442.0498962402344,498.8760986328125,403.723388671875,206.55886840820312,302.1774597167969,452.1268615722656,1138.6470947265625,1247.2811279296875,1287.024169921875,1179.161376953125,500.8704833984375,565.9080810546875,690.8436889648438,769.384765625,257.749267578125,339.1939697265625,469.3280029296875,545.6755981445312,71.30254364013672,145.7512969970703,357.9720153808594,676.0903930664062
8.150000,489,233.949462890625,227.16526794433594,372.8662414550781,346.0290832519531,498.9108581542969,434.40228271484375,567.6115112304688,521.8269653320312,417.6986389160156,269.7850646972656,341.1270446777344,405.932373046875,950.7241821289062,1112.4561767578125,1089.9439697265625,806.740478515625,452.13153076171875,575.7412109375,717.20849609375,651.0689697265625,249.37860107421875,364.0093994140625,626.60107421875,602.4369506835938,65.10691833496094,165.90338134765625,549.640869140625,724.248291015625
8.166667,490,221.67059326171875,152.8806610107422,296.532470703125,356.2027282714844,452.0367736816406,312.341064453125,461.6390686035156,516.639892578125,397.2459716796875,193.99220275878906,310.7910461425781,467.5920715332031,1118.02587890625,1204.587890625,1289.5877685546875,1208.9635009765625,492.42095947265625,540.859619140625,724.0607299804688,816.1558837890625,246.18067932128906,323.846923828125,507.39111328125,582.2763671875,62.015716552734375,115.89624786376953,378.4512023925781,702.4139404296875
8.183334,491,246.48825073242188,253.55462646484375,409.7036437988281,362.6189270019531,503.6405029296875,452.7574157714844,594.9971313476562,529.8907470703125,427.3478698730469,295.35791015625,362.268798828125,411.50885009765625,941.08447265625,1152.63330078125,1116.2431640625,761.9750366210938,465.7030334472656,609.0919799804688,727.8704833984375,617.7531127929688,253.19143676757812,321.3927001953125,557.2001342773438,578.4153442382812,52.4757194519043,117.45597839355469,517.6542358398438,718.7405395507812
8.200000,492,226.57017517089844,150.86065673828125,294.2426452636719,364.5685119628906,469.35980224609375,308.6300354003906,456.8293762207031,543.914306640625,408.4566955566406,189.63853454589844,303.3213195800781,485.6731872558594,1133.7037353515625,1189.9664306640625,1268.0084228515625,1234.599853515625,514.5330810546875,530.7311401367188,698.3094482421875,841.5191040039062,285.9064025878906,311.655517578125,471.2909240722656,599.2114868164062,105.59698486328125,145.77005004882812,374.4246520996094,730.1630249023438
8.216667,493,215.25360107421875,278.2820739746094,423.3497009277344,348.7959899902344,479.9035339355469,494.1012268066406,608.2103881835938,541.9451904296875,397.0219421386719,290.44342041015625,331.759521484375,391.84619140625,842.1904296875,1083.4708251953125,977.6019897460938,693.9164428710938,445.73681640625,646.0881958007812,663.8807983398438,598.5325927734375,280.9394836425781,407.93121337890625,594.4262084960938,625.553955078125,59.65178680419922,211.4070587158203,577.6549072265625,786.5765991210938
8.233334,494,227.23060607910156,159.1129150390625,307.17254638671875,370.5670471191406,471.9664001464844,324.38189697265625,486.72210693359375,551.4037475585938,407.5187072753906,194.24522399902344,314.1678771972656,492.50482177734375,1123.165283203125,1170.5128173828125,1264.1068115234375,1243.5262451171875,514.4822387695312,529.3350830078125,721.2161865234375,858.4457397460938,276.8401184082031,315.9484558105469,502.2493591308594,607.3856201171875,95.20724487304688,136.10853576660156,389.312744140625,732.6868896484375
8.250000,495,231.59127807617188,237.19183349609375,399.15673828125,359.5002136230469,490.238037109375,436.3443298339844,582.8807373046875,533.4376220703125,413.763671875,266.0374755859375,342.8592529296875,412.907958984375,930.2655639648438,1109.9573974609375,1092.276123046875,791.6427001953125,448.0905456542969,592.89892578125,731.0889892578125,653.04931640625,265.4532470703125,363.3800354003906,626.2847900390625,625.3076782226562,69.75035858154297,162.3693084716797,568.5023193359375,767.0218505859375
8.266667,496,226.3312530517578,149.80287170410156,286.1566162109375,360.4118347167969,467.39227294921875,312.12908935546875,455.46954345703125,532.995849609375,413.292724609375,199.82826232910156,309.3858947753906,481.9706726074219,1141.3914794921875,1214.71484375,1283.4210205078125,1222.7469482421875,521.28515625,550.6452026367188,714.3297119140625,830.507080078125,284.80908203125,327.9559631347656,491.1555480957031,595.310791015625,100.86856842041016,141.50010681152344,373.8177795410156,718.0362548828125
8.283334,497,201.14932250976562,258.4354553222656,398.2647705078125,354.15887451171875,438.55291748046875,457.07708740234375,557.7860107421875,517.6182861328125,371.8617858886719,265.53094482421875,310.63031005859375,395.64385986328125,834.1303100585938,1069.762939453125,976.4442749023438,742.7130737304688,429.0620422363281,622.8353881835938,646.5062866210938,619.4835205078125,238.7946319580078,364.13739013671875,563.212158203125,618.8333129882812,17.930400848388672,142.88722229003906,549.607421875,803.5197143554688
8.300000,498,230.8485565185547,158.27195739746094,301.3025817871094,366.9991760253906,474.1195983886719,313.9805603027344,459.5082702636719,537.4073486328125,411.99627685546875,191.15005493164062,305.0505676269531,480.6330261230469,1123.1201171875,1171.437255859375,1249.8089599609375,1207.8294677734375,516.3432006835938,521.4483642578125,695.9078979492188,833.26220703125,287.9419860839844,302.1294860839844,488.522216796875,616.202880859375,97.09872436523438,127.30801391601562,403.2205505371094,747.2666625976562
8.316667,499,224.1665802001953,238.80601501464844,395.0694580078125,357.6595764160156,476.2743835449219,444.222412109375,581.4188232421875,528.0595703125,404.0013732910156,267.61669921875,338.233642578125,413.7205810546875,894.920166015625,1067.86767578125,1041.314208984375,777.8856201171875,438.63031005859375,584.2996826171875,708.1646728515625,648.8634643554688,250.540771484375,360.2738342285156,615.8292846679688,622.7158813476562,52.81721496582031,151.88021850585938,560.5734252929688,772.1444091796875
8.333334,500,223.899169921875,149.47537231445312,288.2059326171875,360.15203857421875,462.55517578125,302.896484375,446.4353332519531,531.608154296875,407.4576416015625,191.8751678466797,303.8164367675781,480.8111572265625,1131.924560546875,1187.4527587890625,1260.7886962890625,1224.51904296875,513.4970703125,526.5322875976562,690.7269897460938,829.1038208007812,272.7449951171875,308.9815979003906,480.3996887207031,595.9712524414062,91.83118438720703,130.03347778320312,375.44207763671875,721.5001220703125
8.350000,501,196.60186767578125,263.5003662109375,403.4146423339844,354.1511535644531,446.1353454589844,484.4536437988281,584.5502319335938,531.9391479492188,371.8563537597656,271.82684326171875,311.2467041015625,395.43682861328125,810.5751342773438,1054.7093505859375,948.3168334960938,724.5465087890625,427.90081787109375,641.4746704101562,650.974609375,625.6866455078125,260.3923645019531,408.3099670410156,597.05322265625,643.0198364257812,36.516178131103516,200.32199096679688,584.4932861328125,829.192626953125
8.366667,502,231.79127502441406,159.9368438720703,305.42266845703125,363.42974853515625,475.85845947265625,323.7958984375,477.68426513671875,536.9102783203125,415.74969482421875,197.5585174560547,314.16107177734375,475.771240234375,1138.159423828125,1225.3280029296875,1309.4656982421875,1211.0667724609375,511.532470703125,540.6657104492188,722.459228515625,815.9243774414062,273.54241943359375,324.7539978027344,509.54931640625,593.8969116210938,87.72674560546875,134.45213317871094,400.15765380859375,721.8262329101562
8.383334,503,249.2343292236328,251.54702758789062,405.20550537109375,366.47662353515625,497.77899169921875,432.0352478027344,563.8734130859375,520.2632446289062,427.28033447265625,284.4544982910156,353.3113098144531,416.5821228027344,966.63427734375,1147.4161376953125,1115.5557861328125,789.848388671875,472.1164245605469,595.3936157226562,720.6222534179688,637.9879760742188,259.4196472167969,326.10357666015625,556.1233520507812,584.4619140625,57.28207015991211,120.83490753173828,506.7518005371094,718.7944946289062
8.400000,504,227.79405212402344,158.2095184326172,300.09588623046875,366.5144958496094,467.4363708496094,319.2397155761719,463.37921142578125,539.4697265625,407.6044006347656,196.42063903808594,307.5185546875,481.59759521484375,1130.835205078125,1213.5601806640625,1284.5211181640625,1219.177978515625,510.768798828125,552.359130859375,716.6151123046875,827.1893310546875,272.1944885253906,329.0466613769531,492.2536315917969,587.9903564453125,89.55606842041016,140.48085021972656,380.1473388671875,721.5144653320312
8.416667,505,208.4168701171875,275.84295654296875,420.091796875,347.7042236328125,458.0940856933594,487.54144287109375,606.321044921875,529.6708984375,389.6882019042969,292.83416748046875,337.29083251953125,394.09515380859375,820.2203979492188,1057.874755859375,967.2777709960938,693.6672973632812,439.1628112792969,637.5617065429688,676.140869140625,608.2882080078125,268.7992858886719,403.24285888671875,610.4691772460938,629.7230224609375,49.51265335083008,199.34158325195312,588.6300048828125,791.3187255859375
8.433334,506,224.81912231445312,156.32254028320312,297.1352844238281,356.936767578125,462.76947021484375,317.5595703125,462.89373779296875,525.4971923828125,407.8608703613281,200.9692840576172,311.4788818359375,470.99066162109375,1133.2841796875,1231.4661865234375,1300.1500244140625,1204.1416015625,507.4324035644531,554.3977661132812,718.4234008789062,810.6151733398438,259.9641418457031,318.21868896484375,482.4124755859375,573.6004638671875,74.60309600830078,121.83374786376953,367.8029479980469,700.035400390625
8.450000,507,251.85536193847656,259.7878723144531,413.2691955566406,359.8929443359375,506.4807434082031,452.55792236328125,590.3656616210938,519.6428833007812,432.74151611328125,297.6349182128906,365.721435546875,410.0393371582031,957.64453125,1135.40625,1106.88134765625,762.0121459960938,467.87738037109375,597.2637939453125,735.94921875,622.5242919921875,255.00218200683594,328.34075927734375,569.4323120117188,574.8605346679688,61.33057403564453,137.90078735351562,520.8892822265625,699.0413818359375
8.466667,508,225.16012573242188,153.68943786621094,291.0512390136719,356.5692443847656,463.70166015625,314.9997253417969,457.266357421875,525.1027221679688,408.2801208496094,201.16799926757812,309.8324890136719,472.87799072265625,1125.7537841796875,1213.6329345703125,1279.3699951171875,1198.4071044921875,510.8226013183594,548.3519287109375,708.5454711914062,807.568603515625,270.0659484863281,326.87451171875,491.0211486816406,579.4029541015625,89.2122802734375,141.30833435058594,376.1620178222656,701.5277099609375
8.483334,509,208.74600219726562,277.1866455078125,407.080078125,345.646240234375,458.6372375488281,498.12078857421875,587.8314819335938,512.6616821289062,386.8839111328125,287.2174377441406,318.3539733886719,385.10333251953125,831.1871337890625,1066.767333984375,947.5138549804688,710.9006958007812,450.854248046875,645.6148681640625,643.5205688476562,602.3638916015625,268.0393981933594,388.31878662109375,572.7731323242188,624.7677001953125,40.82236099243164,185.55625915527344,568.7722778320312,801.7025756835938
8.500000,510,224.71778869628906,167.6500701904297,305.1809387207031,352.37762451171875,468.8351745605469,335.1479797363281,470.91412353515625,523.8309936523438,407.2469177246094,203.1486358642578,306.1170349121094,465.43011474609375,1126.0341796875,1217.37744140625,1275.067138671875,1195.4539794921875,514.374755859375,557.4611206054688,702.8140869140625,801.61279296875,276.7475891113281,306.06048583984375,469.2200012207031,580.859130859375,82.89322662353516,127.99192810058594,382.0195007324219,706.1767578125
8.516667,511,275.5638732910156,278.1969299316406,431.9687194824219,375.7502136230469,537.1146240234375,466.8730773925781,599.3869018554688,530.3486938476562,455.16571044921875,305.9620056152344,371.6216125488281,417.577880859375,1009.7652587890625,1190.9677734375,1151.623779296875,785.4198608398438,498.05755615234375,612.7049560546875,737.0337524414062,622.3877563476562,267.4268798828125,282.88916015625,494.5522155761719,552.2593383789062,58.81712341308594,92.20297241210938,468.28863525390625,678.2184448242188
8.533334,512,231.25808715820312,160.1857452392578,300.0032043457031,367.9374694824219,479.2362976074219,323.3483581542969,456.7425231933594,544.5291137695312,412.85791015625,196.75521850585938,301.35699462890625,483.11419677734375,1130.939697265625,1184.393310546875,1239.9239501953125,1211.8883056640625,512.4653930664062,533.3200073242188,673.7987060546875,815.4120483398438,272.15966796875,317.1785583496094,466.97552490234375,583.2926635742188,88.84940338134766,130.71165466308594,362.4388732910156,717.0768432617188
8.550000,513,228.9713592529297,207.06138610839844,350.9028625488281,331.9748229980469,468.53863525390625,378.3492431640625,517.3976440429688,485.8111572265625,411.98553466796875,252.00711059570312,326.3453369140625,393.431396484375,925.9129028320312,1060.2498779296875,1063.48974609375,776.7578735351562,437.8968811035156,517.762939453125,667.9402465820312,609.2442626953125,264.59967041015625,320.36260986328125,575.0911865234375,572.255126953125,86.70770263671875,143.973876953125,518.7879028320312,691.0218505859375
8.566667,514,207.72354125976562,117.94811248779297,247.58050537109375,330.3587646484375,419.6736145019531,239.54490661621094,389.2022705078125,483.64910888671875,355.3335876464844,144.55337524414062,257.9509582519531,420.271484375,1042.9786376953125,1088.5836181640625,1190.783935546875,1129.325927734375,424.4971923828125,424.7137756347656,594.5040893554688,710.37841796875,217.13800048828125,278.3887023925781,419.39959716796875,469.0013122558594,61.824710845947266,88.14836883544922,289.34912109375,573.9957275390625
8.583334,515,184.04701232910156,150.5814666748047,229.67233276367188,267.22247314453125,385.4682922363281,284.7179870605469,350.5170593261719,388.43505859375,341.3588562011719,206.087890625,243.25914001464844,321.6161193847656,844.656005859375,934.8978271484375,883.9718627929688,713.0321044921875,380.8049621582031,373.3395080566406,419.56561279296875,477.24774169921875,189.36712646484375,223.3809356689453,359.7270202636719,407.43084716796875,44.75525665283203,65.4689712524414,318.9847106933594,514.9208984375
8.600000,516,167.55227661132812,64.67910766601562,187.7730255126953,307.63690185546875,321.9832763671875,130.5664825439453,289.1638488769531,432.9623718261719,285.9328918457031,85.21743774414062,209.98226928710938,395.03094482421875,875.5607299804688,863.4927978515625,1023.8605346679688,1045.43505859375,344.51361083984375,291.7091369628906,509.05657958984375,702.3735961914062,209.6775665283203,262.4039306640625,435.9854736328125,476.4387512207031,82.4726791381836,117.9320068359375,334.9467468261719,580.7256469726562
8.616667,517,163.9703369140625,159.92449951171875,190.51657104492188,211.8245391845703,293.27911376953125,252.67697143554688,265.05877685546875,255.90428161621094,287.4089660644531,223.55918884277344,234.9495849609375,264.5284729003906,834.0218505859375,911.2865600585938,852.4005126953125,709.5986328125,363.78790283203125,309.0787353515625,328.2076721191406,398.5274353027344,166.24942016601562,158.85926818847656,235.46311950683594,289.27655029296875,47.60703659057617,86.35504150390625,216.79872131347656,331.830078125
8.633334,518,124.14054107666016,48.33677291870117,146.72962951660156,267.74700927734375,239.80508422851562,102.11173248291016,223.74720764160156,366.5379638671875,223.16773986816406,77.4604721069336,174.18287658691406,348.07025146484375,755.8931884765625,718.9899291992188,831.5499877929688,933.2423095703125,273.72442626953125,214.66845703125,370.3331298828125,611.3779907226562,147.5546417236328,223.4663848876953,351.35772705078125,406.3639831542969,50.65901565551758,120.33424377441406,291.8561096191406,527.030517578125
8.650000,519,105.55508422851562,95.04597473144531,144.8717498779297,186.94012451171875,196.19236755371094,155.45814514160156,231.68617248535156,257.03826904296875,201.4477081298828,155.20936584472656,201.78416442871094,252.1361083984375,607.5260620117188,681.0375366210938,716.586669921875,652.92431640625,268.7745666503906,210.05462646484375,303.0279541015625,408.01312255859375,153.32521057128906,132.29515075683594,296.1759033203125,326.4620666503906,81.83897399902344,137.04745483398438,333.2748718261719,394.1328125
8.666667,520,61.80150604248047,17.888877868652344,90.50857543945312,225.1512908935547,110.71122741699219,42.692596435546875,141.49501037597656,301.2685546875,121.50223541259766,46.7103271484375,122.75033569335938,292.9351501464844,452.8365173339844,449.40325927734375,548.742431640625,743.9526977539062,154.73886108398438,122.86717987060547,229.06565856933594,516.1485595703125,96.05105590820312,199.70846557617188,310.80267333984375,360.3115234375,29.743133544921875,140.36851501464844,315.5942687988281,508.9519958496094
8.683334,521,70.1941909790039,53.64548873901367,95.56236267089844,156.4567108154297,114.52860260009766,79.0184555053711,157.39694213867188,206.2495574951172,132.8877716064453,104.35920715332031,157.67022705078125,222.16812133789062,467.08270263671875,482.4075012207031,547.09619140625,598.8068237304688,212.50015258789062,155.0122528076172,262.134521484375,409.9767150878906,155.72738647460938,179.39683532714844,348.62103271484375,315.596923828125,102.017822265625,194.6695098876953,384.55072021484375,397.3119201660156
8.700000,522,35.34457778930664,7.212701320648193,56.84550476074219,148.7938232421875,47.150001525878906,9.80519962310791,77.72600555419922,182.89805603027344,78.38836669921875,40.25558853149414,96.3953628540039,204.5484161376953,364.770263671875,332.61822509765625,411.40411376953125,587.6458740234375,121.2146224975586,84.36624145507812,171.62130737304688,397.618408203125,96.15666961669922,202.0320281982422,341.233642578125,305.5322570800781,53.19996643066406,175.78201293945312,359.72674560546875,441.9786071777344
8.716667,523,44.30356216430664,6.770040988922119,45.55982971191406,137.04026794433594,71.07476043701172,15.093145370483398,86.25489807128906,187.65335083007812,76.98967742919922,39.792476654052734,88.94342041015625,184.18714904785156,353.05615234375,312.8692321777344,382.19329833984375,531.36376953125,123.80982971191406,56.48833465576172,138.0675048828125,345.1385192871094,99.97098541259766,128.9131317138672,247.7349853515625,242.6009521484375,69.37676239013672,138.0095672607422,292.0756530761719,347.9837646484375
8.733334,524,24.05507469177246,-4.628064155578613,23.96581268310547,84.28910827636719,34.43562698364258,0.9397876262664795,39.5927848815918,111.1342544555664,45.09569549560547,29.249248504638672,57.80205535888672,117.86006164550781,226.69451904296875,188.0472869873047,225.385498046875,346.59613037109375,75.34168243408203,32.290523529052734,73.3998794555664,236.62632751464844,75.24809265136719,109.24674987792969,178.707763671875,168.98350524902344,53.43628692626953,121.0592041015625,212.5687713623047,265.7302551269531
8.750000,525,14.51010799407959,1.268288254737854,24.183534622192383,35.38631820678711,24.167448043823242,11.598926544189453,39.180198669433594,53.763423919677734,29.776325225830078,23.159149169921875,44.6513671875,52.83955764770508,128.89915466308594,78.94384002685547,95.68081665039062,148.6527099609375,60.35301208496094,23.62199592590332,53.682098388671875,113.32462310791016,41.62322235107422,67.55288696289062,145.99826049804688,73.5496826171875,17.22574806213379,28.821090698242188,143.8944091796875,134.57003784179688
8.766667,526,-0.6112897992134094,10.257246017456055,13.310832023620605,4.385505676269531,0.2976289689540863,10.917403221130371,19.459753036499023,16.611919403076172,11.817301750183105,23.908767700195312,25.255008697509766,24.39977264404297,36.32794952392578,34.280487060546875,30.217470169067383,27.90498161315918,15.137508392333984,19.8243408203125,24.156970977783203,26.529632568359375,3.431537628173828,16.501890182495117,27.765548706054688,-0.22212444245815277,-4.360121250152588,0.08654657751321793,14.01285457611084,-0.6904630064964294
8.783334,527,6.762967586517334,14.754678726196289,14.628992080688477,15.806635856628418,1.3756318092346191,15.391535758972168,27.655195236206055,17.16602325439453,8.599935531616211,24.453510284423828,34.578975677490234,31.81255340576172,3.3966848850250244,14.312331199645996,35.2772331237793,58.64409255981445,2.1203510761260986,0.7045834064483643,24.573551177978516,48.97221374511719,2.271397829055786,2.33813214302063,10.773956298828125,3.115980863571167,3.310492515563965,-1.18874990940094,3.237640380859375,1.5656325817108154
8.800000,528,6.9013166427612305,13.32448673248291,11.193716049194336,9.058919906616211,6.097093105316162,15.277981758117676,21.253942489624023,11.180908203125,5.780369758605957,27.127399444580078,33.2047119140625,18.4697265625,-1.078350305557251,15.962364196777344,29.04524040222168,32.1406135559082,2.6584081649780273,-2.890857458114624,12.607845306396484,31.14544677734375,1.606631875038147,0.3004729151725769,8.725950241088867,3.9950785636901855,2.3791027069091797,-0.692101776599884,3.8224358558654785,1.8934326171875
8.816667,529,6.758181571960449,13.1871919631958,11.011164665222168,8.816106796264648,6.142031192779541,15.121407508850098,20.863113403320312,11.034721374511719,5.757340431213379,27.09090805053711,33.03935623168945,18.17058563232422,-1.0926072597503662,16.01089859008789,28.777687072753906,31.528852462768555,2.6531152725219727,-2.8999574184417725,12.332630157470703,30.623945236206055,1.6192502975463867,0.22582155466079712,8.659192085266113,3.9846975803375244,2.3428585529327393,-0.6647611260414124,3.858891487121582,1.8354766368865967
8.833334,530,6.70046854019165,13.171806335449219,10.971840858459473,8.753024101257324,6.16832160949707,15.14294719696045,20.873382568359375,11.067646980285645,5.66048526763916,27.050655364990234,32.96731185913086,17.993122100830078,-1.1920216083526611,16.045183181762695,28.782459259033203,31.3349609375,2.6387689113616943,-2.91452956199646,12.255914688110352,30.571781158447266,1.6022354364395142,0.18357402086257935,8.55530834197998,3.973768711090088,2.31624436378479,-0.7231859564781189,3.738755226135254,1.7354347705841064
8.850000,531,6.660722255706787,13.163145065307617,10.94426441192627,8.651236534118652,6.2329607009887695,15.120890617370605,20.790035247802734,11.0123291015625,5.629392623901367,27.02151870727539,32.85129928588867,17.785863876342773,-1.1892461776733398,16.031160354614258,28.671594619750977,31.027841567993164,2.6112849712371826,-2.9335062503814697,12.141005516052246,30.32437515258789,1.5875059366226196,0.15454263985157013,8.472004890441895,3.9128291606903076,2.294766426086426,-0.7407246232032776,3.6869311332702637,1.5746846199035645
8.866667,532,6.612061500549316,13.176728248596191,10.939706802368164,8.606916427612305,6.21513032913208,15.158865928649902,20.792566299438477,11.023323059082031,5.5834550857543945,27.057212829589844,32.851722717285156,17.70042610168457,-1.1913740634918213,16.078895568847656,28.667051315307617,30.946006774902344,2.5991384983062744,-2.910080671310425,12.083757400512695,30.273555755615234,1.559138536453247,0.13258308172225952,8.410738945007324,3.9025802612304688,2.2856698036193848,-0.7620346546173096,3.6138243675231934,1.5152010917663574
8.883334,533,6.613357067108154,13.143169403076172,10.903633117675781,8.571005821228027,6.249367713928223,15.128317832946777,20.714418411254883,10.975172996520996,5.594443321228027,27.07741928100586,32.85224533081055,17.650434494018555,-1.1978635787963867,16.082809448242188,28.61241340637207,30.809764862060547,2.611954689025879,-2.9287919998168945,12.034303665161133,30.16425132751465,1.5727298259735107,0.12444260716438293,8.432676315307617,3.913019895553589,2.278059720993042,-0.7449241876602173,3.6672587394714355,1.5274138450622559
8.900000,534,6.593151092529297,13.178044319152832,10.908576965332031,8.508240699768066,6.337467193603516,15.216462135314941,20.778860092163086,10.990756034851074,5.532519340515137,27.08791732788086,32.78727722167969,17.456132888793945,-1.2370598316192627,16.127897262573242,28.627887725830078,30.59654426574707,2.6018729209899902,-2.939154624938965,11.966732025146484,30.053855895996094,1.5301779508590698,0.08679638057947159,8.34314250946045,3.8511266708374023,2.2433431148529053,-0.7958120107650757,3.5718579292297363,1.3388147354125977
8.916667,535,6.53953742980957,13.17138957977295,10.884093284606934,8.444778442382812,6.342459201812744,15.217394828796387,20.727277755737305,10.978769302368164,5.501422882080078,27.08089828491211,32.73413848876953,17.332508087158203,-1.2332496643066406,16.131820678710938,28.562358856201172,30.433488845825195,2.5807392597198486,-2.9365739822387695,11.892329216003418,29.9260196685791,1.5347743034362793,0.07360433042049408,8.263278007507324,3.820870876312256,2.240802764892578,-0.8071532249450684,3.5222229957580566,1.247739553451538
8.933334,536,6.521781921386719,13.13335132598877,10.839906692504883,8.399389266967773,6.374511241912842,15.208786010742188,20.681955337524414,10.96133041381836,5.45419979095459,27.054462432861328,32.677528381347656,17.20703887939453,-1.2890512943267822,16.107351303100586,28.484464645385742,30.23356056213379,2.5769433975219727,-2.9578025341033936,11.802451133728027,29.812034606933594,1.532608985900879,0.04790093004703522,8.229201316833496,3.827723503112793,2.2162537574768066,-0.8425711393356323,3.4984045028686523,1.235964059829712
8.950000,537,6.458244323730469,13.102928161621094,10.785927772521973,8.295272827148438,6.407211780548096,15.186685562133789,20.557031631469727,10.910811424255371,5.42642879486084,27.064010620117188,32.607444763183594,17.03658676147461,-1.2740857601165771,16.142780303955078,28.369670867919922,29.968185424804688,2.5663411617279053,-2.944139003753662,11.680209159851074,29.58224105834961,1.524923324584961,0.024122223258018494,8.169353485107422,3.8001880645751953,2.1923770904541016,-0.8343982696533203,3.486170768737793,1.1507344245910645
8.966667,538,6.40966272354126,13.062479972839355,10.748421669006348,8.235702514648438,6.418275833129883,15.19832992553711,20.55025863647461,10.91756534576416,5.327276229858398,26.990543365478516,32.48583984375,16.844831466674805,-1.3398997783660889,16.096115112304688,28.28148078918457,29.74030876159668,2.5432724952697754,-2.9492385387420654,11.600767135620117,29.47065544128418,1.4984536170959473,-0.016394227743148804,8.09401798248291,3.7714109420776367,2.1507437229156494,-0.8886764645576477,3.4041218757629395,1.030395746231079
8.983334,539,6.389720916748047,13.060972213745117,10.707639694213867,8.147970199584961,6.445781707763672,15.207517623901367,20.450653076171875,10.850521087646484,5.320587158203125,27.075965881347656,32.501102447509766,16.719484329223633,-1.3460602760314941,16.176841735839844,28.22987174987793,29.491220474243164,2.5487008094787598,-2.9563353061676025,11.472204208374023,29.269235610961914,1.5080996751785278,-0.020461231470108032,8.065546989440918,3.77998948097229,2.1514434814453125,-0.8696340322494507,3.3938026428222656,1.0329418182373047
9.000000,540,6.384429931640625,13.02853775024414,10.672581672668457,8.082877159118652,6.49323844909668,15.248276710510254,20.456554412841797,10.822868347167969,5.220947265625,27.03036880493164,32.3922233581543,16.504924774169922,-1.429950475692749,16.145126342773438,28.141498565673828,29.207843780517578,2.5331499576568604,-2.9706428050994873,11.36424446105957,29.112939834594727,1.4763729572296143,-0.0600581020116806,8.020163536071777,3.7661240100860596,2.1061160564422607,-0.912479817867279,3.3346028327941895,0.9599623680114746
9.016667,541,6.349421501159668,13.013425827026367,10.648783683776855,8.056953430175781,6.475565433502197,15.230535507202148,20.375520706176758,10.80731201171875,5.2303876876831055,27.081588745117188,32.41671371459961,16.487144470214844,-1.3957579135894775,16.17719078063965,28.091922760009766,29.157739639282227,2.5367794036865234,-2.953660011291504,11.312755584716797,29.047630310058594,1.4889622926712036,-0.06501169502735138,8.003997802734375,3.776548385620117,2.1075565814971924,-0.9066669940948486,3.3453869819641113,0.966414749622345
9.033334,542,6.326752662658691,13.00396728515625,10.617855072021484,7.994163513183594,6.540715217590332,15.269619941711426,20.356483459472656,10.798118591308594,5.185970306396484,27.085193634033203,32.35369873046875,16.3291072845459,-1.4178698062896729,16.180980682373047,28.0122013092041,28.917842864990234,2.5216033458709717,-2.9566810131073,11.224096298217773,28.878801345825195,1.4776442050933838,-0.09131981432437897,7.961638927459717,3.7523293495178223,2.083008050918579,-0.9145984053611755,3.335360527038574,0.8855242729187012
9.050000,543,6.319277763366699,12.98996639251709,10.596603393554688,7.950680255889893,6.540506362915039,15.25412654876709,20.289531707763672,10.74657917022705,5.17548942565918,27.127639770507812,32.364463806152344,16.27015495300293,-1.4307730197906494,16.236845016479492,28.004159927368164,28.792760848999023,2.529974937438965,-2.9614574909210205,11.167675971984863,28.78469467163086,1.469819188117981,-0.10395519435405731,7.971312999725342,3.7622129917144775,2.082695722579956,-0.8943002223968506,3.335970878601074,0.8882085084915161
9.066667,544,6.281709671020508,12.942586898803711,10.556967735290527,7.907805442810059,6.502623081207275,15.2611722946167,20.259424209594727,10.749964714050293,5.065614700317383,27.07406997680664,32.2706298828125,16.122957229614258,-1.5139131546020508,16.20257568359375,27.909820556640625,28.609434127807617,2.510869264602661,-2.959609270095825,11.068960189819336,28.708791732788086,1.4657429456710815,-0.1282961219549179,7.9189348220825195,3.778290033340454,2.057802438735962,-0.9325089454650879,3.255974292755127,0.8871526718139648
9.083334,545,6.283439636230469,12.95677661895752,10.543349266052246,7.881268501281738,6.551262378692627,15.2877836227417,20.216720581054688,10.729764938354492,5.097652435302734,27.19156265258789,32.3438606262207,16.10298728942871,-1.4789319038391113,16.285730361938477,27.91730499267578,28.52748680114746,2.54101824760437,-2.9566798210144043,11.010293006896973,28.62444496154785,1.4755827188491821,-0.13174472749233246,7.915323257446289,3.7873082160949707,2.0676190853118896,-0.9007711410522461,3.280409812927246,0.8894463181495667
9.100000,546,6.26892614364624,12.919757843017578,10.515532493591309,7.8515777587890625,6.542990684509277,15.2782621383667,20.203662872314453,10.728336334228516,5.034564971923828,27.136661529541016,32.27818298339844,16.000011444091797,-1.53721284866333,16.207902908325195,27.81400489807129,28.39359474182129,2.5170536041259766,-2.9528515338897705,10.96359634399414,28.56377601623535,1.4761936664581299,-0.14158792793750763,7.8914361000061035,3.800382375717163,2.034195899963379,-0.9351639747619629,3.2614874839782715,0.8853698968887329
9.116667,547,6.233937740325928,12.859753608703613,10.421466827392578,7.734448432922363,6.570775508880615,15.250527381896973,20.015443801879883,10.61594295501709,5.006142616271973,27.18360137939453,32.219512939453125,15.803791999816895,-1.5577929019927979,16.256519317626953,27.65339469909668,27.973098754882812,2.5187363624572754,-2.97487211227417,10.748099327087402,28.224464416503906,1.4837844371795654,-0.17220379412174225,7.856463432312012,3.814756393432617,2.0291101932525635,-0.9120343923568726,3.2633748054504395,0.9001511931419373
9.133334,548,6.217411518096924,12.82567024230957,10.389914512634277,7.686898231506348,6.545476913452148,15.244282722473145,19.966032028198242,10.592844009399414,4.931591987609863,27.148300170898438,32.136634826660156,15.681940078735352,-1.6030709743499756,16.23856544494629,27.560630798339844,27.816850662231445,2.4953131675720215,-2.955793619155884,10.676925659179688,28.123096466064453,1.4803440570831299,-0.18532787263393402,7.835483551025391,3.823340892791748,2.009638547897339,-0.9208495020866394,3.2303547859191895,0.9068710207939148
9.150000,549,6.227954387664795,12.822115898132324,10.3829345703125,7.679479122161865,6.559382438659668,15.293110847473145,19.969480514526367,10.582048416137695,4.88588809967041,27.235321044921875,32.192283630371094,15.616338729858398,-1.6402103900909424,16.27497673034668,27.548110961914062,27.693435668945312,2.505690336227417,-2.9600775241851807,10.611699104309082,28.07335662841797,1.4698278903961182,-0.21666525304317474,7.846046447753906,3.861473321914673,2.004793405532837,-0.9183326363563538,3.2350292205810547,0.9308385252952576
9.166667,550,6.203806400299072,12.779603004455566,10.321792602539062,7.599210739135742,6.563551425933838,15.285774230957031,19.852310180664062,10.51390552520752,4.8556671142578125,27.29488754272461,32.180477142333984,15.47996711730957,-1.6555135250091553,16.303369522094727,27.423933029174805,27.43731117248535,2.506120443344116,-2.951054573059082,10.466739654541016,27.870250701904297,1.478993535041809,-0.22543294727802277,7.817558765411377,3.886382579803467,1.9903066158294678,-0.9073747396469116,3.2280282974243164,0.9630736708641052
9.183334,551,6.225461006164551,12.765562057495117,10.3036527633667,7.568889141082764,6.561410427093506,15.308577537536621,19.834646224975586,10.47343921661377,4.819515228271484,27.30780792236328,32.14226150512695,15.3890380859375,-1.6742348670959473,16.274093627929688,27.339305877685547,27.28620147705078,2.48976731300354,-2.9455437660217285,10.401138305664062,27.75162696838379,1.4703232049942017,-0.24205006659030914,7.81470251083374,3.899.483334,569,6.248559474945068,12.339548110961914,9.678956985473633,6.829998970031738,6.55485200881958,15.68002700805664,18.949626922607422,9.565406799316406,4.3709001541137695,28.308631896972656,32.163333892822266,13.682565689086914,-1.9079475402832031,16.502534866333008,25.85308265686035,24.139598846435547,2.326450824737549,-2.8962841033935547,8.6771240234375,25.23971939086914,1.4203095436096191,-0.5282559990882874,7.462832450866699,4.280002593994141,1.9111765623092651,-0.783495306968689,3.1134657859802246,1.4676966667175293
9.500000,570,6.237085819244385,12.319279670715332,9.640548706054688,6.786570072174072,6.532059192657471,15.684587478637695,18.864593505859375,9.490762710571289,4.371683120727539,28.383052825927734,32.178558349609375,13.612874031066895,-1.8804240226745605,16.555755615234375,25.790361404418945,24.009225845336914,2.3033652305603027,-2.8873345851898193,8.599906921386719,25.097095489501953,1.4241554737091064,-0.5495492219924927,7.427332401275635,4.282807350158691,1.9335249662399292,-0.7465117573738098,3.116206169128418,1.463932752609253
9.516667,571,6.2763671875,12.259073257446289,9.553444862365723,6.6757025718688965,6.577384948730469,15.77397346496582,18.80112648010254,9.31940746307373,4.348325729370117,28.54384994506836,32.195945739746094,13.351714134216309,-1.9035630226135254,16.555240631103516,25.56501007080078,23.467599868774414,2.255338668823242,-2.9380667209625244,8.33440113067627,24.64905548095703,1.3998137712478638,-0.5853598713874817,7.374912738800049,4.313924312591553,1.9274564981460571,-0.7236710786819458,3.101045608520508,1.517199993133545
9.533334,572,6.268566608428955,12.2424898147583,9.545172691345215,6.685850620269775,6.565723419189453,15.749493598937988,18.783287048339844,9.320533752441406,4.365400314331055,28.559528350830078,32.2115592956543,13.378484725952148,-1.882293701171875,16.528728485107422,25.5432186126709,23.527568817138672,2.2570929527282715,-2.9135706424713135,8.365094184875488,24.683368682861328,1.4008454084396362,-0.6018401384353638,7.37209415435791,4.312140941619873,1.9158210754394531,-0.7191498875617981,3.115649700164795,1.4864988327026367
9.550000,573,6.27155876159668,12.201289176940918,9.478508949279785,6.6165080070495605,6.569138526916504,15.824997901916504,18.7242431640625,9.226841926574707,4.351507186889648,28.688613891601562,32.23284149169922,13.22426986694336,-1.882852554321289,16.559215545654297,25.38977813720703,23.2142391204834,2.2332890033721924,-2.9218533039093018,8.168573379516602,24.405872344970703,1.385344386100769,-0.6236523389816284,7.3095197677612305,4.344950199127197,1.9127238988876343,-0.7083206176757812,3.088311195373535,1.5557799339294434
9.566667,574,6.28948974609375,12.245899200439453,9.548702239990234,6.688573837280273,6.555134296417236,15.825037956237793,18.817060470581055,9.319104194641113,4.330376625061035,28.62158203125,32.225833892822266,13.322742462158203,-1.8911488056182861,16.51639175415039,25.47809600830078,23.463571548461914,2.238525152206421,-2.8944389820098877,8.298540115356445,24.628047943115234,1.382272481918335,-0.6234649419784546,7.335512638092041,4.341586112976074,1.9112824201583862,-0.7320881485939026,3.095797538757324,1.5425999164581299
9.583334,575,6.276494979858398,12.162315368652344,9.445908546447754,6.570881366729736,6.533710479736328,15.840229988098145,18.67422866821289,9.137768745422363,4.289902687072754,28.703975677490234,32.19221878051758,13.08609390258789,-1.905498743057251,16.52513885498047,25.256452560424805,23.012554168701172,2.1877028942108154,-2.910548448562622,8.069920539855957,24.238704681396484,1.3584370613098145,-0.662020206451416,7.272999286651611,4.362762451171875,1.9098176956176758,-0.6927160620689392,3.0808377265930176,1.5689473152160645
9.600001,576,6.317719459533691,12.190193176269531,9.447737693786621,6.571780681610107,6.56467866897583,15.959226608276367,18.743764877319336,9.128119468688965,4.3026323318481445,28.868553161621094,32.29853057861328,13.057207107543945,-1.8988635540008545,16.58723258972168,25.271398544311523,22.926679611206055,2.1884148120880127,-2.9107725620269775,8.023844718933105,24.165502548217773,1.3320952653884888,-0.688658595085144,7.278621673583984,4.385042190551758,1.9140373468399048,-0.6859031319618225,3.0932679176330566,1.5964248180389404
9.616667,577,6.3125104904174805,12.134340286254883,9.382364273071289,6.494272232055664,6.546188831329346,15.964902877807617,18.647563934326172,9.000578880310059,4.283967971801758,28.927879333496094,32.273658752441406,12.914324760437012,-1.9017210006713867,16.603742599487305,25.144222259521484,22.667156219482422,2.1569855213165283,-2.9160337448120117,7.88955020904541,23.92521858215332,1.3163548707962036,-0.7188948392868042,7.238877296447754,4.387742042541504,1.9197027683258057,-0.6474865674972534,3.0735669136047363,1.599233865737915
9.633334,578,6.323122024536133,12.137060165405273,9.393017768859863,6.528312683105469,6.556894302368164,15.981280326843262,18.695981979370117,9.054115295410156,4.294683456420898,28.963409423828125,32.320457458496094,12.95293140411377,-1.9078772068023682,16.551315307617188,25.13542938232422,22.718379974365234,2.1590306758880615,-2.922276496887207,7.909106731414795,23.99234962463379,1.3284671306610107,-0.730716347694397,7.2229719161987305,4.404715061187744,1.9109455347061157,-0.6667059659957886,3.0767369270324707,1.6081387996673584
9.650001,579,6.325155258178711,12.103894233703613,9.347516059875488,6.462157726287842,6.527982234954834,16.023157119750977,18.62180519104004,8.935420989990234,4.263662338256836,29.056812286376953,32.328819274902344,12.819258689880371,-1.9077506065368652,16.622425079345703,25.056556701660156,22.509057998657227,2.1330697536468506,-2.9014933109283447,7.792569637298584,23.787595748901367,1.2949883937835693,-0.7683838605880737,7.19698429107666,4.416331768035889,1.921694040298462,-0.6316516399383545,3.0688657760620117,1.6269690990447998
9.666667,580,6.352151870727539,12.074234962463379,9.299418449401855,6.426599502563477,6.521193027496338,16.143836975097656,18.638866424560547,8.878368377685547,4.2097883224487305,29.193214416503906,32.36208724975586,12.66855525970459,-1.9547119140625,16.6104736328125,24.91624641418457,22.231657028198242,2.1027190685272217,-2.899564266204834,7.6283464431762695,23.581024169921875,1.2551852464675903,-0.8280255198478699,7.143052577972412,4.47117805480957,1.9104801416397095,-0.634185254573822,3.049424648284912,1.6998050212860107
9.683334,581,6.336301803588867,12.044981002807617,9.261034965515137,6.3803300857543945,6.532847881317139,16.127792358398438,18.586156845092773,8.798210144042969,4.2766923904418945,29.27938461303711,32.41920852661133,12.648711204528809,-1.890275239944458,16.60752296447754,24.837263107299805,22.10319709777832,2.0729970932006836,-2.933279514312744,7.568930149078369,23.425945281982422,1.262869119644165,-0.8294411301612854,7.116647720336914,4.448428630828857,1.9154318571090698,-0.5849674344062805,3.0599822998046875,1.6609632968902588
9.700001,582,6.376460552215576,12.021526336669922,9.24424934387207,6.36815071105957,6.523355007171631,16.213603973388672,18.622713088989258,8.763761520385742,4.205787658691406,29.323516845703125,32.398284912109375,12.537206649780273,-1.9603221416473389,16.588098526000977,24.771169662475586,21.95943832397461,2.0651392936706543,-2.9107630252838135,7.491901397705078,23.341144561767578,1.213128924369812,-0.8861773610115051,7.104747772216797,4.489994525909424,1.89583158493042,-0.6052556037902832,3.0422420501708984,1.7069854736328125
9.716667,583,6.416681289672852,12.030182838439941,9.226115226745605,6.346535682678223,6.576066493988037,16.33214569091797,18.685815811157227,8.71466064453125,4.236163139343262,29.494003295898438,32.500545501708984,12.46907901763916,-1.9404628276824951,16.601213455200195,24.700651168823242,21.75452995300293,2.0218088626861572,-2.9488589763641357,7.392238140106201,23.152145385742188,1.1893343925476074,-0.9166671633720398,7.07615852355957,4.501786231994629,1.9035468101501465,-0.5761556029319763,3.0589818954467773,1.7324976921081543
9.733334,584,6.378702163696289,12.019027709960938,9.225638389587402,6.351595401763916,6.558284759521484,16.232568740844727,18.60858726501465,8.73353099822998,4.232937812805176,29.38751220703125,32.43901062011719,12.510713577270508,-1.9399280548095703,16.61750602722168,24.740642547607422,21.84778594970703,2.0481479167938232,-2.948106288909912,7.426621913909912,23.23520278930664,1.222486138343811,-0.8843385577201843,7.080268383026123,4.488020420074463,1.912481665611267,-0.5788539052009583,3.044365882873535,1.7215864658355713
9.750001,585,6.395776271820068,11.99691390991211,9.18008041381836,6.304935932159424,6.517176628112793,16.368175506591797,18.634803771972656,8.658919334411621,4.201337814331055,29.553504943847656,32.50151062011719,12.392333030700684,-1.9633738994598389,16.635587692260742,24.639787673950195,21.634628295898438,2.001680612564087,-2.924182415008545,7.3060383796691895,23.04193878173828,1.1613259315490723,-0.956577718257904,7.037896633148193,4.525551795959473,1.911489486694336,-0.5571339130401611,3.0324244499206543,1.7668390274047852
9.766667,586,6.4001288414001465,11.974593162536621,9.148985862731934,6.274020671844482,6.512956142425537,16.391441345214844,18.576099395751953,8.590666770935059,4.174524784088135,29.632144927978516,32.51939392089844,12.303373336791992,-1.9568166732788086,16.68209457397461,24.57929039001465,21.494674682617188,2.0047383308410645,-2.9045073986053467,7.226633548736572,22.923707962036133,1.1446183919906616,-0.9845955967903137,7.018624782562256,4.53913688659668,1.9150246381759644,-0.5332780480384827,3.04237699508667,1.7787144184112549
9.783334,587,6.4066853523254395,11.951604843139648,9.121781349182129,6.267135143280029,6.499995231628418,16.45017433166504,18.590320587158203,8.56493091583252,4.176825523376465,29.740222930908203,32.584774017333984,12.264720916748047,-1.9618470668792725,16.657520294189453,24.499441146850586,21.39049530029297,1.9745068550109863,-2.9112002849578857,7.154874801635742,22.836116790771484,1.1273058652877808,-1.0340712070465088,6.970527172088623,4.567417144775391,1.9142735004425049,-0.5232729911804199,3.039449691772461,1.8045423030853271
9.800001,588,6.3928680419921875,11.942505836486816,9.119731903076172,6.252049446105957,6.479306697845459,16.396160125732422,18.539113998413086,8.54885196685791,4.179714202880859,29.680316925048828,32.52992630004883,12.2694091796875,-1.9474270343780518,16.65659523010254,24.50309944152832,21.429973602294922,1.9780595302581787,-2.8999581336975098,7.175714492797852,22.84361457824707,1.1423007249832153,-1.0134053230285645,6.975860118865967,4.545947551727295,1.9193421602249146,-0.521368145942688,3.026456832885742,1.7824487686157227
9.816667,589,6.4199347496032715,11.925137519836426,9.082953453063965,6.217247009277344,6.48691987991333,16.4952449798584,18.54629898071289,8.468100547790527,4.162805080413818,29.842613220214844,32.59922409057617,12.155827522277832,-1.941110610961914,16.670978546142578,24.394868850708008,21.219615936279297,1.9410183429718018,-2.8921639919281006,7.064300537109375,22.654754638671875,1.1029447317123413,-1.073161244392395,6.935863018035889,4.567996978759766,1.9194754362106323,-0.48381558060646057,3.0409107208251953,1.8027234077453613
9.833334,590,6.436913967132568,11.925545692443848,9.077091217041016,6.227598667144775,6.502618789672852,16.52771759033203,18.55762481689453,8.460348129272461,4.16407585144043,29.920551300048828,32.6556282043457,12.142485618591309,-1.946986198425293,16.692094802856445,24.3963680267334,21.181596755981445,1.9355545043945312,-2.903785467147827,7.0433197021484375,22.638700485229492,1.1047219038009644,-1.1057075262069702,6.916989803314209,4.580033779144287,1.9328229427337646,-0.4685819447040558,3.0518646240234375,1.8085832595825195
9.850001,591,6.428248882293701,11.925863265991211,9.070511817932129,6.187317371368408,6.53328800201416,16.522212982177734,18.560670852661133,8.428760528564453,4.207396507263184,29.912429809570312,32.6521110534668,12.13672924041748,-1.9193222522735596,16.686912536621094,24.37165069580078,21.10256004333496,1.9326133728027344,-2.928860664367676,7.01699161529541,22.54771614074707,1.096289038658142,-1.0622475147247314,6.9399285316467285,4.559382438659668,1.910996437072754,-0.45714250206947327,3.051814556121826,1.7937090396881104
9.866667,592,6.431056976318359,11.873100280761719,9.010011672973633,6.158823490142822,6.501669883728027,16.560001373291016,18.510629653930664,8.374065399169922,4.139554977416992,29.952526092529297,32.61928939819336,12.008646011352539,-1.9790873527526855,16.668014526367188,24.254703521728516,20.900468826293945,1.905184030532837,-2.917534589767456,6.903435707092285,22.408782958984375,1.0759226083755493,-1.1344916820526123,6.875977993011475,4.597578048706055,1.9178447723388672,-0.448696106672287,3.0384507179260254,1.837169885635376
9.883334,593,6.420245170593262,11.856781005859375,8.998151779174805,6.1215739250183105,6.430631160736084,16.580888748168945,18.45220947265625,8.295191764831543,4.107563495635986,30.032657623291016,32.650047302246094,11.943465232849121,-1.9629175662994385,16.713693618774414,24.212413787841797,20.831857681274414,1.8946478366851807,-2.88472056388855,6.841980934143066,22.328153610229492,1.05000901222229,-1.1611744165420532,6.851220607757568,4.605602264404297,1.931619644165039,-0.42187321186065674,3.0249581336975098,1.8494765758514404
9.900001,594,6.418402194976807,11.818848609924316,8.9424467086792,6.0651140213012695,6.49092435836792,16.576305389404297,18.406841278076172,8.235066413879395,4.144443511962891,30.056983947753906,32.623992919921875,11.872335433959961,-1.9444122314453125,16.70694923400879,24.119457244873047,20.622440338134766,1.8838481903076172,-2.9211719036102295,6.744891166687012,22.124038696289062,1.0535725355148315,-1.146896481513977,6.837838172912598,4.592075824737549,1.9230241775512695,-0.39258089661598206,3.020655632019043,1.8465852737426758
9.916667,595,6.4117655754089355,11.79057502746582,8.922313690185547,6.045280933380127,6.452307224273682,16.583967208862305,18.369029998779297,8.183198928833008,4.126789093017578,30.116230010986328,32.652957916259766,11.825373649597168,-1.947160005569458,16.703977584838867,24.06068992614746,20.548072814941406,1.8704655170440674,-2.9125967025756836,6.694276332855225,22.06621742248535,1.0403519868850708,-1.181222915649414,6.808716773986816,4.606285572052002,1.9207419157028198,-0.3774469792842865,3.0152788162231445,1.8517522811889648
9.933334,596,6.439378261566162,11.809635162353516,8.928760528564453,6.071970462799072,6.436982154846191,16.697742462158203,18.45317840576172,8.205082893371582,4.1060004234313965,30.246109008789062,32.737464904785156,11.812764167785645,-1.9500093460083008,16.695377349853516,24.038551330566406,20.552013397216797,1.8468012809753418,-2.8822855949401855,6.6807146072387695,22.06719398498535,1.0094239711761475,-1.2393485307693481,6.780849933624268,4.639950275421143,1.924789547920227,-0.3744884431362152,3.0281901359558105,1.8822031021118164
9.950001,597,6.42251443862915,11.734580039978027,8.845090866088867,5.976923942565918,6.394894123077393,16.73674201965332,18.356351852416992,8.055865287780762,4.087109088897705,30.355690002441406,32.741783142089844,11.658151626586914,-1.9577982425689697,16.715309143066406,23.876846313476562,20.241830825805664,1.8039402961730957,-2.884939670562744,6.500195503234863,21.778892517089844,0.9678918123245239,-1.2960189580917358,6.716576099395752,4.657646656036377,1.9238789081573486,-0.3174390494823456,3.002610683441162,1.9057385921478271
9.966667,598,6.424005031585693,11.784579277038574,8.912860870361328,6.051973819732666,6.40632963180542,16.640220642089844,18.37653160095215,8.168388366699219,4.079471588134766,30.175552368164062,32.66083908081055,11.78019905090332,-1.953117847442627,16.696748733520508,24.01639747619629,20.554134368896484,1.8464105129241943,-2.8568642139434814,6.684699535369873,22.055072784423828,1.0126240253448486,-1.243047833442688,6.775770664215088,4.626418113708496,1.928232192993164,-0.3671016991138458,3.021693229675293,1.8639063835144043
9.983334,599,6.451242446899414,11.765969276428223,8.872356414794922,5.995925426483154,6.436833381652832,16.736845016479492,18.37388801574707,8.063586235046387,4.101761817932129,30.384098052978516,32.772178649902344,11.675052642822266,-1.9370198249816895,16.739269256591797,23.926586151123047,20.277626037597656,1.828045129776001,-2.888122081756592,6.53611946105957,21.812545776367188,0.979231595993042,-1.2793564796447754,6.7453837394714355,4.643125534057617,1.9321545362472534,-0.3130859136581421,3.0239481925964355,1.885416030883789
10.000001,600,6.446106910705566,11.73810863494873,8.84851360321045,5.971148490905762,6.425827980041504,16.711179733276367,18.332393646240234,8.02163028717041,4.084904670715332,30.339969635009766,32.71023178100586,11.621232032775879,-1.927544116973877,16.695056915283203,23.84860610961914,20.192794799804688,1.8120145797729492,-2.8894870281219482,6.502313137054443,21.72756576538086,0.9765075445175171,-1.2837142944335938,6.730095863342285,4.629850387573242,1.9296280145645142,-0.3066185414791107,3.0228652954101562,1.8734636306762695
10.016667,601,6.462355136871338,11.770648956298828,8.871513366699219,5.990540504455566,6.4262003898620605,16.792816162109375,18.403348922729492,8.045661926269531,4.075894355773926,30.406719207763672,32.77060317993164,11.63503360748291,-1.9428839683532715,16.735580444335938,23.891313552856445,20.22036361694336,1.8054397106170654,-2.8812928199768066,6.503454685211182,21.761192321777344,0.9530962705612183,-1.3023643493652344,6.733165264129639,4.649513244628906,1.9329828023910522,-0.31058335304260254,3.02510929107666,1.9060461521148682
10.033334,602,6.445885181427002,11.712883949279785,8.812783241271973,5.936936378479004,6.39754581451416,16.798593521118164,18.324787139892578,7.9625468254089355,4.068064212799072,30.49026107788086,32.79216766357422,11.549689292907715,-1.9592666625976562,16.753629684448242,23.803138732910156,20.049163818359375,1.7890303134918213,-2.88421368598938,6.390751838684082,21.611764907836914,0.9402599334716797,-1.3437436819076538,6.681290626525879,4.671504020690918,1.9347270727157593,-0.2752411961555481,3.0030007362365723,1.9267845153808594
10.050001,603,6.457810401916504,11.734829902648926,8.83470630645752,5.955892562866211,6.42012357711792,16.774208068847656,18.33928680419922,7.988015651702881,4.067076206207275,30.43206024169922,32.75674819946289,11.569074630737305,-1.9525690078735352,16.728147506713867,23.818845748901367,20.094383239746094,1.7871785163879395,-2.8853375911712646,6.441134452819824,21.654417037963867,0.9540597200393677,-1.3287297487258911,6.696795463562012,4.653861045837402,1.9368466138839722,-0.2823198735713959,3.0236129760742188,1.9009604454040527
10.066667,604,6.418856620788574,11.672711372375488,8.764464378356934,5.879785537719727,6.332779884338379,16.788021087646484,18.21622085571289,7.86149787902832,4.051863670349121,30.556583404541016,32.78519058227539,11.463973045349121,-1.9092686176300049,16.7539005279541,23.676362991333008,19.925800323486328,1.756101369857788,-2.842437505722046,6.31751012802124,21.453392028808594,0.9258109331130981,-1.3781522512435913,6.632593631744385,4.663284778594971,1.9434596300125122,-0.22353677451610565,3.009209156036377,1.90543532371521
10.083334,605,6.466617584228516,11.711262702941895,8.804718971252441,5.9184041023254395,6.385913372039795,16.83053970336914,18.304433822631836,7.903943061828613,4.043256759643555,30.559539794921875,32.8021240234375,11.482569694519043,-1.9393720626831055,16.75792121887207,23.74680519104004,19.973934173583984,1.7774684429168701,-2.8536877632141113,6.358942031860352,21.527395248413086,0.9190396070480347,-1.377256989479065,6.669753551483154,4.668467044830322,1.9400780200958252,-0.24511279165744781,3.020709991455078,1.9116542339324951
10.100001,606,6.459132671356201,11.731000900268555,8.807727813720703,5.922258377075195,6.381021022796631,16.890892028808594,18.336139678955078,7.923183441162109,4.051581382751465,30.63837432861328,32.881202697753906,11.50702953338623,-1.959414005279541,16.843605041503906,23.81749725341797,19.98069953918457,1.7783291339874268,-2.857343912124634,6.3462724685668945,21.546628952026367,0.9054592847824097,-1.388967514038086,6.668915271759033,4.691822052001953,1.9564999341964722,-0.23575608432292938,3.016719341278076,1.9489150047302246
10.116667,607,6.4524617195129395,11.656590461730957,8.739869117736816,5.845161437988281,6.332258224487305,16.913524627685547,18.249103546142578,7.791759967803955,4.002820014953613,30.70486831665039,32.8443603515625,11.344342231750488,-1.957383155822754,16.799222946166992,23.622344970703125,19.71047019958496,1.7475416660308838,-2.8391454219818115,6.188721179962158,21.29521942138672,0.8662552833557129,-1.4408702850341797,6.611873626708984,4.705878734588623,1.9433507919311523,-0.19851942360401154,2.997905731201172,1.9653081893920898
10.133334,608,6.479240417480469,11.67133903503418,8.742095947265625,5.839200496673584,6.360661506652832,16.9713134765625,18.294981002807617,7.762665271759033,4.0400495529174805,30.799392700195312,32.91120147705078,11.344259262084961,-1.9219789505004883,16.80903434753418,23.614788055419922,19.676115036010742,1.7306339740753174,-2.8425135612487793,6.189457893371582,21.234817504882812,0.8405859470367432,-1.4573557376861572,6.624954700469971,4.693385601043701,1.9401123523712158,-0.17462649941444397,3.0232901573181152,1.9420032501220703
10.150001,609,6.491045951843262,11.693657875061035,8.755796432495117,5.8516764640808105,6.380173206329346,16.97796630859375,18.29560661315918,7.7694220542907715,4.049294471740723,30.830875396728516,32.933753967285156,11.353511810302734,-1.9030168056488037,16.83457374572754,23.6341609954834,19.694782257080078,1.7319793701171875,-2.8433244228363037,6.195139408111572,21.241649627685547,0.8553335666656494,-1.4552202224731445,6.6168646812438965,4.68880558013916,1.9578083753585815,-0.16138453781604767,3.0334081649780273,1.9397413730621338
10.166667,610,6.465263843536377,11.635368347167969,8.710801124572754,5.792119026184082,6.348773956298828,16.94420051574707,18.2198429107666,7.696646690368652,4.026741027832031,30.805164337158203,32.88408279418945,11.267217636108398,-1.9235758781433105,16.801713943481445,23.53218650817871,19.50905418395996,1.7256832122802734,-2.8665151596069336,6.091841220855713,21.09796142578125,0.8497618436813354,-1.452660322189331,6.591634273529053,4.694927215576172,1.946946382522583,-0.15392190217971802,2.998478889465332,1.9556949138641357
10.183334,611,6.456261157989502,11.646851539611816,8.71476936340332,5.797065734863281,6.3257646560668945,16.942733764648438,18.18752098083496,7.691617488861084,4.0320634841918945,30.844520568847656,32.910499572753906,11.282269477844238,-1.8866567611694336,16.83736228942871,23.536813735961914,19.58048439025879,1.713683843612671,-2.832139492034912,6.1113762855529785,21.122549057006836,0.8570518493652344,-1.4647672176361084,6.569260597229004,4.689024448394775,1.9615662097930908,-0.1360466629266739,3.0124783515930176,1.9481587409973145
10.200001,612,6.4559478759765625,11.639339447021484,8.706766128540039,5.80515193939209,6.349630355834961,16.92933464050293,18.209684371948242,7.718556880950928,4.022700309753418,30.778865814208984,32.86808395385742,11.283823013305664,-1.9251606464385986,16.8082332611084,23.54454803466797,19.567508697509766,1.7172951698303223,-2.8468031883239746,6.125977993011475,21.14307975769043,0.8559579849243164,-1.4613198041915894,6.584702491760254,4.694079399108887,1.949408769607544,-0.14884920418262482,3.0127487182617188,1.9462966918945312
10.216667,613,6.481200218200684,11.619667053222656,8.685002326965332,5.759709358215332,6.314437389373779,17.033462524414062,18.217960357666016,7.624613285064697,4.009275436401367,30.93523406982422,32.93705368041992,11.192211151123047,-1.93410062789917,16.82803726196289,23.464813232421875,19.37803840637207,1.6911067962646484,-2.847723960876465,6.004131317138672,20.96644401550293,0.8045878410339355,-1.5171658992767334,6.548373222351074,4.718242645263672,1.9563981294631958,-0.11979921162128448,2.995810031890869,1.9833128452301025
10.233334,614,6.477511882781982,11.62126350402832,8.683660507202148,5.770632743835449,6.365778923034668,17.018735885620117,18.237266540527344,7.652751922607422,4.051776885986328,30.95205307006836,32.97557067871094,11.23481273651123,-1.9180717468261719,16.83051872253418,23.485034942626953,19.40625762939453,1.6948516368865967,-2.8679938316345215,6.0300726890563965,20.995624542236328,0.8205081224441528,-1.5038361549377441,6.55925178527832,4.713088512420654,1.941962718963623,-0.11312545835971832,3.008676528930664,1.9640345573425293
10.250001,615,6.475420951843262,11.611949920654297,8.68093204498291,5.766639709472656,6.313808441162109,17.040267944335938,18.2114200592041,7.640196323394775,3.988523244857788,30.961429595947266,32.957069396972656,11.181855201721191,-1.9509756565093994,16.849515914916992,23.471860885620117,19.393892288208008,1.7019031047821045,-2.8304481506347656,5.991883754730225,20.992509841918945,0.8035985231399536,-1.5267609357833862,6.540609359741211,4.740359306335449,1.9538147449493408,-0.1219780296087265,2.9889979362487793,2.0114753246307373
10.266667,616,6.461857795715332,11.562761306762695,8.637075424194336,5.710207462310791,6.313656330108643,16.973352432250977,18.10979461669922,7.543888092041016,3.980959415435791,30.922199249267578,32.890045166015625,11.094339370727539,-1.9313933849334717,16.8196964263916,23.371110916137695,19.21909523010254,1.6907286643981934,-2.852496385574341,5.924131870269775,20.834518432617188,0.811004638671875,-1.5219846963882446,6.529516696929932,4.715242862701416,1.9513574838638306,-0.08882372081279755,2.9886631965637207,1.9753565788269043
10.283334,617,6.471982955932617,11.5686674118042,8.634167671203613,5.682610034942627,6.280340194702148,17.094135284423828,18.184324264526367,7.488797664642334,4.014237403869629,31.076946258544922,32.995121002197266,11.07886791229248,-1.8901238441467285,16.799816131591797,23.28722381591797,19.132076263427734,1.6089417934417725,-2.855010986328125,5.872931003570557,20.7038631439209,0.758120059967041,-1.577013373374939,6.485757350921631,4.716116428375244,1.9526394605636597,-0.046979982405900955,2.995309829711914,1.9758458137512207
10.300001,618,6.468332767486572,11.586798667907715,8.644475936889648,5.709964275360107,6.323107719421387,17.04631805419922,18.166078567504883,7.55192756652832,4.023835182189941,31.037384033203125,32.991180419921875,11.130663871765137,-1.909839153289795,16.859281539916992,23.396106719970703,19.227636337280273,1.6821832656860352,-2.852644681930542,5.922565937042236,20.824583053588867,0.7924882173538208,-1.5332216024398804,6.530000686645508,4.722393035888672,1.949625849723816,-0.07556158304214478,2.9988603591918945,1.9811639785766602
10.316667,619,6.46347713470459,11.612749099731445,8.660679817199707,5.746768474578857,6.329989910125732,17.085020065307617,18.218276977539062,7.612486839294434,4.048705101013184,31.096282958984375,33.067176818847656,11.201475143432617,-1.8974919319152832,16.897018432617188,23.458984375,19.327051162719727,1.6916570663452148,-2.8498599529266357,5.953017711639404,20.90987205505371,0.793289303779602,-1.5357003211975098,6.5305047035217285,4.738260269165039,1.9544475078582764,-0.08087559044361115,3.005716323852539,2.0002059936523438
10.333334,620,6.463748931884766,11.583494186401367,8.639549255371094,5.70013952255249,6.316878795623779,17.050777435302734,18.163497924804688,7.5241570472717285,4.045146942138672,31.055049896240234,32.9995002746582,11.124845504760742,-1.8640193939208984,16.816980361938477,23.325984954833984,19.171663284301758,1.6511564254760742,-2.868332624435425,5.896533489227295,20.748085021972656,0.7886403799057007,-1.5322678089141846,6.5094475746154785,4.705492973327637,1.950366497039795,-0.05947661027312279,3.007723808288574,1.9673850536346436
10.350001,621,6.474118709564209,11.559270858764648,8.610910415649414,5.655941009521484,6.313355922698975,17.081127166748047,18.095827102661133,7.44698429107666,4.006955623626709,31.154998779296875,33.02758026123047,11.022086143493652,-1.897087812423706,16.904956817626953,23.308555603027344,19.016626358032227,1.6661791801452637,-2.857389211654663,5.79475212097168,20.631555557250977,0.7726418972015381,-1.5644341707229614,6.488308906555176,4.730566501617432,1.967822551727295,-0.021978992968797684,2.9924840927124023,2.002535820007324
10.366667,622,6.481574535369873,11.548584938049316,8.611922264099121,5.67406702041626,6.283482074737549,17.099830627441406,18.12918472290039,7.4765825271606445,3.952011823654175,31.11827850341797,32.990753173828125,11.003846168518066,-1.9502315521240234,16.86557960510254,23.30771255493164,19.07468032836914,1.6574361324310303,-2.824280261993408,5.823610782623291,20.704526901245117,0.7612546682357788,-1.6035951375961304,6.477889537811279,4.753241062164307,1.959107518196106,-0.04451252147555351,2.9859042167663574,2.018226146697998
10.383334,623,6.464182376861572,11.571621894836426,8.635077476501465,5.707897186279297,6.2770209312438965,17.05203628540039,18.124303817749023,7.519672870635986,3.989534854888916,31.092811584472656,33.009544372558594,11.090137481689453,-1.8925995826721191,16.860795974731445,23.34739875793457,19.23943328857422,1.6600422859191895,-2.8032612800598145,5.91196870803833,20.80957794189453,0.7821855545043945,-1.5796204805374146,6.48942756652832,4.734438896179199,1.9606525897979736,-0.04838745668530464,3.0112528800964355,1.9814279079437256
10.400001,624,6.467777252197266,11.572396278381348,8.632441520690918,5.68951416015625,6.289228916168213,17.049327850341797,18.123151779174805,7.49365234375,4.01166296005249,31.076770782470703,32.98780822753906,11.0825777053833,-1.8726699352264404,16.837087631225586,23.311418533325195,19.195764541625977,1.6399202346801758,-2.822003126144409,5.896886825561523,20.750568389892578,0.7830455303192139,-1.5656981468200684,6.486865520477295,4.712479114532471,1.956035852432251,-0.04228590056300163,3.010915756225586,1.9653980731964111
10.416667,625,6.471513748168945,11.543872833251953,8.59500503540039,5.645766258239746,6.295849800109863,17.104934692382812,18.1058349609375,7.439597129821777,3.9874608516693115,31.15869140625,33.01032638549805,10.988512992858887,-1.9024243354797363,16.8629150390625,23.247888565063477,18.97453498840332,1.646756887435913,-2.840388059616089,5.7727484703063965,20.588909149169922,0.7553877830505371,-1.5837565660476685,6.470752716064453,4.739388465881348,1.9564604759216309,-0.0221649669110775,2.991870880126953,2.01130747795105
